path,true_idx,predicted_idx,confidence,correct,top5_correct,top5_indices
val/00004_Animalia_Arthropoda_Arachnida_Araneae_Agelenidae_Eratigena_duellica/6931c048-61c0-4a2f-9875-357271c2d1bb.jpg,0,146,0.009477640629404493,False,False,"[146, 435, 405, 280, 153]"
val/00004_Animalia_Arthropoda_Arachnida_Araneae_Agelenidae_Eratigena_duellica/787de131-b7ea-495d-b5a5-db7cae615105.jpg,0,297,0.010263421937507556,False,False,"[297, 299, 487, 490, 167]"
val/00004_Animalia_Arthropoda_Arachnida_Araneae_Agelenidae_Eratigena_duellica/81e957ef-663d-4286-8d67-666f2d989282.jpg,0,152,0.010625685038392214,False,False,"[152, 95, 173, 358, 154]"
val/00004_Animalia_Arthropoda_Arachnida_Araneae_Agelenidae_Eratigena_duellica/973bddc6-5d7b-481d-be3e-6435cbc506af.jpg,0,189,0.03146210488653564,False,False,"[189, 34, 228, 241, 4]"
val/00004_Animalia_Arthropoda_Arachnida_Araneae_Agelenidae_Eratigena_duellica/98808a27-d693-4b44-9dcc-a642db7dd0c3.jpg,0,228,0.009531109015825876,False,False,"[228, 212, 240, 206, 109]"
val/00004_Animalia_Arthropoda_Arachnida_Araneae_Agelenidae_Eratigena_duellica/a6da0945-6879-428f-95d2-75997c4b4cc8.jpg,0,40,0.012415611150993926,False,False,"[40, 252, 119, 23, 185]"
val/00004_Animalia_Arthropoda_Arachnida_Araneae_Agelenidae_Eratigena_duellica/c2d6c930-bd9b-408b-90b6-3f992961b88a.jpg,0,329,0.018469037960305038,False,False,"[329, 333, 21, 242, 109]"
val/00004_Animalia_Arthropoda_Arachnida_Araneae_Agelenidae_Eratigena_duellica/d52893e0-9ac3-495c-984f-1f78afac942b.jpg,0,467,0.010787683278283573,False,False,"[467, 485, 469, 376, 225]"
val/00004_Animalia_Arthropoda_Arachnida_Araneae_Agelenidae_Eratigena_duellica/d958dbb3-71d0-496f-88a9-6c2deac5b272.jpg,0,243,0.02301403922475956,False,False,"[243, 40, 221, 186, 230]"
val/00004_Animalia_Arthropoda_Arachnida_Araneae_Agelenidae_Eratigena_duellica/f829a40d-e78f-4ccb-a2ec-69aa20f99de7.jpg,0,309,0.01707841703689671,False,False,"[309, 329, 306, 242, 426]"
val/00011_Animalia_Arthropoda_Arachnida_Araneae_Araneidae_Araneus_quadratus/30082b45-d7bf-4bf3-adfe-022955e17013.jpg,1,76,0.009475260945930337,False,False,"[76, 174, 157, 17, 106]"
val/00011_Animalia_Arthropoda_Arachnida_Araneae_Araneidae_Araneus_quadratus/71807dc3-1440-4582-9609-8a47a97d3078.jpg,1,292,0.01689899209476981,False,False,"[292, 295, 487, 10, 465]"
val/00011_Animalia_Arthropoda_Arachnida_Araneae_Araneidae_Araneus_quadratus/79070490-58a4-4a6d-8d0a-68bfe7faeba5.jpg,1,222,0.00979565778976243,False,False,"[222, 208, 153, 468, 54]"
val/00011_Animalia_Arthropoda_Arachnida_Araneae_Araneidae_Araneus_quadratus/8151844a-481f-4cc4-b4bd-c8153f87b1ec.jpg,1,444,0.009551466124973243,False,False,"[444, 105, 414, 151, 345]"
val/00011_Animalia_Arthropoda_Arachnida_Araneae_Araneidae_Araneus_quadratus/9e69a3fc-43a7-4cc8-9c06-af1489dbcf99.jpg,1,47,0.02251808057191607,False,False,"[47, 284, 131, 165, 80]"
val/00011_Animalia_Arthropoda_Arachnida_Araneae_Araneidae_Araneus_quadratus/b5937f38-8fe8-4d90-868f-56746ad64c1c.jpg,1,329,0.02566794754907494,False,False,"[329, 177, 216, 271, 233]"
val/00011_Animalia_Arthropoda_Arachnida_Araneae_Araneidae_Araneus_quadratus/c58c2c17-9211-4507-819c-07af1b07ce7e.jpg,1,444,0.009181748493856102,False,False,"[444, 378, 392, 389, 445]"
val/00011_Animalia_Arthropoda_Arachnida_Araneae_Araneidae_Araneus_quadratus/c9c1d1e4-f5bb-4c2b-b59b-35a71708bfda.jpg,1,297,0.011035931800555107,False,False,"[297, 478, 299, 465, 414]"
val/00011_Animalia_Arthropoda_Arachnida_Araneae_Araneidae_Araneus_quadratus/fb11bddd-4c10-406e-af9d-38d84d585451.jpg,1,464,0.010892100832500976,False,False,"[464, 415, 396, 307, 2]"
val/00011_Animalia_Arthropoda_Arachnida_Araneae_Araneidae_Araneus_quadratus/fdad9b4b-534f-4fcf-9ba7-3bf45578d02c.jpg,1,230,0.0158922097671873,False,False,"[230, 175, 0, 221, 224]"
val/00054_Animalia_Arthropoda_Arachnida_Araneae_Dysderidae_Dysdera_crocata/01f8a929-dea6-49d0-81f8-1fd5c725d61a.jpg,2,364,0.014936150090458025,False,False,"[364, 242, 349, 127, 169]"
val/00054_Animalia_Arthropoda_Arachnida_Araneae_Dysderidae_Dysdera_crocata/1613e1ac-892a-4372-b9bb-fd1c7a70471b.jpg,2,491,0.011356483883349687,False,False,"[491, 357, 302, 401, 486]"
val/00054_Animalia_Arthropoda_Arachnida_Araneae_Dysderidae_Dysdera_crocata/1b911edf-2481-476e-8035-9f51422b04f4.jpg,2,399,0.029163691890407274,False,False,"[399, 301, 424, 114, 327]"
val/00054_Animalia_Arthropoda_Arachnida_Araneae_Dysderidae_Dysdera_crocata/712fc05a-cf6a-4b57-a886-c41975d5d77b.jpg,2,116,0.010805799558644682,False,False,"[116, 181, 218, 270, 479]"
val/00054_Animalia_Arthropoda_Arachnida_Araneae_Dysderidae_Dysdera_crocata/71bb909c-98c7-4737-8d5f-0cf53386017d.jpg,2,5,0.024508694513482192,False,False,"[5, 241, 34, 330, 432]"
val/00054_Animalia_Arthropoda_Arachnida_Araneae_Dysderidae_Dysdera_crocata/86941116-71dc-44fe-9d25-4b711505bb28.jpg,2,282,0.014025070317896505,False,False,"[282, 121, 147, 193, 136]"
val/00054_Animalia_Arthropoda_Arachnida_Araneae_Dysderidae_Dysdera_crocata/c53bf290-9a66-4538-8aba-cd13b54d7add.jpg,2,203,0.01936185656218656,False,False,"[203, 205, 231, 328, 86]"
val/00054_Animalia_Arthropoda_Arachnida_Araneae_Dysderidae_Dysdera_crocata/d30ffc97-ba57-4e26-a61a-459cab31acfb.jpg,2,314,0.009596607530006409,False,False,"[314, 256, 261, 429, 130]"
val/00054_Animalia_Arthropoda_Arachnida_Araneae_Dysderidae_Dysdera_crocata/e27b887d-93a4-4e9e-86b8-d03107a51661.jpg,2,85,0.010426266265823608,False,False,"[85, 8, 87, 154, 133]"
val/00054_Animalia_Arthropoda_Arachnida_Araneae_Dysderidae_Dysdera_crocata/ede600a7-24e6-4ae9-b500-d6ef3c2f8a80.jpg,2,160,0.020253661313094765,False,False,"[160, 232, 142, 159, 176]"
val/00059_Animalia_Arthropoda_Arachnida_Araneae_Lycosidae_Hogna_radiata/18546385-f83b-43fc-952f-b1bb493245b8.jpg,3,353,0.011679532656127931,False,False,"[353, 383, 421, 466, 306]"
val/00059_Animalia_Arthropoda_Arachnida_Araneae_Lycosidae_Hogna_radiata/1a660b29-4cbd-4124-be96-4cef4b095f0f.jpg,3,388,0.014971204877197166,False,False,"[388, 142, 88, 181, 183]"
val/00059_Animalia_Arthropoda_Arachnida_Araneae_Lycosidae_Hogna_radiata/2c7f3c8f-f149-42a0-9b53-62d0ae52b11e.jpg,3,329,0.015332671554689996,False,False,"[329, 496, 327, 112, 125]"
val/00059_Animalia_Arthropoda_Arachnida_Araneae_Lycosidae_Hogna_radiata/4224c446-7708-447d-b9c4-5dbf9bbc8fdd.jpg,3,118,0.014206471209765476,False,False,"[118, 88, 196, 131, 267]"
val/00059_Animalia_Arthropoda_Arachnida_Araneae_Lycosidae_Hogna_radiata/68d90f47-28d9-443c-8b8a-af97f07a72b8.jpg,3,26,0.010775235432969911,False,False,"[26, 268, 383, 386, 342]"
val/00059_Animalia_Arthropoda_Arachnida_Araneae_Lycosidae_Hogna_radiata/8680b18e-96dc-4882-99ad-91cc6ba2e737.jpg,3,314,0.009646610989841537,False,False,"[314, 27, 327, 294, 295]"
val/00059_Animalia_Arthropoda_Arachnida_Araneae_Lycosidae_Hogna_radiata/a00fade9-71c7-4285-ab45-ea751876fba3.jpg,3,221,0.010357803002568588,False,False,"[221, 126, 222, 17, 461]"
val/00059_Animalia_Arthropoda_Arachnida_Araneae_Lycosidae_Hogna_radiata/bbff31b8-a282-4c93-82af-53d7e23207a6.jpg,3,228,0.02786939366362676,False,False,"[228, 203, 0, 6, 127]"
val/00059_Animalia_Arthropoda_Arachnida_Araneae_Lycosidae_Hogna_radiata/ce524de6-bf4a-4d54-b9e1-b54a44bef7c5.jpg,3,124,0.010307302546410057,False,True,"[124, 0, 249, 55, 3]"
val/00059_Animalia_Arthropoda_Arachnida_Araneae_Lycosidae_Hogna_radiata/d8f1b3f5-9fe2-45a4-9f05-58cd0f426dca.jpg,3,314,0.012339190787746722,False,False,"[314, 216, 317, 469, 246]"
val/00064_Animalia_Arthropoda_Arachnida_Araneae_Pholcidae_Holocnemus_pluchei/03d47d82-e43f-4b1c-81b4-fc48dd959441.jpg,4,35,0.037916329731569026,False,False,"[35, 180, 171, 196, 160]"
val/00064_Animalia_Arthropoda_Arachnida_Araneae_Pholcidae_Holocnemus_pluchei/0f9fd72d-6e0f-4ff4-ac63-0c84bdca60cc.jpg,4,253,0.010336663279496372,False,False,"[253, 140, 90, 331, 55]"
val/00064_Animalia_Arthropoda_Arachnida_Araneae_Pholcidae_Holocnemus_pluchei/20da4511-ff9f-4c95-8020-8b18f8ac7857.jpg,4,62,0.015316624674245423,False,False,"[62, 236, 180, 174, 162]"
val/00064_Animalia_Arthropoda_Arachnida_Araneae_Pholcidae_Holocnemus_pluchei/4479a3fd-78b1-49fc-88e9-71da98a20833.jpg,4,35,0.009677144573123209,False,False,"[35, 136, 163, 197, 215]"
val/00064_Animalia_Arthropoda_Arachnida_Araneae_Pholcidae_Holocnemus_pluchei/6e7b1b88-a3a9-4cf2-a9f3-f6367cd0bba6.jpg,4,236,0.01087925232471741,False,False,"[236, 65, 328, 128, 47]"
val/00064_Animalia_Arthropoda_Arachnida_Araneae_Pholcidae_Holocnemus_pluchei/77b74c8c-5ea9-488e-9993-bac652fff82e.jpg,4,162,0.013247721948625613,False,False,"[162, 228, 180, 57, 85]"
val/00064_Animalia_Arthropoda_Arachnida_Araneae_Pholcidae_Holocnemus_pluchei/a985c5b3-3c14-4fdb-8450-c4f3c1b20fa5.jpg,4,237,0.02014512051818421,False,False,"[237, 216, 161, 81, 99]"
val/00064_Animalia_Arthropoda_Arachnida_Araneae_Pholcidae_Holocnemus_pluchei/b9f7c1c4-6d7b-4ef0-aea2-c38d77d142d8.jpg,4,211,0.02294499074658598,False,False,"[211, 175, 237, 62, 174]"
val/00064_Animalia_Arthropoda_Arachnida_Araneae_Pholcidae_Holocnemus_pluchei/c402d23e-6fd5-4dd8-9023-cd4dbf71eb6c.jpg,4,208,0.015776805744519184,False,False,"[208, 242, 145, 280, 147]"
val/00064_Animalia_Arthropoda_Arachnida_Araneae_Pholcidae_Holocnemus_pluchei/d3554444-212e-41ca-b93d-431c997c8356.jpg,4,225,0.018528367697584366,False,False,"[225, 175, 76, 58, 226]"
val/00098_Animalia_Arthropoda_Arachnida_Araneae_Salticidae_Salticus_scenicus/45d79bab-7b81-43b3-a1d2-4a7b686b644d.jpg,5,74,0.016779797405623326,False,False,"[74, 173, 40, 139, 116]"
val/00098_Animalia_Arthropoda_Arachnida_Araneae_Salticidae_Salticus_scenicus/6ab4381e-efc9-497e-b0bb-bad047068e66.jpg,5,281,0.009765776116794037,False,False,"[281, 200, 222, 157, 176]"
val/00098_Animalia_Arthropoda_Arachnida_Araneae_Salticidae_Salticus_scenicus/6c80d432-6b03-4cf1-aea6-13fb23bee94c.jpg,5,228,0.014544896495323855,False,False,"[228, 34, 205, 180, 159]"
val/00098_Animalia_Arthropoda_Arachnida_Araneae_Salticidae_Salticus_scenicus/8777c452-b90a-4a9c-bd91-b5babf182e9e.jpg,5,278,0.009430715797198556,False,False,"[278, 230, 253, 245, 320]"
val/00098_Animalia_Arthropoda_Arachnida_Araneae_Salticidae_Salticus_scenicus/a4b4bacf-46a1-46c9-8a92-09e575854214.jpg,5,73,0.017179634919735783,False,False,"[73, 14, 22, 18, 205]"
val/00098_Animalia_Arthropoda_Arachnida_Araneae_Salticidae_Salticus_scenicus/c6242b6b-9686-47ef-a2be-0a5e23b13779.jpg,5,61,0.020285364747494698,False,False,"[61, 63, 181, 92, 58]"
val/00098_Animalia_Arthropoda_Arachnida_Araneae_Salticidae_Salticus_scenicus/d9aa51fb-d349-4a7b-b205-e64ae78fc752.jpg,5,277,0.015579733268986538,False,False,"[277, 465, 88, 226, 235]"
val/00098_Animalia_Arthropoda_Arachnida_Araneae_Salticidae_Salticus_scenicus/fc4a77e1-7578-4b26-b60f-d34b32f47cc8.jpg,5,196,0.02689542095932886,False,False,"[196, 163, 266, 40, 247]"
val/00098_Animalia_Arthropoda_Arachnida_Araneae_Salticidae_Salticus_scenicus/fd34c124-fb88-437a-8bb1-e44aceb82882.jpg,5,388,0.008896837606085471,False,False,"[388, 355, 466, 447, 495]"
val/00098_Animalia_Arthropoda_Arachnida_Araneae_Salticidae_Salticus_scenicus/fde284b4-1586-4ad2-af61-686e7c7d857e.jpg,5,472,0.010737075004711834,False,False,"[472, 381, 456, 157, 489]"
val/00104_Animalia_Arthropoda_Arachnida_Araneae_Sparassidae_Micrommata_virescens/20a422d5-047e-49d5-b481-9dd3c9b15c3f.jpg,6,140,0.010044982716813639,False,False,"[140, 183, 135, 175, 77]"
val/00104_Animalia_Arthropoda_Arachnida_Araneae_Sparassidae_Micrommata_virescens/20d246ad-1b1e-4ec2-82d2-80a8e9f53de4.jpg,6,457,0.015132323105770916,False,False,"[457, 472, 460, 379, 497]"
val/00104_Animalia_Arthropoda_Arachnida_Araneae_Sparassidae_Micrommata_virescens/33a9597a-7678-48eb-afba-15999a0f43c9.jpg,6,454,0.01641171073882389,False,False,"[454, 409, 289, 210, 144]"
val/00104_Animalia_Arthropoda_Arachnida_Araneae_Sparassidae_Micrommata_virescens/48a26bf7-5b7f-4584-abc6-ac956bb901b4.jpg,6,57,0.008941609672914609,False,False,"[57, 211, 252, 186, 192]"
val/00104_Animalia_Arthropoda_Arachnida_Araneae_Sparassidae_Micrommata_virescens/51f40935-0607-4a32-af37-dee4a448b6de.jpg,6,306,0.010517854522495297,False,False,"[306, 424, 344, 351, 388]"
val/00104_Animalia_Arthropoda_Arachnida_Araneae_Sparassidae_Micrommata_virescens/779562e0-413c-4907-a66f-13cc6099259e.jpg,6,441,0.009636055364758082,False,False,"[441, 384, 254, 272, 33]"
val/00104_Animalia_Arthropoda_Arachnida_Araneae_Sparassidae_Micrommata_virescens/79a68edd-3502-477e-b129-9207f88babb6.jpg,6,151,0.00907055564399588,False,False,"[151, 134, 95, 178, 284]"
val/00104_Animalia_Arthropoda_Arachnida_Araneae_Sparassidae_Micrommata_virescens/92045d8c-af73-4443-b823-7dd10593980a.jpg,6,179,0.016269209016503545,False,False,"[179, 184, 216, 64, 161]"
val/00104_Animalia_Arthropoda_Arachnida_Araneae_Sparassidae_Micrommata_virescens/bd0feda7-8bd0-429f-b0c8-b355d0cbdc2f.jpg,6,284,0.010191416198494601,False,False,"[284, 25, 205, 120, 96]"
val/00104_Animalia_Arthropoda_Arachnida_Araneae_Sparassidae_Micrommata_virescens/da54556b-f971-433d-b4ec-ae61b57062d6.jpg,6,119,0.009737682503141639,False,True,"[119, 6, 28, 169, 43]"
val/00118_Animalia_Arthropoda_Arachnida_Araneae_Theridiidae_Latrodectus_mactans/17798e72-38e7-4e05-b6b7-2463b1d8de07.jpg,7,228,0.03651133089328779,False,False,"[228, 248, 131, 176, 231]"
val/00118_Animalia_Arthropoda_Arachnida_Araneae_Theridiidae_Latrodectus_mactans/42790d1d-2b5d-481b-ba4d-8fb3dc58b53b.jpg,7,473,0.011147484602839496,False,False,"[473, 497, 311, 93, 38]"
val/00118_Animalia_Arthropoda_Arachnida_Araneae_Theridiidae_Latrodectus_mactans/5e3c64da-e2e1-4ff6-8aa4-26d129d028ab.jpg,7,128,0.016247411480169855,False,False,"[128, 228, 40, 116, 236]"
val/00118_Animalia_Arthropoda_Arachnida_Araneae_Theridiidae_Latrodectus_mactans/70acfd16-461f-4e16-acba-8b8871d27bc5.jpg,7,186,0.010466667252300582,False,False,"[186, 56, 6, 44, 264]"
val/00118_Animalia_Arthropoda_Arachnida_Araneae_Theridiidae_Latrodectus_mactans/a0dff123-b77a-44b5-a5fb-b8d9a3e88b12.jpg,7,467,0.009805537781994196,False,False,"[467, 437, 46, 37, 371]"
val/00118_Animalia_Arthropoda_Arachnida_Araneae_Theridiidae_Latrodectus_mactans/bf162998-de27-4423-ae35-a520f9853735.jpg,7,271,0.010352100308610213,False,False,"[271, 294, 263, 121, 240]"
val/00118_Animalia_Arthropoda_Arachnida_Araneae_Theridiidae_Latrodectus_mactans/c4aad282-c58c-4098-8162-5e73693baacf.jpg,7,73,0.014344075512865838,False,False,"[73, 64, 16, 44, 284]"
val/00118_Animalia_Arthropoda_Arachnida_Araneae_Theridiidae_Latrodectus_mactans/c845897a-22c3-4128-8125-6d7840948f84.jpg,7,20,0.022175048788184187,False,False,"[20, 35, 265, 37, 81]"
val/00118_Animalia_Arthropoda_Arachnida_Araneae_Theridiidae_Latrodectus_mactans/d3af3ed6-2d0c-4e3b-b8a1-6df660dc5887.jpg,7,18,0.04976241759873206,False,False,"[18, 28, 55, 198, 233]"
val/00118_Animalia_Arthropoda_Arachnida_Araneae_Theridiidae_Latrodectus_mactans/fab6fbcc-28f4-47a7-a677-80acfc940006.jpg,7,177,0.00917496097235657,False,False,"[177, 88, 131, 271, 47]"
val/00121_Animalia_Arthropoda_Arachnida_Araneae_Theridiidae_Steatoda_capensis/10a97c9b-6584-4799-a199-072135e4d496.jpg,8,66,0.018632315845603098,False,False,"[66, 59, 61, 116, 232]"
val/00121_Animalia_Arthropoda_Arachnida_Araneae_Theridiidae_Steatoda_capensis/1757680a-d696-4012-a17d-1cd47236d0d1.jpg,8,58,0.013069430293238973,False,False,"[58, 30, 87, 88, 41]"
val/00121_Animalia_Arthropoda_Arachnida_Araneae_Theridiidae_Steatoda_capensis/3487a747-a2b8-4084-b81e-c4a875da4223.jpg,8,160,0.13938830549205034,False,False,"[160, 171, 36, 191, 242]"
val/00121_Animalia_Arthropoda_Arachnida_Araneae_Theridiidae_Steatoda_capensis/3b93a629-34b8-4952-81f4-3a01394545ef.jpg,8,4,0.03819121513563864,False,False,"[4, 0, 228, 205, 153]"
val/00121_Animalia_Arthropoda_Arachnida_Araneae_Theridiidae_Steatoda_capensis/73f951ce-fe24-4f04-bf6c-c0e17c44c1c1.jpg,8,164,0.016685208831288555,False,False,"[164, 80, 395, 176, 236]"
val/00121_Animalia_Arthropoda_Arachnida_Araneae_Theridiidae_Steatoda_capensis/78c6e4f1-b3f1-4b5d-aa7c-9232a0c55a23.jpg,8,6,0.03169477136635732,False,False,"[6, 55, 3, 124, 121]"
val/00121_Animalia_Arthropoda_Arachnida_Araneae_Theridiidae_Steatoda_capensis/7ada5cd9-4c73-452a-85ce-3e5fec40fdcc.jpg,8,288,0.0093511199232323,False,False,"[288, 221, 295, 212, 240]"
val/00121_Animalia_Arthropoda_Arachnida_Araneae_Theridiidae_Steatoda_capensis/82d4155b-4c26-4e4e-9017-91703cc73b72.jpg,8,455,0.013999541956980553,False,False,"[455, 313, 424, 0, 306]"
val/00121_Animalia_Arthropoda_Arachnida_Araneae_Theridiidae_Steatoda_capensis/d9012fff-3ac8-45f2-98c7-cb1c9a550977.jpg,8,124,0.010788451148522098,False,False,"[124, 147, 277, 315, 206]"
val/00121_Animalia_Arthropoda_Arachnida_Araneae_Theridiidae_Steatoda_capensis/eb029dd2-86b7-4b34-a628-5c1c72e5baaf.jpg,8,3,0.009813285030498418,False,False,"[3, 158, 218, 209, 248]"
val/00159_Animalia_Arthropoda_Chilopoda_Scolopendromorpha_Scolopendridae_Scolopendra_heros/00c82202-df0c-408b-b9ce-eb49f836ab03.jpg,9,55,0.014303346850970771,False,False,"[55, 86, 58, 76, 116]"
val/00159_Animalia_Arthropoda_Chilopoda_Scolopendromorpha_Scolopendridae_Scolopendra_heros/3273797b-7602-4dfa-a3d4-45372417f232.jpg,9,238,0.009230401726900367,False,False,"[238, 277, 218, 216, 188]"
val/00159_Animalia_Arthropoda_Chilopoda_Scolopendromorpha_Scolopendridae_Scolopendra_heros/43907184-a4f2-4be9-a5e5-fbfc4ac0e235.jpg,9,276,0.010189480487728123,False,False,"[276, 154, 295, 89, 201]"
val/00159_Animalia_Arthropoda_Chilopoda_Scolopendromorpha_Scolopendridae_Scolopendra_heros/5cc763d5-3480-4b6c-9aab-0531740bae74.jpg,9,66,0.024691330824631617,False,False,"[66, 75, 193, 61, 162]"
val/00159_Animalia_Arthropoda_Chilopoda_Scolopendromorpha_Scolopendridae_Scolopendra_heros/79af4b22-f7c8-431f-97ba-e8d48075286d.jpg,9,87,0.016571417156303333,False,False,"[87, 91, 55, 16, 56]"
val/00159_Animalia_Arthropoda_Chilopoda_Scolopendromorpha_Scolopendridae_Scolopendra_heros/79d07f5e-3ccd-46a9-afe2-201535259791.jpg,9,126,0.015910814209695423,False,False,"[126, 20, 205, 241, 148]"
val/00159_Animalia_Arthropoda_Chilopoda_Scolopendromorpha_Scolopendridae_Scolopendra_heros/8f35f714-7c94-425f-9803-375de32d8901.jpg,9,484,0.010231722462389918,False,False,"[484, 105, 292, 340, 254]"
val/00159_Animalia_Arthropoda_Chilopoda_Scolopendromorpha_Scolopendridae_Scolopendra_heros/bba39ebe-1c85-470d-9827-deac896e02fa.jpg,9,107,0.009015578101598204,False,False,"[107, 258, 45, 100, 51]"
val/00159_Animalia_Arthropoda_Chilopoda_Scolopendromorpha_Scolopendridae_Scolopendra_heros/c055e96a-1e6a-4df1-a501-fa7cc4930b4a.jpg,9,251,0.010431085884325397,False,False,"[251, 390, 496, 206, 305]"
val/00159_Animalia_Arthropoda_Chilopoda_Scolopendromorpha_Scolopendridae_Scolopendra_heros/f915d0e0-c889-4189-9784-e32d61345994.jpg,9,44,0.010730394200393652,False,False,"[44, 27, 172, 145, 169]"
val/00172_Animalia_Arthropoda_Hexanauplia_Sessilia_Balanidae_Semibalanus_balanoides/1a0481d9-1d9c-4e7c-a932-5bf730d5522a.jpg,10,405,0.029235902970380152,False,False,"[405, 379, 370, 380, 377]"
val/00172_Animalia_Arthropoda_Hexanauplia_Sessilia_Balanidae_Semibalanus_balanoides/1a3918c9-8eef-40f7-8992-0b51a2a38680.jpg,10,457,0.019323539503888286,False,True,"[457, 461, 308, 460, 10]"
val/00172_Animalia_Arthropoda_Hexanauplia_Sessilia_Balanidae_Semibalanus_balanoides/2dc831ee-4732-4ac3-8ce1-a3662e6317ca.jpg,10,295,0.01351869832600337,False,False,"[295, 466, 473, 33, 386]"
val/00172_Animalia_Arthropoda_Hexanauplia_Sessilia_Balanidae_Semibalanus_balanoides/2e230198-854e-4c0e-ad14-932599617a40.jpg,10,398,0.013392925911556705,False,True,"[398, 289, 410, 10, 470]"
val/00172_Animalia_Arthropoda_Hexanauplia_Sessilia_Balanidae_Semibalanus_balanoides/3d28aef3-70e6-49ed-88d7-f2254379e740.jpg,10,305,0.01871199176608721,False,False,"[305, 440, 371, 311, 366]"
val/00172_Animalia_Arthropoda_Hexanauplia_Sessilia_Balanidae_Semibalanus_balanoides/4338e9f1-fe2f-4427-ae5d-9610e4539c7c.jpg,10,199,0.009638317114949998,False,False,"[199, 345, 427, 297, 27]"
val/00172_Animalia_Arthropoda_Hexanauplia_Sessilia_Balanidae_Semibalanus_balanoides/98226dc5-839d-4ca7-97c6-7d6f581f5a1a.jpg,10,386,0.018776753869786843,False,False,"[386, 381, 427, 475, 413]"
val/00172_Animalia_Arthropoda_Hexanauplia_Sessilia_Balanidae_Semibalanus_balanoides/af06b7da-a29f-4c91-82be-2377494ee9c4.jpg,10,445,0.010182525276110336,False,False,"[445, 347, 302, 386, 80]"
val/00172_Animalia_Arthropoda_Hexanauplia_Sessilia_Balanidae_Semibalanus_balanoides/b13a2e2d-84ce-461f-906b-f574b4f07c6b.jpg,10,457,0.048539215677828304,False,False,"[457, 297, 323, 460, 474]"
val/00172_Animalia_Arthropoda_Hexanauplia_Sessilia_Balanidae_Semibalanus_balanoides/cfe0a11c-abe6-4d8a-8893-ee9c39b96149.jpg,10,10,0.01884181585309769,True,True,"[10, 354, 298, 292, 475]"
val/00248_Animalia_Arthropoda_Insecta_Coleoptera_Cerambycidae_Rhagium_inquisitor/1685239a-3ab4-4c9c-b6f7-c94ec08902e1.jpg,11,248,0.009603710433772372,False,False,"[248, 466, 224, 236, 131]"
val/00248_Animalia_Arthropoda_Insecta_Coleoptera_Cerambycidae_Rhagium_inquisitor/3befd1a7-01f7-46a2-a5ad-4d4b9d76c280.jpg,11,188,0.009269672483006499,False,False,"[188, 345, 182, 99, 340]"
val/00248_Animalia_Arthropoda_Insecta_Coleoptera_Cerambycidae_Rhagium_inquisitor/45c470d4-bee1-42ac-9185-343013423515.jpg,11,236,0.0157651201241961,False,False,"[236, 262, 201, 243, 214]"
val/00248_Animalia_Arthropoda_Insecta_Coleoptera_Cerambycidae_Rhagium_inquisitor/89f3d0a8-cbdd-4740-851a-6006cfee2c3f.jpg,11,19,0.009615252501366085,False,False,"[19, 485, 277, 94, 295]"
val/00248_Animalia_Arthropoda_Insecta_Coleoptera_Cerambycidae_Rhagium_inquisitor/8f284e18-91d0-426f-a208-70ea628ca755.jpg,11,145,0.02142262398617556,False,False,"[145, 41, 136, 193, 181]"
val/00248_Animalia_Arthropoda_Insecta_Coleoptera_Cerambycidae_Rhagium_inquisitor/ac38b734-609c-45d8-bf4e-0d6014fa2c1c.jpg,11,492,0.010925843067435248,False,False,"[492, 157, 249, 410, 483]"
val/00248_Animalia_Arthropoda_Insecta_Coleoptera_Cerambycidae_Rhagium_inquisitor/e31a53d8-2c77-4929-9f3e-7bc518938219.jpg,11,373,0.014167770769308523,False,False,"[373, 354, 37, 14, 486]"
val/00248_Animalia_Arthropoda_Insecta_Coleoptera_Cerambycidae_Rhagium_inquisitor/f19c9778-e8b4-482c-bf82-a56733d0446d.jpg,11,281,0.01405051384194762,False,False,"[281, 328, 86, 31, 63]"
val/00248_Animalia_Arthropoda_Insecta_Coleoptera_Cerambycidae_Rhagium_inquisitor/f9cab5c5-14a9-4a37-a933-58004b8a5d02.jpg,11,75,0.009760915985045939,False,True,"[75, 148, 222, 34, 11]"
val/00248_Animalia_Arthropoda_Insecta_Coleoptera_Cerambycidae_Rhagium_inquisitor/fa810c75-575d-4d10-a500-b6e17ed4a6ea.jpg,11,200,0.009491054451982563,False,False,"[200, 395, 383, 390, 202]"
val/00258_Animalia_Arthropoda_Insecta_Coleoptera_Cerambycidae_Tetraopes_femoratus/05678990-70a1-4a4e-9f2b-93c01ee349ff.jpg,12,432,0.02183929277230919,False,False,"[432, 16, 117, 272, 285]"
val/00258_Animalia_Arthropoda_Insecta_Coleoptera_Cerambycidae_Tetraopes_femoratus/10f72655-f962-45cb-8c9a-c11a07cc33d9.jpg,12,66,0.012315100918635307,False,False,"[66, 60, 50, 277, 59]"
val/00258_Animalia_Arthropoda_Insecta_Coleoptera_Cerambycidae_Tetraopes_femoratus/127a96a0-2cd4-4048-bd15-49be5e37f286.jpg,12,329,0.011525803744773697,False,False,"[329, 324, 421, 78, 168]"
val/00258_Animalia_Arthropoda_Insecta_Coleoptera_Cerambycidae_Tetraopes_femoratus/146e9f13-ca0f-495e-a8ce-c45d7a96723b.jpg,12,52,0.04351999362936253,False,False,"[52, 57, 73, 58, 16]"
val/00258_Animalia_Arthropoda_Insecta_Coleoptera_Cerambycidae_Tetraopes_femoratus/2bbf4d37-2228-4aa0-9c4d-57a163e5f5e6.jpg,12,432,0.009547447326423862,False,False,"[432, 288, 384, 286, 37]"
val/00258_Animalia_Arthropoda_Insecta_Coleoptera_Cerambycidae_Tetraopes_femoratus/7b225683-0f78-4830-8a91-3a7edf02a8fe.jpg,12,313,0.011112105688224114,False,False,"[313, 363, 327, 493, 490]"
val/00258_Animalia_Arthropoda_Insecta_Coleoptera_Cerambycidae_Tetraopes_femoratus/7ec3b1dd-c59f-4029-bff4-f9ef00b2a58b.jpg,12,237,0.015364289881103277,False,False,"[237, 70, 253, 229, 209]"
val/00258_Animalia_Arthropoda_Insecta_Coleoptera_Cerambycidae_Tetraopes_femoratus/c223c9f7-4201-4343-9183-edccee0e46c7.jpg,12,271,0.016114330976467202,False,True,"[271, 13, 133, 125, 12]"
val/00258_Animalia_Arthropoda_Insecta_Coleoptera_Cerambycidae_Tetraopes_femoratus/e04de3f7-6cca-46fe-948d-be017f4a2998.jpg,12,228,0.019837563930647215,False,False,"[228, 192, 75, 236, 4]"
val/00258_Animalia_Arthropoda_Insecta_Coleoptera_Cerambycidae_Tetraopes_femoratus/e8038201-2813-46cb-aa1a-1f3065ad2dcc.jpg,12,435,0.009124726537837718,False,False,"[435, 215, 413, 354, 369]"
val/00271_Animalia_Arthropoda_Insecta_Coleoptera_Chrysomelidae_Chrysochus_auratus/0de95c49-f9a8-4759-86cd-8220c3a3674e.jpg,13,415,0.011618837089226262,False,False,"[415, 133, 206, 282, 362]"
val/00271_Animalia_Arthropoda_Insecta_Coleoptera_Chrysomelidae_Chrysochus_auratus/134557a7-5e9f-4762-a0ed-1266eb681e56.jpg,13,172,0.02037206722866413,False,False,"[172, 189, 248, 161, 163]"
val/00271_Animalia_Arthropoda_Insecta_Coleoptera_Chrysomelidae_Chrysochus_auratus/1debdda3-6811-4dda-9f07-6876c573ced1.jpg,13,165,0.009139486893779927,False,False,"[165, 315, 121, 76, 85]"
val/00271_Animalia_Arthropoda_Insecta_Coleoptera_Chrysomelidae_Chrysochus_auratus/3f731a33-79f2-4e9d-a9ee-573c1312c9cf.jpg,13,147,0.010221831017630705,False,True,"[147, 104, 286, 480, 13]"
val/00271_Animalia_Arthropoda_Insecta_Coleoptera_Chrysomelidae_Chrysochus_auratus/528f5e3d-2723-4545-823d-0dd91086671f.jpg,13,293,0.010105883824679852,False,False,"[293, 1, 472, 323, 348]"
val/00271_Animalia_Arthropoda_Insecta_Coleoptera_Chrysomelidae_Chrysochus_auratus/548eb600-e484-424c-bf60-ae6017b63cba.jpg,13,424,0.008914046865343694,False,False,"[424, 408, 409, 294, 484]"
val/00271_Animalia_Arthropoda_Insecta_Coleoptera_Chrysomelidae_Chrysochus_auratus/a78b75bb-bf6f-4b73-a9f0-fba3b61409fe.jpg,13,381,0.01506106741920532,False,False,"[381, 273, 69, 334, 394]"
val/00271_Animalia_Arthropoda_Insecta_Coleoptera_Chrysomelidae_Chrysochus_auratus/bb98452e-de1e-45b4-a642-1147ca368d2d.jpg,13,222,0.028442278878133057,False,False,"[222, 185, 332, 131, 53]"
val/00271_Animalia_Arthropoda_Insecta_Coleoptera_Chrysomelidae_Chrysochus_auratus/d5fcc413-228f-4ffd-8c91-33373f1e7bc1.jpg,13,73,0.018128429313977946,False,False,"[73, 28, 76, 59, 82]"
val/00271_Animalia_Arthropoda_Insecta_Coleoptera_Chrysomelidae_Chrysochus_auratus/e797ab14-fc2a-41e8-9ef9-2a6fbd183409.jpg,13,13,0.01069189208483672,True,True,"[13, 46, 105, 7, 28]"
val/00281_Animalia_Arthropoda_Insecta_Coleoptera_Chrysomelidae_Diabrotica_balteata/175f2045-b9e9-4cb2-b9f5-4318f7630aab.jpg,14,370,0.015014882721607531,False,False,"[370, 80, 37, 26, 226]"
val/00281_Animalia_Arthropoda_Insecta_Coleoptera_Chrysomelidae_Diabrotica_balteata/5aa4d8c5-4c0c-4cd2-a7f0-2a36709eeb8b.jpg,14,63,0.016628815797305758,False,False,"[63, 227, 69, 64, 75]"
val/00281_Animalia_Arthropoda_Insecta_Coleoptera_Chrysomelidae_Diabrotica_balteata/7cf94141-ca88-40ea-9065-9904c359a94c.jpg,14,123,0.009153629004025887,False,False,"[123, 394, 443, 403, 229]"
val/00281_Animalia_Arthropoda_Insecta_Coleoptera_Chrysomelidae_Diabrotica_balteata/835e4543-5c1b-44b7-be50-29120982a3e5.jpg,14,228,0.0470488068513487,False,False,"[228, 12, 4, 75, 205]"
val/00281_Animalia_Arthropoda_Insecta_Coleoptera_Chrysomelidae_Diabrotica_balteata/9aec5198-f428-4bb4-a080-65b3c44c550c.jpg,14,225,0.015205550337420926,False,False,"[225, 146, 189, 42, 244]"
val/00281_Animalia_Arthropoda_Insecta_Coleoptera_Chrysomelidae_Diabrotica_balteata/f1874f1a-7785-4a5a-b075-79b14b880ac7.jpg,14,258,0.009206322619185522,False,False,"[258, 71, 467, 409, 360]"
val/00281_Animalia_Arthropoda_Insecta_Coleoptera_Chrysomelidae_Diabrotica_balteata/f3715b69-c53b-4015-93ae-4e267e60eb8c.jpg,14,436,0.01571624710416486,False,False,"[436, 385, 274, 450, 39]"
val/00281_Animalia_Arthropoda_Insecta_Coleoptera_Chrysomelidae_Diabrotica_balteata/f6185c3b-3dfa-430e-bc6e-abad2bd10747.jpg,14,435,0.009032243735761978,False,False,"[435, 322, 36, 363, 235]"
val/00281_Animalia_Arthropoda_Insecta_Coleoptera_Chrysomelidae_Diabrotica_balteata/f69d2ad5-80f4-4dd4-a9a5-5399442b7c07.jpg,14,135,0.018548399333799412,False,False,"[135, 66, 13, 174, 225]"
val/00281_Animalia_Arthropoda_Insecta_Coleoptera_Chrysomelidae_Diabrotica_balteata/fe179414-bff4-4183-837a-3cbc3a4760ee.jpg,14,72,0.01748498066108297,False,False,"[72, 92, 45, 58, 274]"
val/00300_Animalia_Arthropoda_Insecta_Coleoptera_Cleridae_Trichodes_apiarius/2334a2fa-a0f8-45c8-9af5-447818e79133.jpg,15,386,0.023316016420932784,False,True,"[386, 15, 289, 364, 411]"
val/00300_Animalia_Arthropoda_Insecta_Coleoptera_Cleridae_Trichodes_apiarius/3c96463e-eb04-4811-9918-8ac3fd12a21f.jpg,15,54,0.015510623646564194,False,True,"[54, 15, 49, 12, 453]"
val/00300_Animalia_Arthropoda_Insecta_Coleoptera_Cleridae_Trichodes_apiarius/48c5b7de-b2af-4e3c-8b98-79cea8910c57.jpg,15,498,0.010611526550379795,False,False,"[498, 467, 369, 416, 446]"
val/00300_Animalia_Arthropoda_Insecta_Coleoptera_Cleridae_Trichodes_apiarius/69e49634-0b58-4255-8121-521c9e7c9f3f.jpg,15,15,0.010055292065623406,True,True,"[15, 284, 52, 414, 226]"
val/00300_Animalia_Arthropoda_Insecta_Coleoptera_Cleridae_Trichodes_apiarius/a206ab94-b79c-4cae-91bc-864ce7ac4c99.jpg,15,432,0.01602893826128729,False,False,"[432, 364, 303, 415, 24]"
val/00300_Animalia_Arthropoda_Insecta_Coleoptera_Cleridae_Trichodes_apiarius/b79e41fd-3c5b-41be-9dfa-5a51ef9e4622.jpg,15,389,0.01450409990535352,False,False,"[389, 183, 457, 287, 454]"
val/00300_Animalia_Arthropoda_Insecta_Coleoptera_Cleridae_Trichodes_apiarius/c0de8a0e-84f7-4543-9d55-4461d34ce5b8.jpg,15,289,0.032410535582503106,False,False,"[289, 373, 354, 386, 54]"
val/00300_Animalia_Arthropoda_Insecta_Coleoptera_Cleridae_Trichodes_apiarius/de80b1fd-13b7-4ac9-93c6-84b155f4abab.jpg,15,69,0.009160680412432448,False,False,"[69, 263, 317, 232, 499]"
val/00300_Animalia_Arthropoda_Insecta_Coleoptera_Cleridae_Trichodes_apiarius/e47f891f-018b-46fd-9998-77f85b33f073.jpg,15,480,0.011890412746956373,False,False,"[480, 460, 190, 398, 405]"
val/00300_Animalia_Arthropoda_Insecta_Coleoptera_Cleridae_Trichodes_apiarius/f27223b5-fc2f-44f3-a427-219167c9176f.jpg,15,227,0.014806178648951208,False,False,"[227, 434, 295, 303, 210]"
val/00305_Animalia_Arthropoda_Insecta_Coleoptera_Coccinellidae_Calvia_quatuordecimguttata/1e4377a4-1110-4909-8d4a-e66d17d0318f.jpg,16,266,0.01110190379844908,False,False,"[266, 327, 19, 122, 165]"
val/00305_Animalia_Arthropoda_Insecta_Coleoptera_Coccinellidae_Calvia_quatuordecimguttata/2668b5de-1735-413e-a9c4-8cd3ca0c88f3.jpg,16,55,0.04499455943472202,False,True,"[55, 16, 76, 87, 92]"
val/00305_Animalia_Arthropoda_Insecta_Coleoptera_Coccinellidae_Calvia_quatuordecimguttata/2dea653d-9a0b-45ea-89eb-125ac23195ac.jpg,16,457,0.016593342192507902,False,False,"[457, 282, 180, 300, 283]"
val/00305_Animalia_Arthropoda_Insecta_Coleoptera_Coccinellidae_Calvia_quatuordecimguttata/512b40e1-a3e4-48e5-9a92-1b78157b67cd.jpg,16,80,0.016184435513535458,False,False,"[80, 15, 284, 265, 33]"
val/00305_Animalia_Arthropoda_Insecta_Coleoptera_Coccinellidae_Calvia_quatuordecimguttata/85a43ad3-70ca-46ba-b752-8a14065bec07.jpg,16,177,0.013320696202996172,False,False,"[177, 164, 236, 196, 40]"
val/00305_Animalia_Arthropoda_Insecta_Coleoptera_Coccinellidae_Calvia_quatuordecimguttata/9a94076c-6160-4a70-98bd-b01a0bb5cade.jpg,16,136,0.009371956104399252,False,False,"[136, 259, 74, 224, 156]"
val/00305_Animalia_Arthropoda_Insecta_Coleoptera_Coccinellidae_Calvia_quatuordecimguttata/a5426ccc-97e5-4503-a814-ce859b86a69c.jpg,16,299,0.011736252770437607,False,False,"[299, 97, 282, 474, 58]"
val/00305_Animalia_Arthropoda_Insecta_Coleoptera_Coccinellidae_Calvia_quatuordecimguttata/b054f733-a35d-4996-9a94-2608300c58e3.jpg,16,228,0.013864645886622652,False,False,"[228, 236, 119, 63, 179]"
val/00305_Animalia_Arthropoda_Insecta_Coleoptera_Coccinellidae_Calvia_quatuordecimguttata/b34c8459-fb9e-46fd-98e3-6f598e0ed001.jpg,16,97,0.02777270904055207,False,False,"[97, 457, 220, 282, 293]"
val/00305_Animalia_Arthropoda_Insecta_Coleoptera_Coccinellidae_Calvia_quatuordecimguttata/cb77e868-f1e9-4dad-965d-881040105d88.jpg,16,126,0.031169953378391343,False,False,"[126, 231, 228, 263, 75]"
val/00312_Animalia_Arthropoda_Insecta_Coleoptera_Coccinellidae_Coccinella_trifasciata/1c04f45a-559a-48e8-aef5-8b470fa19cfc.jpg,17,196,0.014999414087306467,False,False,"[196, 117, 147, 285, 61]"
val/00312_Animalia_Arthropoda_Insecta_Coleoptera_Coccinellidae_Coccinella_trifasciata/435845c2-8226-47d1-92be-48b44e5fc449.jpg,17,73,0.010672848528056252,False,False,"[73, 248, 96, 62, 83]"
val/00312_Animalia_Arthropoda_Insecta_Coleoptera_Coccinellidae_Coccinella_trifasciata/4fa68a25-48ca-4f7e-bd1b-d675f3cee4d5.jpg,17,18,0.10378862875162265,False,False,"[18, 117, 28, 73, 55]"
val/00312_Animalia_Arthropoda_Insecta_Coleoptera_Coccinellidae_Coccinella_trifasciata/716d9f75-ba66-4228-b61c-38a02fb04ca5.jpg,17,55,0.05292400551913831,False,False,"[55, 54, 75, 16, 284]"
val/00312_Animalia_Arthropoda_Insecta_Coleoptera_Coccinellidae_Coccinella_trifasciata/8ebdea9d-ab5e-4dc6-b90e-1c2c27cc1290.jpg,17,62,0.020973651662644487,False,False,"[62, 224, 75, 52, 92]"
val/00312_Animalia_Arthropoda_Insecta_Coleoptera_Coccinellidae_Coccinella_trifasciata/987e8249-0a24-4711-a8a0-8d11a40f5eb3.jpg,17,241,0.019683172944472183,False,False,"[241, 5, 232, 193, 189]"
val/00312_Animalia_Arthropoda_Insecta_Coleoptera_Coccinellidae_Coccinella_trifasciata/c27c4d46-2116-4c81-8ee3-82282b6ae3ee.jpg,17,147,0.010376448158311583,False,False,"[147, 51, 6, 225, 172]"
val/00312_Animalia_Arthropoda_Insecta_Coleoptera_Coccinellidae_Coccinella_trifasciata/d29339de-0845-49d7-b085-967b34bc90ac.jpg,17,314,0.010276114970095325,False,False,"[314, 3, 408, 378, 30]"
val/00312_Animalia_Arthropoda_Insecta_Coleoptera_Coccinellidae_Coccinella_trifasciata/d3f4a961-de52-4d04-b69e-e90b068d017b.jpg,17,303,0.01018087930575287,False,False,"[303, 287, 58, 393, 86]"
val/00312_Animalia_Arthropoda_Insecta_Coleoptera_Coccinellidae_Coccinella_trifasciata/dc0ec53e-14a1-4e44-8e89-7f8af443c302.jpg,17,124,0.021679377198409604,False,False,"[124, 139, 146, 15, 214]"
val/00333_Animalia_Arthropoda_Insecta_Coleoptera_Coccinellidae_Psyllobora_vigintimaculata/104bdf4d-6149-4ec1-9a00-2f6b59c88f89.jpg,18,87,0.0536792766458165,False,False,"[87, 55, 284, 34, 73]"
val/00333_Animalia_Arthropoda_Insecta_Coleoptera_Coccinellidae_Psyllobora_vigintimaculata/222eb502-917e-4459-8f06-46157a99e575.jpg,18,198,0.009988105363396418,False,False,"[198, 94, 74, 273, 266]"
val/00333_Animalia_Arthropoda_Insecta_Coleoptera_Coccinellidae_Psyllobora_vigintimaculata/4c7b3ed6-861d-49b4-a430-b9e99d65a711.jpg,18,123,0.010691389381498276,False,False,"[123, 121, 25, 41, 66]"
val/00333_Animalia_Arthropoda_Insecta_Coleoptera_Coccinellidae_Psyllobora_vigintimaculata/75164a1c-ae16-43ce-a467-d6dea6379506.jpg,18,18,0.041667984465750575,True,True,"[18, 34, 31, 52, 64]"
val/00333_Animalia_Arthropoda_Insecta_Coleoptera_Coccinellidae_Psyllobora_vigintimaculata/9a280962-9dda-4c6b-9f8f-1072c6346c8f.jpg,18,114,0.014848472167750325,False,False,"[114, 4, 73, 17, 205]"
val/00333_Animalia_Arthropoda_Insecta_Coleoptera_Coccinellidae_Psyllobora_vigintimaculata/c3918c7b-d872-44c5-9a4f-35163addf5d1.jpg,18,180,0.016896680801070277,False,False,"[180, 235, 142, 385, 153]"
val/00333_Animalia_Arthropoda_Insecta_Coleoptera_Coccinellidae_Psyllobora_vigintimaculata/cfb17767-03cd-4216-b1d2-095516af7aa5.jpg,18,192,0.01580365218992893,False,False,"[192, 414, 45, 75, 82]"
val/00333_Animalia_Arthropoda_Insecta_Coleoptera_Coccinellidae_Psyllobora_vigintimaculata/d420acee-a519-495d-a1c3-85ebe132008e.jpg,18,180,0.012083281014601455,False,False,"[180, 4, 241, 23, 174]"
val/00333_Animalia_Arthropoda_Insecta_Coleoptera_Coccinellidae_Psyllobora_vigintimaculata/f0454bf4-b43a-465e-afcb-0126f33274d1.jpg,18,86,0.012671378235218106,False,False,"[86, 61, 90, 84, 71]"
val/00333_Animalia_Arthropoda_Insecta_Coleoptera_Coccinellidae_Psyllobora_vigintimaculata/fc602dec-7c43-442c-a939-e4e71e5ef091.jpg,18,292,0.009854593494465142,False,False,"[292, 271, 389, 418, 130]"
val/00334_Animalia_Arthropoda_Insecta_Coleoptera_Curculionidae_Cactophagus_spinolae/03105c92-a7b0-4607-b045-633fcf2b51a4.jpg,19,423,0.008756946330063294,False,False,"[423, 472, 14, 148, 289]"
val/00334_Animalia_Arthropoda_Insecta_Coleoptera_Curculionidae_Cactophagus_spinolae/2aae2221-71fb-4bda-bdf0-db7888df1bb6.jpg,19,121,0.009638466630929675,False,False,"[121, 143, 189, 131, 391]"
val/00334_Animalia_Arthropoda_Insecta_Coleoptera_Curculionidae_Cactophagus_spinolae/404b55f3-8c80-4bd1-b1f8-fa7e7c8e55b5.jpg,19,60,0.009329522363746344,False,False,"[60, 345, 189, 265, 49]"
val/00334_Animalia_Arthropoda_Insecta_Coleoptera_Curculionidae_Cactophagus_spinolae/4143fd37-8d18-4dd1-9ec1-8912e596fac2.jpg,19,136,0.01655203912365374,False,False,"[136, 85, 73, 111, 62]"
val/00334_Animalia_Arthropoda_Insecta_Coleoptera_Curculionidae_Cactophagus_spinolae/6ba0b8fc-66d3-47d0-bd16-ff80b3155b00.jpg,19,376,0.009519673746567254,False,False,"[376, 440, 373, 354, 460]"
val/00334_Animalia_Arthropoda_Insecta_Coleoptera_Curculionidae_Cactophagus_spinolae/99327cc1-0597-4c73-ade9-4a5115edb354.jpg,19,190,0.014774993996977874,False,False,"[190, 71, 221, 81, 292]"
val/00334_Animalia_Arthropoda_Insecta_Coleoptera_Curculionidae_Cactophagus_spinolae/bb6cb5a7-d41d-41b6-8b8d-b78bdfdd8b02.jpg,19,261,0.010356327095269383,False,False,"[261, 206, 70, 391, 209]"
val/00334_Animalia_Arthropoda_Insecta_Coleoptera_Curculionidae_Cactophagus_spinolae/bffe13c9-c0a9-4ad8-b08d-dbc24401fd27.jpg,19,261,0.01540574742464055,False,False,"[261, 262, 383, 218, 127]"
val/00334_Animalia_Arthropoda_Insecta_Coleoptera_Curculionidae_Cactophagus_spinolae/c445e1ff-8a3f-46b7-8dfa-0fafc222ab53.jpg,19,248,0.01816575502187235,False,False,"[248, 241, 247, 33, 196]"
val/00334_Animalia_Arthropoda_Insecta_Coleoptera_Curculionidae_Cactophagus_spinolae/fa7d70b2-d67a-4fa7-aa36-cbb78db1632c.jpg,19,361,0.015235185095648402,False,False,"[361, 368, 96, 297, 127]"
val/00417_Animalia_Arthropoda_Insecta_Coleoptera_Zopheridae_Phloeodes_diabolicus/0319a94c-093d-433c-8656-1966750ef921.jpg,20,55,0.1338510708820378,False,False,"[55, 18, 54, 75, 16]"
val/00417_Animalia_Arthropoda_Insecta_Coleoptera_Zopheridae_Phloeodes_diabolicus/5c61427c-75e0-4b59-a880-5033ea3bb761.jpg,20,331,0.014727273913625712,False,False,"[331, 269, 370, 437, 490]"
val/00417_Animalia_Arthropoda_Insecta_Coleoptera_Zopheridae_Phloeodes_diabolicus/7bb38a49-1a97-4ec5-aa4f-d49d5e7cafe8.jpg,20,73,0.009625662638778483,False,False,"[73, 247, 213, 83, 252]"
val/00417_Animalia_Arthropoda_Insecta_Coleoptera_Zopheridae_Phloeodes_diabolicus/917e9b4d-d616-4464-bede-75c627a10d97.jpg,20,370,0.012695571662596933,False,False,"[370, 307, 390, 459, 362]"
val/00417_Animalia_Arthropoda_Insecta_Coleoptera_Zopheridae_Phloeodes_diabolicus/aa716040-e6d5-4cc8-93d7-e09b858fbeb6.jpg,20,297,0.013485057879218292,False,False,"[297, 398, 341, 334, 33]"
val/00417_Animalia_Arthropoda_Insecta_Coleoptera_Zopheridae_Phloeodes_diabolicus/acfd6f69-96b6-4eaa-b45a-fb87ce15d7db.jpg,20,301,0.0106196562032956,False,False,"[301, 289, 288, 340, 287]"
val/00417_Animalia_Arthropoda_Insecta_Coleoptera_Zopheridae_Phloeodes_diabolicus/ae16a1a8-9eaa-4d95-b687-1a5bb76c9485.jpg,20,66,0.029542191476935695,False,False,"[66, 47, 88, 180, 34]"
val/00417_Animalia_Arthropoda_Insecta_Coleoptera_Zopheridae_Phloeodes_diabolicus/b876a0f0-7585-47d6-890c-b925a7ed5df9.jpg,20,476,0.013085554137528549,False,False,"[476, 314, 331, 469, 416]"
val/00417_Animalia_Arthropoda_Insecta_Coleoptera_Zopheridae_Phloeodes_diabolicus/c5f2cfb9-60e3-4061-9e73-ccbbcd3484b4.jpg,20,178,0.010257063366877584,False,False,"[178, 176, 15, 173, 91]"
val/00417_Animalia_Arthropoda_Insecta_Coleoptera_Zopheridae_Phloeodes_diabolicus/e1f9767c-3f15-4835-991c-f642066713f5.jpg,20,37,0.010715736039831626,False,False,"[37, 107, 101, 419, 468]"
val/00473_Animalia_Arthropoda_Insecta_Diptera_Syrphidae_Eupeodes_corollae/2c90ef5a-57f8-4129-b10b-c82e94e4cb49.jpg,21,415,0.008983395539133495,False,False,"[415, 495, 481, 106, 286]"
val/00473_Animalia_Arthropoda_Insecta_Diptera_Syrphidae_Eupeodes_corollae/4daa506a-304f-47bf-ad49-bae4439bc761.jpg,21,462,0.010246379226467747,False,False,"[462, 354, 291, 97, 401]"
val/00473_Animalia_Arthropoda_Insecta_Diptera_Syrphidae_Eupeodes_corollae/56dd5129-5681-4fc3-a8dd-5788fee67c84.jpg,21,144,0.014852907165789225,False,False,"[144, 398, 97, 147, 16]"
val/00473_Animalia_Arthropoda_Insecta_Diptera_Syrphidae_Eupeodes_corollae/5bc933aa-73e9-40e7-a5cf-38455cecbcce.jpg,21,81,0.010153181524136244,False,False,"[81, 293, 384, 96, 423]"
val/00473_Animalia_Arthropoda_Insecta_Diptera_Syrphidae_Eupeodes_corollae/baf975b8-c65c-4ae3-92ba-7229b8b565a9.jpg,21,155,0.008879995433037597,False,False,"[155, 424, 332, 225, 472]"
val/00473_Animalia_Arthropoda_Insecta_Diptera_Syrphidae_Eupeodes_corollae/c16d5e8c-ab36-4eda-8aa3-9d7399a00100.jpg,21,283,0.009826431633416165,False,False,"[283, 8, 80, 299, 391]"
val/00473_Animalia_Arthropoda_Insecta_Diptera_Syrphidae_Eupeodes_corollae/c81fc8f2-e4ab-4108-9195-a68ce65d9b3b.jpg,21,398,0.009637477378745863,False,False,"[398, 1, 364, 473, 347]"
val/00473_Animalia_Arthropoda_Insecta_Diptera_Syrphidae_Eupeodes_corollae/c8f38d9d-37ab-45f2-a686-2fc4a633f2ae.jpg,21,416,0.01441181934769158,False,False,"[416, 198, 177, 146, 178]"
val/00473_Animalia_Arthropoda_Insecta_Diptera_Syrphidae_Eupeodes_corollae/e0645640-cd70-438c-9f93-1a28bedb3b1c.jpg,21,253,0.009566101327390976,False,False,"[253, 182, 23, 185, 67]"
val/00473_Animalia_Arthropoda_Insecta_Diptera_Syrphidae_Eupeodes_corollae/fdf40cbe-83ce-4aff-aa3b-c6dc67cc978f.jpg,21,239,0.008982219080121367,False,False,"[239, 225, 192, 31, 143]"
val/00484_Animalia_Arthropoda_Insecta_Diptera_Syrphidae_Paragus_haemorrhous/090dc541-fcc6-48f7-a8fd-363a0dbc2f23.jpg,22,52,0.01443557577024662,False,False,"[52, 63, 90, 58, 23]"
val/00484_Animalia_Arthropoda_Insecta_Diptera_Syrphidae_Paragus_haemorrhous/09283f97-c48d-4a2c-a376-a20a5ec7e719.jpg,22,66,0.01553618317393056,False,False,"[66, 442, 335, 411, 42]"
val/00484_Animalia_Arthropoda_Insecta_Diptera_Syrphidae_Paragus_haemorrhous/8424b5a9-aa39-4291-b69c-1e9daa9d2bc6.jpg,22,75,0.01637509228771335,False,False,"[75, 432, 86, 167, 73]"
val/00484_Animalia_Arthropoda_Insecta_Diptera_Syrphidae_Paragus_haemorrhous/8b26ab29-8090-4a49-8045-2c7393fed5c4.jpg,22,190,0.023566857716078183,False,False,"[190, 9, 96, 70, 385]"
val/00484_Animalia_Arthropoda_Insecta_Diptera_Syrphidae_Paragus_haemorrhous/8cd9965a-9aed-42f8-905d-2bac2a05b267.jpg,22,331,0.009664301467544241,False,False,"[331, 245, 255, 109, 7]"
val/00484_Animalia_Arthropoda_Insecta_Diptera_Syrphidae_Paragus_haemorrhous/a2142c31-4f73-40c9-b34d-9828f2716e42.jpg,22,196,0.01818979140587539,False,False,"[196, 198, 302, 116, 176]"
val/00484_Animalia_Arthropoda_Insecta_Diptera_Syrphidae_Paragus_haemorrhous/bec780cd-3728-4dd6-b200-5c944adde47b.jpg,22,74,0.015784795477860002,False,False,"[74, 85, 97, 337, 57]"
val/00484_Animalia_Arthropoda_Insecta_Diptera_Syrphidae_Paragus_haemorrhous/e08fa5fb-f0e0-4f99-bc0e-844bb95aef6b.jpg,22,490,0.009855968339420424,False,False,"[490, 375, 254, 80, 362]"
val/00484_Animalia_Arthropoda_Insecta_Diptera_Syrphidae_Paragus_haemorrhous/eb601b65-b5d6-46d7-b1d7-5e24337e9556.jpg,22,186,0.019683166127739363,False,False,"[186, 142, 64, 18, 241]"
val/00484_Animalia_Arthropoda_Insecta_Diptera_Syrphidae_Paragus_haemorrhous/ee6c7b54-ca97-40bc-acff-ea432176c737.jpg,22,241,0.0272934063171015,False,False,"[241, 62, 111, 164, 23]"
val/00493_Animalia_Arthropoda_Insecta_Diptera_Syrphidae_Toxomerus_politus/39429d7f-602e-4dde-9ee2-945900320606.jpg,23,271,0.015199466886215374,False,False,"[271, 243, 188, 250, 53]"
val/00493_Animalia_Arthropoda_Insecta_Diptera_Syrphidae_Toxomerus_politus/4b194b68-765d-45f1-aace-b6788d3c05c6.jpg,23,142,0.019687794718435996,False,False,"[142, 241, 139, 470, 471]"
val/00493_Animalia_Arthropoda_Insecta_Diptera_Syrphidae_Toxomerus_politus/4d5199ae-bca6-4ee7-81df-738a77aa02d7.jpg,23,75,0.026032511709740018,False,False,"[75, 55, 86, 59, 16]"
val/00493_Animalia_Arthropoda_Insecta_Diptera_Syrphidae_Toxomerus_politus/541c97c7-917e-46a0-b2e6-48e7b019d776.jpg,23,118,0.021072430010168508,False,False,"[118, 142, 85, 113, 162]"
val/00493_Animalia_Arthropoda_Insecta_Diptera_Syrphidae_Toxomerus_politus/6667745d-a0c3-467c-9560-ac2548e17f9a.jpg,23,164,0.0304391099143175,False,False,"[164, 142, 18, 111, 197]"
val/00493_Animalia_Arthropoda_Insecta_Diptera_Syrphidae_Toxomerus_politus/8bb85286-6d93-48bc-b841-8e1251360d80.jpg,23,139,0.02320858707683063,False,False,"[139, 107, 8, 381, 142]"
val/00493_Animalia_Arthropoda_Insecta_Diptera_Syrphidae_Toxomerus_politus/9f52ef9d-18b1-43ab-aba3-ea9841a4f12c.jpg,23,212,0.02182601330859763,False,False,"[212, 4, 252, 146, 15]"
val/00493_Animalia_Arthropoda_Insecta_Diptera_Syrphidae_Toxomerus_politus/bf6ba9bf-3ef3-402b-8c1f-5c39aee0c2f0.jpg,23,80,0.02290669967794158,False,False,"[80, 47, 72, 18, 73]"
val/00493_Animalia_Arthropoda_Insecta_Diptera_Syrphidae_Toxomerus_politus/d5c97300-46db-4d6c-ac00-b59d8ecc8a0e.jpg,23,233,0.02425678579249869,False,False,"[233, 216, 52, 197, 185]"
val/00493_Animalia_Arthropoda_Insecta_Diptera_Syrphidae_Toxomerus_politus/f8616c2d-2c22-40bb-a62e-54a9cbc75e8c.jpg,23,185,0.01627061224319957,False,False,"[185, 237, 159, 248, 63]"
val/00501_Animalia_Arthropoda_Insecta_Diptera_Tachinidae_Trichopoda_pennipes/1542e90d-8316-451a-b769-cd285c8ca2b3.jpg,24,10,0.012232109477778686,False,False,"[10, 354, 488, 358, 477]"
val/00501_Animalia_Arthropoda_Insecta_Diptera_Tachinidae_Trichopoda_pennipes/1d3b3621-3ed0-4f54-87a0-db2a5fe9b22c.jpg,24,295,0.010204706719339145,False,False,"[295, 385, 141, 145, 179]"
val/00501_Animalia_Arthropoda_Insecta_Diptera_Tachinidae_Trichopoda_pennipes/2da9b308-b258-4dde-9b51-38e036bdd45c.jpg,24,497,0.009787021459985749,False,False,"[497, 415, 169, 428, 67]"
val/00501_Animalia_Arthropoda_Insecta_Diptera_Tachinidae_Trichopoda_pennipes/45f33a3a-fd9a-4412-952b-c7c06e76002e.jpg,24,158,0.014838543503300385,False,False,"[158, 324, 335, 474, 213]"
val/00501_Animalia_Arthropoda_Insecta_Diptera_Tachinidae_Trichopoda_pennipes/491d2e00-8903-448f-b83d-3777e36d727f.jpg,24,142,0.016493412406962175,False,False,"[142, 0, 53, 257, 18]"
val/00501_Animalia_Arthropoda_Insecta_Diptera_Tachinidae_Trichopoda_pennipes/6bdb7e56-4278-453b-9a6c-a5544df80693.jpg,24,261,0.009025777960181953,False,False,"[261, 219, 469, 334, 142]"
val/00501_Animalia_Arthropoda_Insecta_Diptera_Tachinidae_Trichopoda_pennipes/7903ce62-503e-40c5-a7ed-302e0371b88e.jpg,24,359,0.022431027830170168,False,False,"[359, 446, 489, 447, 439]"
val/00501_Animalia_Arthropoda_Insecta_Diptera_Tachinidae_Trichopoda_pennipes/9da1e2b3-6509-425e-a56d-7afb2fd31b03.jpg,24,125,0.015874807812406376,False,False,"[125, 385, 198, 274, 239]"
val/00501_Animalia_Arthropoda_Insecta_Diptera_Tachinidae_Trichopoda_pennipes/b6a974d2-c48d-41d6-a562-718ecfab1e79.jpg,24,418,0.027968632525193708,False,True,"[418, 478, 364, 24, 39]"
val/00501_Animalia_Arthropoda_Insecta_Diptera_Tachinidae_Trichopoda_pennipes/e52f984a-383c-431c-8871-dc0286064b71.jpg,24,133,0.011770272694186417,False,False,"[133, 65, 89, 246, 132]"
val/00533_Animalia_Arthropoda_Insecta_Hemiptera_Cicadellidae_Graphocephala_fennahi/24fbc312-d32a-401f-ad99-2befd7ab70b8.jpg,25,85,0.012316729875867773,False,False,"[85, 43, 182, 136, 151]"
val/00533_Animalia_Arthropoda_Insecta_Hemiptera_Cicadellidae_Graphocephala_fennahi/46bf0f31-207b-4fa6-94d5-f7421abb63b1.jpg,25,241,0.014145409311662738,False,False,"[241, 40, 186, 246, 129]"
val/00533_Animalia_Arthropoda_Insecta_Hemiptera_Cicadellidae_Graphocephala_fennahi/56cb1f6e-ff29-4a48-9b50-aa1ee7b9ea6c.jpg,25,270,0.016342816558177865,False,False,"[270, 197, 172, 182, 216]"
val/00533_Animalia_Arthropoda_Insecta_Hemiptera_Cicadellidae_Graphocephala_fennahi/7a8a551b-5b62-43eb-8026-c349c3c3152b.jpg,25,64,0.01239102558399527,False,False,"[64, 43, 184, 185, 82]"
val/00533_Animalia_Arthropoda_Insecta_Hemiptera_Cicadellidae_Graphocephala_fennahi/7eb699aa-ab6b-4e4a-8479-b50aeb20a6d9.jpg,25,405,0.011709452568861006,False,False,"[405, 380, 379, 343, 10]"
val/00533_Animalia_Arthropoda_Insecta_Hemiptera_Cicadellidae_Graphocephala_fennahi/99fe384f-1b05-4160-b73d-3f133852cbc7.jpg,25,62,0.021857753024865215,False,False,"[62, 76, 190, 235, 192]"
val/00533_Animalia_Arthropoda_Insecta_Hemiptera_Cicadellidae_Graphocephala_fennahi/9d8d2999-ce28-4dee-948f-fb52928f86b8.jpg,25,182,0.015418835493903401,False,False,"[182, 174, 13, 233, 127]"
val/00533_Animalia_Arthropoda_Insecta_Hemiptera_Cicadellidae_Graphocephala_fennahi/d294cc1d-d6e1-4eeb-b1f5-6da54241d84f.jpg,25,252,0.01319098022394688,False,False,"[252, 119, 181, 159, 196]"
val/00533_Animalia_Arthropoda_Insecta_Hemiptera_Cicadellidae_Graphocephala_fennahi/df60cd6f-b4ba-40b6-96d9-8b822300f7e3.jpg,25,135,0.02184470323464178,False,False,"[135, 127, 129, 6, 85]"
val/00533_Animalia_Arthropoda_Insecta_Hemiptera_Cicadellidae_Graphocephala_fennahi/e008c81a-2422-4ada-bc9d-5c32133f7cf0.jpg,25,269,0.012120161215352867,False,False,"[269, 203, 154, 210, 128]"
val/00552_Animalia_Arthropoda_Insecta_Hemiptera_Cicadidae_Neotibicen_superbus/06f7187b-3f3b-483e-8834-6ec4a0b4da80.jpg,26,295,0.01566085612004719,False,False,"[295, 93, 134, 223, 184]"
val/00552_Animalia_Arthropoda_Insecta_Hemiptera_Cicadidae_Neotibicen_superbus/1f4d3b40-fbbd-4e9b-9998-44b4c1a8d490.jpg,26,286,0.015781551165739663,False,False,"[286, 239, 471, 264, 257]"
val/00552_Animalia_Arthropoda_Insecta_Hemiptera_Cicadidae_Neotibicen_superbus/30960b28-416e-4161-8077-a7062506bf77.jpg,26,370,0.009598899200937382,False,False,"[370, 390, 367, 361, 20]"
val/00552_Animalia_Arthropoda_Insecta_Hemiptera_Cicadidae_Neotibicen_superbus/48ad2754-8e50-4ae3-86a4-07a60ed33b10.jpg,26,98,0.009056626152457642,False,False,"[98, 249, 262, 446, 270]"
val/00552_Animalia_Arthropoda_Insecta_Hemiptera_Cicadidae_Neotibicen_superbus/759b4724-6110-4d08-b6c3-11f7b7562524.jpg,26,20,0.009915978513723944,False,False,"[20, 382, 279, 174, 52]"
val/00552_Animalia_Arthropoda_Insecta_Hemiptera_Cicadidae_Neotibicen_superbus/83d68774-6b2b-4c66-8fd2-c8413165feb9.jpg,26,51,0.025830392635532096,False,False,"[51, 57, 56, 63, 52]"
val/00552_Animalia_Arthropoda_Insecta_Hemiptera_Cicadidae_Neotibicen_superbus/87518fa0-d694-46cc-b782-53fb115d8b9d.jpg,26,163,0.02315593543467313,False,False,"[163, 34, 187, 4, 88]"
val/00552_Animalia_Arthropoda_Insecta_Hemiptera_Cicadidae_Neotibicen_superbus/c79cb239-d2d9-42a8-ae55-4de47b79c245.jpg,26,34,0.01242796191028056,False,False,"[34, 75, 211, 172, 163]"
val/00552_Animalia_Arthropoda_Insecta_Hemiptera_Cicadidae_Neotibicen_superbus/d6060408-0f1e-4aec-bf92-41463c31d8e9.jpg,26,159,0.009372411815168758,False,False,"[159, 393, 490, 224, 261]"
val/00552_Animalia_Arthropoda_Insecta_Hemiptera_Cicadidae_Neotibicen_superbus/f2cb5e8e-62c3-48b3-a6b0-70299927e6e2.jpg,26,282,0.023623552285763388,False,False,"[282, 73, 86, 121, 44]"
val/00570_Animalia_Arthropoda_Insecta_Hemiptera_Coreidae_Leptoglossus_phyllopus/21294a42-6fe1-43f6-a030-91f561ec904b.jpg,27,472,0.009867889271704688,False,False,"[472, 353, 347, 471, 255]"
val/00570_Animalia_Arthropoda_Insecta_Hemiptera_Coreidae_Leptoglossus_phyllopus/34a0239d-453c-49a7-8f7a-ee8f7c188b5a.jpg,27,456,0.009283092895524906,False,False,"[456, 401, 336, 170, 149]"
val/00570_Animalia_Arthropoda_Insecta_Hemiptera_Coreidae_Leptoglossus_phyllopus/3c2edc1c-e6da-43fc-93a3-b1c40701661c.jpg,27,257,0.008333905843936906,False,False,"[257, 311, 418, 305, 353]"
val/00570_Animalia_Arthropoda_Insecta_Hemiptera_Coreidae_Leptoglossus_phyllopus/55800720-4522-49ac-a86b-8f28e865b5a9.jpg,27,111,0.05954110206683244,False,False,"[111, 17, 172, 197, 73]"
val/00570_Animalia_Arthropoda_Insecta_Hemiptera_Coreidae_Leptoglossus_phyllopus/5a6a9ea3-798d-4288-b776-ca5fb97e015d.jpg,27,200,0.009560382820588223,False,False,"[200, 399, 3, 226, 420]"
val/00570_Animalia_Arthropoda_Insecta_Hemiptera_Coreidae_Leptoglossus_phyllopus/5ebe4f29-5542-4298-b02e-88b083ddce38.jpg,27,317,0.02129921911761846,False,False,"[317, 320, 52, 124, 65]"
val/00570_Animalia_Arthropoda_Insecta_Hemiptera_Coreidae_Leptoglossus_phyllopus/7b196fc1-e850-45c6-9c9a-f5d974f0fc6f.jpg,27,34,0.05535046683777079,False,False,"[34, 237, 86, 52, 85]"
val/00570_Animalia_Arthropoda_Insecta_Hemiptera_Coreidae_Leptoglossus_phyllopus/896bf7f7-8f61-4995-bd46-237e6f41b842.jpg,27,266,0.01568844830782724,False,False,"[266, 228, 73, 25, 46]"
val/00570_Animalia_Arthropoda_Insecta_Hemiptera_Coreidae_Leptoglossus_phyllopus/b0d743c8-6b79-446d-96be-949f05d5e1ab.jpg,27,102,0.009189541081340425,False,False,"[102, 15, 188, 215, 185]"
val/00570_Animalia_Arthropoda_Insecta_Hemiptera_Coreidae_Leptoglossus_phyllopus/e46c2d2c-cd8f-457f-8565-9f8c21dbb1ad.jpg,27,431,0.009813382930163126,False,False,"[431, 483, 415, 294, 327]"
val/00630_Animalia_Arthropoda_Insecta_Hemiptera_Pentatomidae_Nezara_viridula/0b865e49-0f68-49ef-938b-1579ad68a6fa.jpg,28,235,0.009799957051748277,False,False,"[235, 31, 282, 44, 169]"
val/00630_Animalia_Arthropoda_Insecta_Hemiptera_Pentatomidae_Nezara_viridula/0bd0ecf0-aa5e-4cdb-9feb-f15f174f70cf.jpg,28,6,0.01613313977647918,False,False,"[6, 3, 228, 113, 124]"
val/00630_Animalia_Arthropoda_Insecta_Hemiptera_Pentatomidae_Nezara_viridula/729f6d54-4723-4336-9a0f-c1b5988dd574.jpg,28,196,0.025371155105797395,False,False,"[196, 241, 197, 304, 248]"
val/00630_Animalia_Arthropoda_Insecta_Hemiptera_Pentatomidae_Nezara_viridula/827a9709-dbed-4077-b5f2-05a67ee3c5b2.jpg,28,88,0.009972308815275381,False,False,"[88, 485, 45, 281, 251]"
val/00630_Animalia_Arthropoda_Insecta_Hemiptera_Pentatomidae_Nezara_viridula/83fbfc52-8fde-48dc-8add-0659b3629959.jpg,28,240,0.0153673158375559,False,False,"[240, 254, 239, 18, 98]"
val/00630_Animalia_Arthropoda_Insecta_Hemiptera_Pentatomidae_Nezara_viridula/8e3939cd-c5d1-4971-af4f-cc7c6595fe2a.jpg,28,85,0.018109859322838647,False,False,"[85, 49, 436, 316, 86]"
val/00630_Animalia_Arthropoda_Insecta_Hemiptera_Pentatomidae_Nezara_viridula/af46a285-c8be-4c37-9f35-6bc83f3abf73.jpg,28,262,0.016443310048779684,False,False,"[262, 48, 55, 5, 174]"
val/00630_Animalia_Arthropoda_Insecta_Hemiptera_Pentatomidae_Nezara_viridula/e2cb3ce7-9fba-4f00-9cc0-09e7f997f290.jpg,28,410,0.016196461225236908,False,False,"[410, 289, 401, 373, 407]"
val/00630_Animalia_Arthropoda_Insecta_Hemiptera_Pentatomidae_Nezara_viridula/f24ef149-9698-41df-8743-d54fe9c4b212.jpg,28,493,0.009796295515041731,False,False,"[493, 93, 152, 256, 449]"
val/00630_Animalia_Arthropoda_Insecta_Hemiptera_Pentatomidae_Nezara_viridula/fdab67b9-39c9-442c-8415-5fab58b73f8a.jpg,28,87,0.042135992829929,False,False,"[87, 83, 257, 66, 55]"
val/00652_Animalia_Arthropoda_Insecta_Hemiptera_Reduviidae_Pselliopus_barberi/08db2fd5-68b2-48a7-8a85-07aea2bd10d3.jpg,29,115,0.009329293254851637,False,False,"[115, 274, 239, 257, 157]"
val/00652_Animalia_Arthropoda_Insecta_Hemiptera_Reduviidae_Pselliopus_barberi/0fb4b2de-e83a-4b77-a766-2747e2dbc8f5.jpg,29,352,0.017217505518601805,False,False,"[352, 407, 337, 404, 351]"
val/00652_Animalia_Arthropoda_Insecta_Hemiptera_Reduviidae_Pselliopus_barberi/105b02f8-c09d-42fc-b079-bcf27d0c4a83.jpg,29,73,0.08320970972638073,False,False,"[73, 18, 47, 51, 91]"
val/00652_Animalia_Arthropoda_Insecta_Hemiptera_Reduviidae_Pselliopus_barberi/73379341-4fc3-41bd-8390-cf6605dc28e6.jpg,29,225,0.01726623984556532,False,False,"[225, 131, 228, 61, 215]"
val/00652_Animalia_Arthropoda_Insecta_Hemiptera_Reduviidae_Pselliopus_barberi/7b5fe607-1e23-4527-8033-e449e03ff5dd.jpg,29,66,0.01653317452600873,False,False,"[66, 57, 96, 47, 98]"
val/00652_Animalia_Arthropoda_Insecta_Hemiptera_Reduviidae_Pselliopus_barberi/96a06429-b887-4595-b2ba-b06c870ed0ef.jpg,29,293,0.009871933225058936,False,False,"[293, 292, 413, 65, 301]"
val/00652_Animalia_Arthropoda_Insecta_Hemiptera_Reduviidae_Pselliopus_barberi/a83d4d0f-0d63-42f8-b6b5-5a7ae108ac8c.jpg,29,329,0.01991283368992451,False,False,"[329, 449, 201, 178, 137]"
val/00652_Animalia_Arthropoda_Insecta_Hemiptera_Reduviidae_Pselliopus_barberi/c55e0588-6737-4f47-b85f-39d8da520348.jpg,29,56,0.024127006592585754,False,False,"[56, 87, 64, 86, 73]"
val/00652_Animalia_Arthropoda_Insecta_Hemiptera_Reduviidae_Pselliopus_barberi/f2598e14-b8c2-469a-a4b8-b71229990f08.jpg,29,40,0.017006092342327153,False,False,"[40, 197, 161, 237, 242]"
val/00652_Animalia_Arthropoda_Insecta_Hemiptera_Reduviidae_Pselliopus_barberi/f2cf0e1a-7377-4ddd-b115-136b0dd14973.jpg,29,361,0.014889720256548286,False,True,"[361, 289, 96, 405, 29]"
val/00661_Animalia_Arthropoda_Insecta_Hemiptera_Rhopalidae_Boisea_trivittata/1c09490c-0be7-482f-91e2-7169ddf5e63a.jpg,30,307,0.023811963330264547,False,False,"[307, 336, 289, 311, 467]"
val/00661_Animalia_Arthropoda_Insecta_Hemiptera_Rhopalidae_Boisea_trivittata/1c13b275-2d7e-4416-a023-308895871c55.jpg,30,29,0.009098372486250837,False,False,"[29, 327, 187, 433, 265]"
val/00661_Animalia_Arthropoda_Insecta_Hemiptera_Rhopalidae_Boisea_trivittata/2b785c5c-89a6-451e-af63-2d0acd9759e3.jpg,30,478,0.011348260340432507,False,False,"[478, 450, 167, 301, 451]"
val/00661_Animalia_Arthropoda_Insecta_Hemiptera_Rhopalidae_Boisea_trivittata/3ca05b82-03e1-4b0b-9c7a-0469e4e40262.jpg,30,108,0.010583284690132987,False,False,"[108, 70, 157, 489, 370]"
val/00661_Animalia_Arthropoda_Insecta_Hemiptera_Rhopalidae_Boisea_trivittata/55021ff4-5a93-43ab-933b-cea21b3fe6a7.jpg,30,494,0.00913576196456735,False,False,"[494, 254, 12, 443, 293]"
val/00661_Animalia_Arthropoda_Insecta_Hemiptera_Rhopalidae_Boisea_trivittata/6b9135e7-371f-4346-ba9a-f27493d6febe.jpg,30,38,0.009480571603473396,False,False,"[38, 259, 3, 78, 340]"
val/00661_Animalia_Arthropoda_Insecta_Hemiptera_Rhopalidae_Boisea_trivittata/8759cbba-fdfd-49a6-9afe-b074431f6c97.jpg,30,242,0.024688192715650276,False,False,"[242, 164, 180, 59, 166]"
val/00661_Animalia_Arthropoda_Insecta_Hemiptera_Rhopalidae_Boisea_trivittata/8ff133d4-2728-4e36-9b23-9d8382324c34.jpg,30,207,0.02396761473503516,False,False,"[207, 258, 10, 451, 405]"
val/00661_Animalia_Arthropoda_Insecta_Hemiptera_Rhopalidae_Boisea_trivittata/987ac0f3-ab53-4d95-9a76-cf3a2b5ac812.jpg,30,483,0.017047368975077713,False,False,"[483, 20, 489, 376, 371]"
val/00661_Animalia_Arthropoda_Insecta_Hemiptera_Rhopalidae_Boisea_trivittata/e311de7c-8489-404d-a857-a864c6942f38.jpg,30,359,0.017385581923747694,False,False,"[359, 187, 382, 419, 376]"
val/00665_Animalia_Arthropoda_Insecta_Hemiptera_Rhyparochromidae_Rhyparochromus_vulgaris/063266d1-9337-41f2-862d-33de958bdb6f.jpg,31,233,0.009279388960976834,False,False,"[233, 170, 217, 156, 182]"
val/00665_Animalia_Arthropoda_Insecta_Hemiptera_Rhyparochromidae_Rhyparochromus_vulgaris/21052749-0f30-4041-abb2-42f315ccdd71.jpg,31,148,0.008940637944410027,False,False,"[148, 84, 497, 4, 51]"
val/00665_Animalia_Arthropoda_Insecta_Hemiptera_Rhyparochromidae_Rhyparochromus_vulgaris/50c902f3-9e67-4998-a282-72b3793bc4ea.jpg,31,175,0.028737270060357048,False,False,"[175, 172, 184, 185, 236]"
val/00665_Animalia_Arthropoda_Insecta_Hemiptera_Rhyparochromidae_Rhyparochromus_vulgaris/65383bd4-6bcd-422d-80bc-a07a3b661621.jpg,31,92,0.01170172073562542,False,False,"[92, 30, 228, 55, 497]"
val/00665_Animalia_Arthropoda_Insecta_Hemiptera_Rhyparochromidae_Rhyparochromus_vulgaris/6dfa7d74-70aa-48be-801a-fc6f6ef0a5da.jpg,31,404,0.00913098199825737,False,False,"[404, 441, 145, 355, 309]"
val/00665_Animalia_Arthropoda_Insecta_Hemiptera_Rhyparochromidae_Rhyparochromus_vulgaris/9169402f-b05b-4560-a5b7-2602652f2eb2.jpg,31,76,0.022212972943281343,False,False,"[76, 16, 284, 244, 41]"
val/00665_Animalia_Arthropoda_Insecta_Hemiptera_Rhyparochromidae_Rhyparochromus_vulgaris/bc69c1de-9744-4323-9f6d-8ec70a6d5f3c.jpg,31,180,0.015189666661798778,False,False,"[180, 236, 205, 176, 186]"
val/00665_Animalia_Arthropoda_Insecta_Hemiptera_Rhyparochromidae_Rhyparochromus_vulgaris/c12588af-7247-44a1-8f3c-5c2d8f7443fd.jpg,31,69,0.009242154755216826,False,False,"[69, 27, 59, 136, 387]"
val/00665_Animalia_Arthropoda_Insecta_Hemiptera_Rhyparochromidae_Rhyparochromus_vulgaris/c73f857f-92b3-4188-b5c6-632daa0797e3.jpg,31,160,0.14907065224606844,False,False,"[160, 155, 192, 172, 175]"
val/00665_Animalia_Arthropoda_Insecta_Hemiptera_Rhyparochromidae_Rhyparochromus_vulgaris/eb07d8ca-3724-41f0-8116-d9496ca49a99.jpg,31,56,0.03602722020276935,False,False,"[56, 193, 64, 119, 113]"
val/00688_Animalia_Arthropoda_Insecta_Hymenoptera_Apidae_Bombus_huntii/0bc4d2ae-06a5-49bf-9e23-ad23f358fc67.jpg,32,306,0.014133584294376007,False,False,"[306, 369, 489, 204, 199]"
val/00688_Animalia_Arthropoda_Insecta_Hymenoptera_Apidae_Bombus_huntii/5f8dd99c-50ac-44c3-ab76-b58b4f23df3f.jpg,32,421,0.010947229011354823,False,False,"[421, 307, 336, 349, 479]"
val/00688_Animalia_Arthropoda_Insecta_Hymenoptera_Apidae_Bombus_huntii/87209ea2-2ca8-460f-b749-db3454e6f8f2.jpg,32,297,0.009808398825289704,False,False,"[297, 295, 484, 450, 384]"
val/00688_Animalia_Arthropoda_Insecta_Hymenoptera_Apidae_Bombus_huntii/90e903d5-0398-4aa3-870a-14d8c0b5c7f6.jpg,32,317,0.009679055858327207,False,False,"[317, 440, 344, 381, 421]"
val/00688_Animalia_Arthropoda_Insecta_Hymenoptera_Apidae_Bombus_huntii/a0e79b38-c9c6-4dad-a646-e7af73d44daa.jpg,32,127,0.009180645217644792,False,False,"[127, 45, 222, 205, 217]"
val/00688_Animalia_Arthropoda_Insecta_Hymenoptera_Apidae_Bombus_huntii/a7a76fc3-566c-4753-a0c5-f3f838298c40.jpg,32,348,0.015837428196837647,False,False,"[348, 445, 10, 477, 474]"
val/00688_Animalia_Arthropoda_Insecta_Hymenoptera_Apidae_Bombus_huntii/cd6cc0f9-d52a-421d-9c94-c22cde0b7b83.jpg,32,97,0.009468629950739004,False,False,"[97, 15, 348, 490, 118]"
val/00688_Animalia_Arthropoda_Insecta_Hymenoptera_Apidae_Bombus_huntii/cfc92b4b-290e-4473-8a55-a6a7b9e440b3.jpg,32,308,0.010461026862557869,False,False,"[308, 490, 470, 391, 299]"
val/00688_Animalia_Arthropoda_Insecta_Hymenoptera_Apidae_Bombus_huntii/e6d89d26-2d1e-4329-8a40-d580aa6f6dcd.jpg,32,347,0.009531093196531752,False,False,"[347, 473, 421, 301, 297]"
val/00688_Animalia_Arthropoda_Insecta_Hymenoptera_Apidae_Bombus_huntii/fc5f6f0d-c64c-42d5-ab57-bc3dc3c7cbd7.jpg,32,468,0.01609837221783418,False,False,"[468, 102, 430, 83, 79]"
val/00728_Animalia_Arthropoda_Insecta_Hymenoptera_Cynipidae_Amphibolips_quercusjuglans/26fdea5a-f64a-42d0-a1c0-2ddf7720cc64.jpg,33,87,0.021897652671494516,False,False,"[87, 86, 117, 51, 62]"
val/00728_Animalia_Arthropoda_Insecta_Hymenoptera_Cynipidae_Amphibolips_quercusjuglans/75f505c9-de1c-4a97-bf1c-131609e172f6.jpg,33,329,0.013001992097495581,False,False,"[329, 216, 449, 330, 258]"
val/00728_Animalia_Arthropoda_Insecta_Hymenoptera_Cynipidae_Amphibolips_quercusjuglans/8da38332-046e-43e4-8765-e3b36023fcab.jpg,33,191,0.016048299279860886,False,False,"[191, 40, 64, 266, 183]"
val/00728_Animalia_Arthropoda_Insecta_Hymenoptera_Cynipidae_Amphibolips_quercusjuglans/94874a4b-a367-4c2b-93e2-5c3317f1beb6.jpg,33,347,0.009903588006307746,False,False,"[347, 424, 417, 458, 401]"
val/00728_Animalia_Arthropoda_Insecta_Hymenoptera_Cynipidae_Amphibolips_quercusjuglans/95a088b1-86ce-49d4-bc67-d3b84ac34733.jpg,33,100,0.009859267251052826,False,False,"[100, 291, 16, 459, 275]"
val/00728_Animalia_Arthropoda_Insecta_Hymenoptera_Cynipidae_Amphibolips_quercusjuglans/a248f384-76a9-4360-b5d7-8525da8c8346.jpg,33,456,0.009418345554189952,False,False,"[456, 141, 144, 356, 52]"
val/00728_Animalia_Arthropoda_Insecta_Hymenoptera_Cynipidae_Amphibolips_quercusjuglans/c3d50e07-b4e1-4247-88e1-306bd4ea388f.jpg,33,73,0.010461093645787145,False,False,"[73, 26, 181, 17, 14]"
val/00728_Animalia_Arthropoda_Insecta_Hymenoptera_Cynipidae_Amphibolips_quercusjuglans/dbe085c8-a33b-4f0b-a1e5-8f212352e870.jpg,33,459,0.01558525988823165,False,False,"[459, 232, 234, 419, 297]"
val/00728_Animalia_Arthropoda_Insecta_Hymenoptera_Cynipidae_Amphibolips_quercusjuglans/e84174eb-acba-467c-9e5b-f3eb2a5e744c.jpg,33,417,0.011817720879111999,False,False,"[417, 360, 404, 471, 107]"
val/00728_Animalia_Arthropoda_Insecta_Hymenoptera_Cynipidae_Amphibolips_quercusjuglans/ea928f5d-99df-483d-a252-cece7afa3209.jpg,33,124,0.00909981192962708,False,False,"[124, 133, 479, 168, 322]"
val/00737_Animalia_Arthropoda_Insecta_Hymenoptera_Evaniidae_Evania_appendigaster/071e7de7-74c1-45b8-afa6-bf5b8924530e.jpg,34,186,0.010976481199455155,False,True,"[186, 43, 34, 172, 281]"
val/00737_Animalia_Arthropoda_Insecta_Hymenoptera_Evaniidae_Evania_appendigaster/07cc4600-5b1f-4c8a-b1f0-a56796dbef36.jpg,34,241,0.04496352272295807,False,False,"[241, 172, 164, 40, 237]"
val/00737_Animalia_Arthropoda_Insecta_Hymenoptera_Evaniidae_Evania_appendigaster/095ec1c4-6875-4d9d-b944-f0ac4aae0ddb.jpg,34,172,0.019649057858233294,False,False,"[172, 197, 40, 174, 186]"
val/00737_Animalia_Arthropoda_Insecta_Hymenoptera_Evaniidae_Evania_appendigaster/2c1bff57-bf9e-40f1-8968-4a426ffb4063.jpg,34,171,0.05408087831912585,False,True,"[171, 160, 119, 34, 52]"
val/00737_Animalia_Arthropoda_Insecta_Hymenoptera_Evaniidae_Evania_appendigaster/38f49430-b843-4209-a1d7-458f90cd65be.jpg,34,118,0.023673508820747105,False,False,"[118, 241, 179, 205, 159]"
val/00737_Animalia_Arthropoda_Insecta_Hymenoptera_Evaniidae_Evania_appendigaster/3b06f6b1-31ae-4c0f-850c-c223dbd6b8d5.jpg,34,118,0.027518882122459676,False,False,"[118, 36, 285, 180, 160]"
val/00737_Animalia_Arthropoda_Insecta_Hymenoptera_Evaniidae_Evania_appendigaster/5dc948f3-1d1f-46aa-90d9-8f75dae9ad7b.jpg,34,174,0.019377322634894546,False,False,"[174, 192, 186, 30, 73]"
val/00737_Animalia_Arthropoda_Insecta_Hymenoptera_Evaniidae_Evania_appendigaster/c637271e-da2d-4811-a878-bdbcad50d491.jpg,34,34,0.03350208072635427,True,True,"[34, 119, 231, 180, 160]"
val/00737_Animalia_Arthropoda_Insecta_Hymenoptera_Evaniidae_Evania_appendigaster/e0557540-2dd4-41a1-a4f6-f04e09428611.jpg,34,185,0.014243460764793792,False,False,"[185, 65, 43, 120, 142]"
val/00737_Animalia_Arthropoda_Insecta_Hymenoptera_Evaniidae_Evania_appendigaster/f2e6a717-d4b3-49d3-87bf-5bcb62e6dd3d.jpg,34,23,0.026140234864079043,False,False,"[23, 171, 64, 189, 140]"
val/00756_Animalia_Arthropoda_Insecta_Hymenoptera_Formicidae_Linepithema_humile/02571d68-d285-4600-a646-c1c8bfe6f958.jpg,35,197,0.06952751976373671,False,False,"[197, 235, 334, 196, 185]"
val/00756_Animalia_Arthropoda_Insecta_Hymenoptera_Formicidae_Linepithema_humile/0d90fdd4-599e-4f48-88a1-1da40f3e8070.jpg,35,301,0.00938089129303824,False,False,"[301, 465, 428, 104, 147]"
val/00756_Animalia_Arthropoda_Insecta_Hymenoptera_Formicidae_Linepithema_humile/1fe4c7db-1033-4d75-acc9-cdf99dd33a4b.jpg,35,130,0.01609549953988023,False,False,"[130, 8, 295, 294, 221]"
val/00756_Animalia_Arthropoda_Insecta_Hymenoptera_Formicidae_Linepithema_humile/2597e55a-d2bc-47dc-9b69-bf02c80c6674.jpg,35,291,0.009316800238367758,False,False,"[291, 22, 119, 410, 183]"
val/00756_Animalia_Arthropoda_Insecta_Hymenoptera_Formicidae_Linepithema_humile/8e85aaec-0831-4436-ad0a-51080b36ebb0.jpg,35,69,0.01613265947742754,False,False,"[69, 446, 37, 88, 491]"
val/00756_Animalia_Arthropoda_Insecta_Hymenoptera_Formicidae_Linepithema_humile/9025a191-bc88-490d-bda0-fb327a01872f.jpg,35,464,0.009643303790111833,False,False,"[464, 71, 91, 172, 117]"
val/00756_Animalia_Arthropoda_Insecta_Hymenoptera_Formicidae_Linepithema_humile/ade00e86-e097-4e28-8864-e1987d89af41.jpg,35,68,0.015365140984676095,False,False,"[68, 94, 461, 351, 438]"
val/00756_Animalia_Arthropoda_Insecta_Hymenoptera_Formicidae_Linepithema_humile/c0f18989-220a-4ee3-9563-9462bd6d8db9.jpg,35,174,0.010151937404272816,False,True,"[174, 225, 35, 23, 34]"
val/00756_Animalia_Arthropoda_Insecta_Hymenoptera_Formicidae_Linepithema_humile/d93f9751-cc2b-4cd1-976d-f1980370576b.jpg,35,52,0.011138220337559533,False,False,"[52, 122, 97, 87, 85]"
val/00756_Animalia_Arthropoda_Insecta_Hymenoptera_Formicidae_Linepithema_humile/f7f87f8d-bc31-41c7-b428-aa7cf1202247.jpg,35,176,0.025932686772585666,False,False,"[176, 41, 92, 85, 136]"
val/00758_Animalia_Arthropoda_Insecta_Hymenoptera_Formicidae_Myrmecia_pilosula/018d575e-7128-46f2-9922-c4d1baa00ac5.jpg,36,232,0.009088022035342974,False,False,"[232, 250, 34, 241, 244]"
val/00758_Animalia_Arthropoda_Insecta_Hymenoptera_Formicidae_Myrmecia_pilosula/18bbaa36-7219-43b2-8164-b77d30c26057.jpg,36,382,0.00963266327745263,False,False,"[382, 349, 67, 429, 384]"
val/00758_Animalia_Arthropoda_Insecta_Hymenoptera_Formicidae_Myrmecia_pilosula/26744271-bfc5-4c3b-b790-2acffa108816.jpg,36,459,0.009369756811320195,False,False,"[459, 426, 154, 397, 304]"
val/00758_Animalia_Arthropoda_Insecta_Hymenoptera_Formicidae_Myrmecia_pilosula/2d323a96-bfe6-4581-9111-579127868517.jpg,36,91,0.00952323898649346,False,False,"[91, 96, 197, 459, 81]"
val/00758_Animalia_Arthropoda_Insecta_Hymenoptera_Formicidae_Myrmecia_pilosula/638db83e-2c56-45a2-866a-522cb5108afd.jpg,36,466,0.01522358869897511,False,False,"[466, 123, 133, 247, 62]"
val/00758_Animalia_Arthropoda_Insecta_Hymenoptera_Formicidae_Myrmecia_pilosula/6e559c16-edbd-43ba-aec1-ca6c5c2c3e70.jpg,36,48,0.015589605149473575,False,False,"[48, 174, 20, 375, 363]"
val/00758_Animalia_Arthropoda_Insecta_Hymenoptera_Formicidae_Myrmecia_pilosula/84c22737-f49b-48fe-88a2-c1ec496c496a.jpg,36,177,0.009468519516164484,False,False,"[177, 202, 243, 426, 298]"
val/00758_Animalia_Arthropoda_Insecta_Hymenoptera_Formicidae_Myrmecia_pilosula/b3e4cf46-2e1e-4dc1-aa6a-b9ade2452889.jpg,36,60,0.009458601475413393,False,False,"[60, 111, 76, 249, 35]"
val/00758_Animalia_Arthropoda_Insecta_Hymenoptera_Formicidae_Myrmecia_pilosula/c0e2e028-5bc7-4845-84bf-819be9ce835c.jpg,36,171,0.03988673023848798,False,False,"[171, 180, 237, 172, 148]"
val/00758_Animalia_Arthropoda_Insecta_Hymenoptera_Formicidae_Myrmecia_pilosula/e579076f-9b2d-4d1b-ac93-103fecd7089a.jpg,36,457,0.022603963918105506,False,False,"[457, 15, 395, 71, 89]"
val/00771_Animalia_Arthropoda_Insecta_Hymenoptera_Formicidae_Veromessor_pergandei/077df78d-1723-4099-82c7-f7991b3d09e1.jpg,37,345,0.010524689227573169,False,False,"[345, 437, 325, 68, 250]"
val/00771_Animalia_Arthropoda_Insecta_Hymenoptera_Formicidae_Veromessor_pergandei/4bd8dc84-2035-40cd-acdc-8abe7ed3266a.jpg,37,386,0.01532604629995106,False,True,"[386, 36, 37, 380, 390]"
val/00771_Animalia_Arthropoda_Insecta_Hymenoptera_Formicidae_Veromessor_pergandei/62441399-5dae-437a-902d-d3a5600a9781.jpg,37,488,0.015900020600213362,False,False,"[488, 480, 445, 375, 479]"
val/00771_Animalia_Arthropoda_Insecta_Hymenoptera_Formicidae_Veromessor_pergandei/676f92a4-cd2e-4464-991d-512828d0bfcf.jpg,37,174,0.01545895605069737,False,False,"[174, 345, 88, 178, 80]"
val/00771_Animalia_Arthropoda_Insecta_Hymenoptera_Formicidae_Veromessor_pergandei/7409b565-7558-4704-8225-fd5a9c993e11.jpg,37,413,0.015361008128598357,False,True,"[413, 37, 376, 289, 141]"
val/00771_Animalia_Arthropoda_Insecta_Hymenoptera_Formicidae_Veromessor_pergandei/86c0da2a-aba9-418b-b778-344eee05cac9.jpg,37,37,0.01927769577381571,True,True,"[37, 419, 376, 390, 88]"
val/00771_Animalia_Arthropoda_Insecta_Hymenoptera_Formicidae_Veromessor_pergandei/96113bce-5c8e-474f-9409-1999e50e431c.jpg,37,460,0.01044282557230109,False,False,"[460, 468, 299, 322, 289]"
val/00771_Animalia_Arthropoda_Insecta_Hymenoptera_Formicidae_Veromessor_pergandei/9f4eda15-fc6f-4759-8358-f48402b658c5.jpg,37,345,0.022975587339377938,False,False,"[345, 81, 377, 184, 2]"
val/00771_Animalia_Arthropoda_Insecta_Hymenoptera_Formicidae_Veromessor_pergandei/d58a245f-54b9-410c-9e78-08ac1bcde650.jpg,37,310,0.02851975253855805,False,True,"[310, 194, 37, 359, 370]"
val/00771_Animalia_Arthropoda_Insecta_Hymenoptera_Formicidae_Veromessor_pergandei/dde6c6e8-f0f3-4264-bba9-f0276dbf31fd.jpg,37,37,0.018658676009043442,True,True,"[37, 382, 418, 383, 376]"
val/00805_Animalia_Arthropoda_Insecta_Hymenoptera_Sphecidae_Sphex_ichneumoneus/100d2ee3-eaf6-442a-b311-68978dc3a277.jpg,38,477,0.01656977981824116,False,False,"[477, 289, 354, 374, 387]"
val/00805_Animalia_Arthropoda_Insecta_Hymenoptera_Sphecidae_Sphex_ichneumoneus/16d66523-0024-412c-8a7c-5d24d68204bd.jpg,38,360,0.010506738877201993,False,False,"[360, 362, 449, 452, 357]"
val/00805_Animalia_Arthropoda_Insecta_Hymenoptera_Sphecidae_Sphex_ichneumoneus/21b9c4f3-b163-4d01-8550-dae5e0473144.jpg,38,419,0.011591587532466354,False,False,"[419, 463, 420, 381, 461]"
val/00805_Animalia_Arthropoda_Insecta_Hymenoptera_Sphecidae_Sphex_ichneumoneus/23ad3623-490b-49e1-b75d-6a52e6ddca54.jpg,38,352,0.01566439533975652,False,False,"[352, 10, 302, 410, 471]"
val/00805_Animalia_Arthropoda_Insecta_Hymenoptera_Sphecidae_Sphex_ichneumoneus/2572210c-890a-47ec-9de4-ab720e0f949f.jpg,38,368,0.015525950774160953,False,False,"[368, 496, 233, 168, 314]"
val/00805_Animalia_Arthropoda_Insecta_Hymenoptera_Sphecidae_Sphex_ichneumoneus/4280db79-f973-45b6-9cb4-0f094f4d22f4.jpg,38,446,0.009194401386204537,False,False,"[446, 70, 130, 250, 198]"
val/00805_Animalia_Arthropoda_Insecta_Hymenoptera_Sphecidae_Sphex_ichneumoneus/6491139a-32c1-4e65-963e-d1637beecb18.jpg,38,379,0.01497200638557414,False,True,"[379, 38, 17, 117, 468]"
val/00805_Animalia_Arthropoda_Insecta_Hymenoptera_Sphecidae_Sphex_ichneumoneus/8f819eda-5dbc-4ba7-ab64-e4e6ce04b331.jpg,38,364,0.009831200342056748,False,True,"[364, 398, 38, 339, 325]"
val/00805_Animalia_Arthropoda_Insecta_Hymenoptera_Sphecidae_Sphex_ichneumoneus/d3070576-0037-4e5c-a532-d4f229d0bd7f.jpg,38,331,0.028264681180898865,False,False,"[331, 307, 440, 489, 37]"
val/00805_Animalia_Arthropoda_Insecta_Hymenoptera_Sphecidae_Sphex_ichneumoneus/ec11da84-df93-4037-9539-ddb6a46cc061.jpg,38,401,0.011437971844522755,False,False,"[401, 467, 324, 375, 394]"
val/00820_Animalia_Arthropoda_Insecta_Hymenoptera_Vespidae_Monobia_quadridens/00162ed9-30d0-44d4-b6f7-335070a40e08.jpg,39,135,0.011870676855621933,False,False,"[135, 123, 126, 125, 13]"
val/00820_Animalia_Arthropoda_Insecta_Hymenoptera_Vespidae_Monobia_quadridens/0ba986d9-20fc-4043-b276-eee049c899d1.jpg,39,326,0.015556657815414592,False,False,"[326, 407, 313, 437, 485]"
val/00820_Animalia_Arthropoda_Insecta_Hymenoptera_Vespidae_Monobia_quadridens/117904b0-4894-430b-b151-51631023f15c.jpg,39,37,0.01533841702133956,False,False,"[37, 485, 89, 318, 22]"
val/00820_Animalia_Arthropoda_Insecta_Hymenoptera_Vespidae_Monobia_quadridens/2fd49186-7630-4e57-bf56-928e8af72f4b.jpg,39,323,0.009312053680940522,False,False,"[323, 475, 223, 232, 193]"
val/00820_Animalia_Arthropoda_Insecta_Hymenoptera_Vespidae_Monobia_quadridens/7a768e5b-d705-4dfd-8392-3673491c3cfe.jpg,39,43,0.016669994015776193,False,False,"[43, 55, 2, 458, 186]"
val/00820_Animalia_Arthropoda_Insecta_Hymenoptera_Vespidae_Monobia_quadridens/7b200777-e6fa-4e50-832f-ddefdd7e20da.jpg,39,282,0.017094410015884236,False,False,"[282, 55, 87, 76, 281]"
val/00820_Animalia_Arthropoda_Insecta_Hymenoptera_Vespidae_Monobia_quadridens/9560b569-197f-4988-91de-3cce3054b239.jpg,39,335,0.010951854020238856,False,False,"[335, 295, 294, 434, 488]"
val/00820_Animalia_Arthropoda_Insecta_Hymenoptera_Vespidae_Monobia_quadridens/96deba97-e045-4764-a7a8-d948c629c202.jpg,39,37,0.011510352941080184,False,False,"[37, 268, 408, 438, 453]"
val/00820_Animalia_Arthropoda_Insecta_Hymenoptera_Vespidae_Monobia_quadridens/b17c3551-0985-414f-9ebe-bba490c773df.jpg,39,190,0.011199692025194804,False,False,"[190, 181, 192, 113, 54]"
val/00820_Animalia_Arthropoda_Insecta_Hymenoptera_Vespidae_Monobia_quadridens/e3dce709-86a8-4856-a2eb-e7aae931210d.jpg,39,40,0.013076360257556903,False,False,"[40, 229, 242, 282, 230]"
val/00870_Animalia_Arthropoda_Insecta_Lepidoptera_Crambidae_Chrysoteuchia_topiarius/019c6037-bb8a-4a6d-a87a-4858cebcadf1.jpg,40,394,0.009908560828208948,False,False,"[394, 464, 449, 369, 411]"
val/00870_Animalia_Arthropoda_Insecta_Lepidoptera_Crambidae_Chrysoteuchia_topiarius/0b028386-a2c4-4e76-bca6-990e40694b2a.jpg,40,284,0.01691277109085588,False,True,"[284, 40, 181, 186, 66]"
val/00870_Animalia_Arthropoda_Insecta_Lepidoptera_Crambidae_Chrysoteuchia_topiarius/12acbebf-21a8-4105-a383-1ca0222876fb.jpg,40,153,0.010430109740274614,False,False,"[153, 43, 151, 185, 122]"
val/00870_Animalia_Arthropoda_Insecta_Lepidoptera_Crambidae_Chrysoteuchia_topiarius/40a8621c-7080-4f6c-84ed-ec88e2301616.jpg,40,40,0.031629479540768946,True,True,"[40, 16, 18, 111, 241]"
val/00870_Animalia_Arthropoda_Insecta_Lepidoptera_Crambidae_Chrysoteuchia_topiarius/473a5383-037d-4f80-804e-610d6067731c.jpg,40,231,0.021847170771031994,False,True,"[231, 227, 40, 0, 63]"
val/00870_Animalia_Arthropoda_Insecta_Lepidoptera_Crambidae_Chrysoteuchia_topiarius/96cc612f-3930-4bbb-934f-df113e9fb2ca.jpg,40,25,0.011835238375611146,False,False,"[25, 143, 62, 287, 94]"
val/00870_Animalia_Arthropoda_Insecta_Lepidoptera_Crambidae_Chrysoteuchia_topiarius/ad4a8f36-a19f-460c-9a0a-e21eaa05e518.jpg,40,231,0.010209943022158496,False,False,"[231, 181, 163, 178, 180]"
val/00870_Animalia_Arthropoda_Insecta_Lepidoptera_Crambidae_Chrysoteuchia_topiarius/b41138df-4b05-4a11-872c-2c4e7c58875a.jpg,40,25,0.011188994415132401,False,True,"[25, 129, 252, 40, 62]"
val/00870_Animalia_Arthropoda_Insecta_Lepidoptera_Crambidae_Chrysoteuchia_topiarius/d742b2f3-e0a4-4dbb-9f3a-fcf43cbf02ec.jpg,40,40,0.01493647827771255,True,True,"[40, 236, 406, 8, 249]"
val/00870_Animalia_Arthropoda_Insecta_Lepidoptera_Crambidae_Chrysoteuchia_topiarius/eafacaba-252f-4450-8221-9e7e37dd57c6.jpg,40,171,0.1249112322535161,False,False,"[171, 160, 36, 23, 34]"
val/00915_Animalia_Arthropoda_Insecta_Lepidoptera_Crambidae_Palpita_quadristigmalis/18707ff3-49b3-4c00-913b-5b58fb8ad3cd.jpg,41,245,0.009287502351308359,False,False,"[245, 151, 480, 330, 215]"
val/00915_Animalia_Arthropoda_Insecta_Lepidoptera_Crambidae_Palpita_quadristigmalis/21cf3e78-9929-4748-8745-e913d392fafc.jpg,41,126,0.01858286363315577,False,False,"[126, 197, 181, 185, 334]"
val/00915_Animalia_Arthropoda_Insecta_Lepidoptera_Crambidae_Palpita_quadristigmalis/3a08d260-534d-4f36-a273-13c57f69d07e.jpg,41,241,0.024687779872274815,False,False,"[241, 172, 135, 248, 127]"
val/00915_Animalia_Arthropoda_Insecta_Lepidoptera_Crambidae_Palpita_quadristigmalis/6bcd4aa6-56fc-4fc1-b670-d572e091a582.jpg,41,41,0.010817837600944603,True,True,"[41, 3, 123, 131, 211]"
val/00915_Animalia_Arthropoda_Insecta_Lepidoptera_Crambidae_Palpita_quadristigmalis/8476101c-033c-4445-9b14-c49058a2fa46.jpg,41,43,0.017807204487010574,False,False,"[43, 160, 87, 148, 119]"
val/00915_Animalia_Arthropoda_Insecta_Lepidoptera_Crambidae_Palpita_quadristigmalis/8d0d933b-0860-4676-8423-f45d8e0018ac.jpg,41,47,0.08369720107215435,False,False,"[47, 73, 118, 18, 51]"
val/00915_Animalia_Arthropoda_Insecta_Lepidoptera_Crambidae_Palpita_quadristigmalis/9e6194f8-4cf5-4c36-a9d9-2757bd0c2e8a.jpg,41,325,0.009287829437067506,False,False,"[325, 40, 229, 61, 235]"
val/00915_Animalia_Arthropoda_Insecta_Lepidoptera_Crambidae_Palpita_quadristigmalis/ac2b23de-0167-4681-a957-6d050f0ef05c.jpg,41,185,0.010300419555772197,False,False,"[185, 164, 193, 113, 262]"
val/00915_Animalia_Arthropoda_Insecta_Lepidoptera_Crambidae_Palpita_quadristigmalis/c2e9358f-f194-4a07-8de0-ed29b487f8c8.jpg,41,471,0.015652139671256424,False,False,"[471, 39, 456, 68, 81]"
val/00915_Animalia_Arthropoda_Insecta_Lepidoptera_Crambidae_Palpita_quadristigmalis/eccb4456-bdb9-4490-bfba-fccdf89fca4b.jpg,41,303,0.00971822220341887,False,False,"[303, 94, 200, 314, 96]"
val/00934_Animalia_Arthropoda_Insecta_Lepidoptera_Crambidae_Pyrausta_purpuralis/0e8b5eef-68ff-4ade-ad67-2ff63590ceac.jpg,42,142,0.015900552888649198,False,False,"[142, 100, 148, 178, 175]"
val/00934_Animalia_Arthropoda_Insecta_Lepidoptera_Crambidae_Pyrausta_purpuralis/176903cb-1036-4c71-b2c0-8c82a7dab600.jpg,42,93,0.009096233584734674,False,False,"[93, 183, 157, 41, 436]"
val/00934_Animalia_Arthropoda_Insecta_Lepidoptera_Crambidae_Pyrausta_purpuralis/187c04b6-6415-4d36-9bc8-378f8ee91d00.jpg,42,164,0.026300976399599833,False,False,"[164, 334, 344, 241, 172]"
val/00934_Animalia_Arthropoda_Insecta_Lepidoptera_Crambidae_Pyrausta_purpuralis/1f5d0447-61e2-4d86-8ad8-4b774b8cad1f.jpg,42,96,0.010677480292368697,False,False,"[96, 61, 86, 87, 168]"
val/00934_Animalia_Arthropoda_Insecta_Lepidoptera_Crambidae_Pyrausta_purpuralis/267877aa-cc0e-4414-93f7-9759a378404e.jpg,42,86,0.020902122205905604,False,False,"[86, 88, 379, 372, 326]"
val/00934_Animalia_Arthropoda_Insecta_Lepidoptera_Crambidae_Pyrausta_purpuralis/2bf8e589-5595-4d5d-9c91-a5de8457dc8b.jpg,42,7,0.009254052841334215,False,False,"[7, 12, 105, 111, 235]"
val/00934_Animalia_Arthropoda_Insecta_Lepidoptera_Crambidae_Pyrausta_purpuralis/4d167f6f-db07-40eb-ad27-4b86a40f0007.jpg,42,204,0.009779024578986271,False,False,"[204, 40, 262, 34, 406]"
val/00934_Animalia_Arthropoda_Insecta_Lepidoptera_Crambidae_Pyrausta_purpuralis/74311a4d-e2e1-48eb-a5ff-82a69a459175.jpg,42,217,0.015574644105766495,False,False,"[217, 127, 84, 147, 185]"
val/00934_Animalia_Arthropoda_Insecta_Lepidoptera_Crambidae_Pyrausta_purpuralis/cea644a3-1821-4e65-ae04-eb44d4375522.jpg,42,44,0.01727282013808131,False,False,"[44, 57, 75, 192, 190]"
val/00934_Animalia_Arthropoda_Insecta_Lepidoptera_Crambidae_Pyrausta_purpuralis/d5b8f8a4-9870-4956-bd56-02b037a0f08a.jpg,42,366,0.012225621109202327,False,False,"[366, 457, 354, 363, 364]"
val/00937_Animalia_Arthropoda_Insecta_Lepidoptera_Crambidae_Pyrausta_volupialis/0bc02b22-1940-4a11-88be-44fa364cd443.jpg,43,85,0.00978564159975475,False,False,"[85, 385, 7, 203, 188]"
val/00937_Animalia_Arthropoda_Insecta_Lepidoptera_Crambidae_Pyrausta_volupialis/1cb2ba0f-553c-48b0-bed6-d4d7a7302871.jpg,43,172,0.019683667115206416,False,False,"[172, 203, 174, 179, 225]"
val/00937_Animalia_Arthropoda_Insecta_Lepidoptera_Crambidae_Pyrausta_volupialis/3cdd05e7-bc0f-46ee-95f9-25bbe19e0b96.jpg,43,460,0.009990736507032402,False,False,"[460, 429, 130, 50, 56]"
val/00937_Animalia_Arthropoda_Insecta_Lepidoptera_Crambidae_Pyrausta_volupialis/57db5221-f59e-46d2-9124-d1ba41f05bf8.jpg,43,334,0.011671262725044165,False,False,"[334, 233, 426, 333, 221]"
val/00937_Animalia_Arthropoda_Insecta_Lepidoptera_Crambidae_Pyrausta_volupialis/7aecf799-c564-40fc-b6b7-9c55003cc3df.jpg,43,82,0.013279852893901722,False,True,"[82, 43, 62, 264, 45]"
val/00937_Animalia_Arthropoda_Insecta_Lepidoptera_Crambidae_Pyrausta_volupialis/965cefd9-c8e7-484d-8c29-c1427f94ea1f.jpg,43,305,0.009437370319758744,False,False,"[305, 230, 340, 333, 327]"
val/00937_Animalia_Arthropoda_Insecta_Lepidoptera_Crambidae_Pyrausta_volupialis/a84b9bcc-baf3-4664-bf8a-8297456ca3e5.jpg,43,334,0.024122949252055947,False,False,"[334, 496, 45, 216, 234]"
val/00937_Animalia_Arthropoda_Insecta_Lepidoptera_Crambidae_Pyrausta_volupialis/b998dbe4-0341-4a0a-a013-8793339eab50.jpg,43,55,0.01135320612583145,False,False,"[55, 87, 57, 82, 85]"
val/00937_Animalia_Arthropoda_Insecta_Lepidoptera_Crambidae_Pyrausta_volupialis/d0525892-d6c0-4bf6-b843-34615c1945a3.jpg,43,168,0.024114677723861132,False,False,"[168, 135, 25, 41, 130]"
val/00937_Animalia_Arthropoda_Insecta_Lepidoptera_Crambidae_Pyrausta_volupialis/d51b68db-eb1f-4045-80dd-432a649f9cbe.jpg,43,92,0.009632044073771601,False,False,"[92, 7, 53, 125, 242]"
val/00944_Animalia_Arthropoda_Insecta_Lepidoptera_Crambidae_Spoladea_recurvalis/281b6b3f-8e5f-4f1b-8f22-edcac4e52ff0.jpg,44,179,0.01637760775880573,False,False,"[179, 56, 61, 85, 87]"
val/00944_Animalia_Arthropoda_Insecta_Lepidoptera_Crambidae_Spoladea_recurvalis/3235d9ed-9d59-4e15-bf0d-c1ccbd0c01bc.jpg,44,142,0.051474185423875246,False,False,"[142, 235, 4, 172, 186]"
val/00944_Animalia_Arthropoda_Insecta_Lepidoptera_Crambidae_Spoladea_recurvalis/331d452a-e198-4b40-a23a-5058dd87ca0d.jpg,44,380,0.017273406079204932,False,False,"[380, 403, 379, 471, 495]"
val/00944_Animalia_Arthropoda_Insecta_Lepidoptera_Crambidae_Spoladea_recurvalis/3c18ee6c-1a80-4d51-b7bc-c399276fb77e.jpg,44,254,0.015844231691535444,False,False,"[254, 68, 462, 214, 90]"
val/00944_Animalia_Arthropoda_Insecta_Lepidoptera_Crambidae_Spoladea_recurvalis/3fb7f804-6235-4af6-bbca-d44559a6fedb.jpg,44,127,0.022978002951356057,False,False,"[127, 23, 158, 194, 132]"
val/00944_Animalia_Arthropoda_Insecta_Lepidoptera_Crambidae_Spoladea_recurvalis/440be201-7f80-4136-bd0d-a92b4c4827ab.jpg,44,3,0.010280021273458138,False,False,"[3, 499, 414, 401, 222]"
val/00944_Animalia_Arthropoda_Insecta_Lepidoptera_Crambidae_Spoladea_recurvalis/6b34ed44-931b-41e2-a9d3-1613f1f40fe4.jpg,44,41,0.0656951366421894,False,False,"[41, 11, 64, 111, 4]"
val/00944_Animalia_Arthropoda_Insecta_Lepidoptera_Crambidae_Spoladea_recurvalis/89d0635c-a757-4a07-9c82-9c0898a803b8.jpg,44,441,0.015970723677638958,False,False,"[441, 170, 16, 61, 393]"
val/00944_Animalia_Arthropoda_Insecta_Lepidoptera_Crambidae_Spoladea_recurvalis/e0c13644-d0e8-42e3-b73b-a1a2fa0446d7.jpg,44,153,0.009537349038137655,False,False,"[153, 487, 214, 297, 328]"
val/00944_Animalia_Arthropoda_Insecta_Lepidoptera_Crambidae_Spoladea_recurvalis/fcd7a8f4-0014-41e3-9e62-ddaf3f54bc87.jpg,44,302,0.014838379064131676,False,True,"[302, 56, 44, 52, 134]"
val/01002_Animalia_Arthropoda_Insecta_Lepidoptera_Erebidae_Catocala_neogama/410e209f-c8b1-4381-ad61-c3702e305737.jpg,45,93,0.010939862152268477,False,False,"[93, 384, 338, 146, 456]"
val/01002_Animalia_Arthropoda_Insecta_Lepidoptera_Erebidae_Catocala_neogama/753830a4-cbae-4529-98d1-3a76419d8ad8.jpg,45,212,0.010583556221643576,False,False,"[212, 14, 147, 23, 85]"
val/01002_Animalia_Arthropoda_Insecta_Lepidoptera_Erebidae_Catocala_neogama/919327c3-ba5e-4e58-84f2-4c1e61cf221a.jpg,45,56,0.011103514513472962,False,True,"[56, 45, 4, 30, 7]"
val/01002_Animalia_Arthropoda_Insecta_Lepidoptera_Erebidae_Catocala_neogama/c06a0c55-7c22-4af9-b697-83a126e3a0f5.jpg,45,289,0.009804574522857086,False,False,"[289, 200, 499, 297, 375]"
val/01002_Animalia_Arthropoda_Insecta_Lepidoptera_Erebidae_Catocala_neogama/ce04392e-3e2f-4a67-9163-5328e4e94ebe.jpg,45,34,0.02083472191734356,False,False,"[34, 241, 118, 330, 81]"
val/01002_Animalia_Arthropoda_Insecta_Lepidoptera_Erebidae_Catocala_neogama/dc587fb3-42f5-4a20-9c1a-83fdecff7344.jpg,45,123,0.01569130780927085,False,False,"[123, 159, 56, 169, 14]"
val/01002_Animalia_Arthropoda_Insecta_Lepidoptera_Erebidae_Catocala_neogama/e3129ef1-9539-42f5-892f-dcbbcc80eb93.jpg,45,163,0.017052239658624176,False,False,"[163, 61, 428, 211, 196]"
val/01002_Animalia_Arthropoda_Insecta_Lepidoptera_Erebidae_Catocala_neogama/f22ea030-11b4-4cea-87a5-7f417a95d8d2.jpg,45,243,0.016769305203649644,False,False,"[243, 0, 211, 177, 223]"
val/01002_Animalia_Arthropoda_Insecta_Lepidoptera_Erebidae_Catocala_neogama/f43f66c1-1759-45d4-b630-749c2d1c8ab0.jpg,45,185,0.009398848089477396,False,False,"[185, 186, 18, 239, 198]"
val/01002_Animalia_Arthropoda_Insecta_Lepidoptera_Erebidae_Catocala_neogama/fb4927bf-c9ac-482b-99b2-6da5d528b201.jpg,45,307,0.01684264212071422,False,False,"[307, 475, 331, 403, 363]"
val/01016_Animalia_Arthropoda_Insecta_Lepidoptera_Erebidae_Ctenucha_virginica/05d44096-4c3f-4a85-a013-c47fa671bcc0.jpg,46,137,0.010298516011446796,False,False,"[137, 260, 242, 202, 264]"
val/01016_Animalia_Arthropoda_Insecta_Lepidoptera_Erebidae_Ctenucha_virginica/3b9eeafa-dd32-4ad7-a6e9-b5317698f901.jpg,46,496,0.01212331700160623,False,False,"[496, 109, 182, 127, 179]"
val/01016_Animalia_Arthropoda_Insecta_Lepidoptera_Erebidae_Ctenucha_virginica/4686df4c-16ca-4667-a684-a4b620d21cb5.jpg,46,90,0.021954708167302574,False,False,"[90, 263, 14, 117, 92]"
val/01016_Animalia_Arthropoda_Insecta_Lepidoptera_Erebidae_Ctenucha_virginica/4742b41a-a743-48de-b271-3e002a66bc31.jpg,46,447,0.015970819126980118,False,False,"[447, 338, 12, 456, 379]"
val/01016_Animalia_Arthropoda_Insecta_Lepidoptera_Erebidae_Ctenucha_virginica/4bf76ad5-2c9a-4c11-894d-59a93e0e5b62.jpg,46,189,0.00965740168192931,False,False,"[189, 165, 129, 284, 86]"
val/01016_Animalia_Arthropoda_Insecta_Lepidoptera_Erebidae_Ctenucha_virginica/59b21f70-d9e1-4a5c-8ee4-30fc694325d0.jpg,46,462,0.01489582603212592,False,False,"[462, 287, 163, 281, 286]"
val/01016_Animalia_Arthropoda_Insecta_Lepidoptera_Erebidae_Ctenucha_virginica/6596505d-1728-4c16-84f7-e34056bc4a9c.jpg,46,305,0.017650005741130924,False,False,"[305, 78, 307, 448, 368]"
val/01016_Animalia_Arthropoda_Insecta_Lepidoptera_Erebidae_Ctenucha_virginica/8c642377-104f-41f4-bff8-c703d9cfae06.jpg,46,61,0.011779072959360936,False,False,"[61, 82, 62, 136, 166]"
val/01016_Animalia_Arthropoda_Insecta_Lepidoptera_Erebidae_Ctenucha_virginica/960d5f58-bf56-4b4a-a77d-c5251fedad80.jpg,46,329,0.020817482055496883,False,False,"[329, 233, 216, 214, 314]"
val/01016_Animalia_Arthropoda_Insecta_Lepidoptera_Erebidae_Ctenucha_virginica/e72e2340-5f75-43d4-ae21-29dd9c72266d.jpg,46,201,0.009435841843487967,False,False,"[201, 412, 101, 277, 494]"
val/01039_Animalia_Arthropoda_Insecta_Lepidoptera_Erebidae_Halone_sejuncta/08d56504-fab0-43ce-8a61-d47103fe0cd2.jpg,47,158,0.010430521692781917,False,False,"[158, 116, 285, 85, 237]"
val/01039_Animalia_Arthropoda_Insecta_Lepidoptera_Erebidae_Halone_sejuncta/1fffd4fd-fefc-4d11-90ac-c6d0a06bf0b6.jpg,47,161,0.0170757659817072,False,False,"[161, 248, 334, 329, 197]"
val/01039_Animalia_Arthropoda_Insecta_Lepidoptera_Erebidae_Halone_sejuncta/54bd0682-3150-4c5a-9487-16326ee84cd3.jpg,47,75,0.02978703255972463,False,False,"[75, 57, 40, 64, 86]"
val/01039_Animalia_Arthropoda_Insecta_Lepidoptera_Erebidae_Halone_sejuncta/6d74d431-029e-40d5-afbe-0a4caa5bde96.jpg,47,45,0.011443229822221391,False,False,"[45, 119, 188, 92, 137]"
val/01039_Animalia_Arthropoda_Insecta_Lepidoptera_Erebidae_Halone_sejuncta/9172d400-0f0f-4654-83dc-891c0ac97e0c.jpg,47,280,0.022983361427860883,False,False,"[280, 61, 94, 71, 87]"
val/01039_Animalia_Arthropoda_Insecta_Lepidoptera_Erebidae_Halone_sejuncta/9be59c4d-0b44-47d0-9ef9-110314f87539.jpg,47,172,0.04533399130924684,False,False,"[172, 241, 248, 197, 28]"
val/01039_Animalia_Arthropoda_Insecta_Lepidoptera_Erebidae_Halone_sejuncta/c0d4d3ec-7e1c-48a4-a5e6-dff4a8855c70.jpg,47,87,0.009725413517191342,False,False,"[87, 79, 73, 81, 9]"
val/01039_Animalia_Arthropoda_Insecta_Lepidoptera_Erebidae_Halone_sejuncta/c2b6f51c-e765-4a97-a4ce-f814042b8aad.jpg,47,85,0.01643434369718502,False,False,"[85, 45, 62, 109, 22]"
val/01039_Animalia_Arthropoda_Insecta_Lepidoptera_Erebidae_Halone_sejuncta/eacfd6c6-69ba-4e96-9c0c-0abd263c18f1.jpg,47,47,0.21128580582528797,True,True,"[47, 118, 73, 88, 18]"
val/01039_Animalia_Arthropoda_Insecta_Lepidoptera_Erebidae_Halone_sejuncta/eb33ff42-2a96-4f2c-941c-198930a9623b.jpg,47,25,0.012323520558225413,False,False,"[25, 135, 43, 127, 205]"
val/01055_Animalia_Arthropoda_Insecta_Lepidoptera_Erebidae_Hypercompe_scribonia/20cfe584-9084-4159-bcde-03bde4d5e2b3.jpg,48,64,0.01792814612272932,False,False,"[64, 292, 124, 140, 180]"
val/01055_Animalia_Arthropoda_Insecta_Lepidoptera_Erebidae_Hypercompe_scribonia/412856c5-1329-47c1-8452-ce7c0709daee.jpg,48,7,0.009497647027605144,False,False,"[7, 489, 211, 351, 11]"
val/01055_Animalia_Arthropoda_Insecta_Lepidoptera_Erebidae_Hypercompe_scribonia/42728111-a786-4c10-b47e-5638ed920636.jpg,48,269,0.014799158617502478,False,False,"[269, 182, 144, 88, 380]"
val/01055_Animalia_Arthropoda_Insecta_Lepidoptera_Erebidae_Hypercompe_scribonia/65031cd2-27e9-4984-82c9-4ce127590227.jpg,48,477,0.010993393678004258,False,False,"[477, 486, 340, 341, 346]"
val/01055_Animalia_Arthropoda_Insecta_Lepidoptera_Erebidae_Hypercompe_scribonia/86261333-7fc9-48bc-ac40-9a4deb806055.jpg,48,48,0.016519284218641895,True,True,"[48, 191, 341, 35, 57]"
val/01055_Animalia_Arthropoda_Insecta_Lepidoptera_Erebidae_Hypercompe_scribonia/865fbc31-d2fa-44bb-89fe-741f39adc97c.jpg,48,15,0.01642271872689059,False,False,"[15, 91, 73, 64, 75]"
val/01055_Animalia_Arthropoda_Insecta_Lepidoptera_Erebidae_Hypercompe_scribonia/a41685ba-0bab-45fe-b029-d8cf01b374a3.jpg,48,102,0.015547353120454745,False,False,"[102, 107, 307, 57, 184]"
val/01055_Animalia_Arthropoda_Insecta_Lepidoptera_Erebidae_Hypercompe_scribonia/bba76f69-8eb7-40bc-892c-6d07560ab883.jpg,48,70,0.009049720825907652,False,False,"[70, 273, 250, 15, 93]"
val/01055_Animalia_Arthropoda_Insecta_Lepidoptera_Erebidae_Hypercompe_scribonia/c9c63eb7-3e2a-451c-933a-8b7b1cd3540a.jpg,48,0,0.024079597397906657,False,False,"[0, 228, 164, 227, 186]"
val/01055_Animalia_Arthropoda_Insecta_Lepidoptera_Erebidae_Hypercompe_scribonia/e35c4f50-110d-4c20-b3b3-af2db82dae57.jpg,48,295,0.010662640285734873,False,False,"[295, 221, 391, 457, 474]"
val/01078_Animalia_Arthropoda_Insecta_Lepidoptera_Erebidae_Melipotis_indomita/156dbfbf-0bfa-4c48-b0db-86c30ca60c54.jpg,49,55,0.02419474839365395,False,False,"[55, 90, 52, 285, 60]"
val/01078_Animalia_Arthropoda_Insecta_Lepidoptera_Erebidae_Melipotis_indomita/27e7f44a-302d-4c40-acca-d368c22e9df2.jpg,49,56,0.05253355371836593,False,False,"[56, 50, 52, 57, 51]"
val/01078_Animalia_Arthropoda_Insecta_Lepidoptera_Erebidae_Melipotis_indomita/2e288636-cb84-43b7-9219-408df3c53d2d.jpg,49,327,0.010738562778245496,False,False,"[327, 78, 216, 331, 387]"
val/01078_Animalia_Arthropoda_Insecta_Lepidoptera_Erebidae_Melipotis_indomita/30e2d0ad-1517-4efd-9103-cf3d3423553d.jpg,49,96,0.01001044376849049,False,False,"[96, 63, 152, 414, 21]"
val/01078_Animalia_Arthropoda_Insecta_Lepidoptera_Erebidae_Melipotis_indomita/3710f2ce-85bb-41eb-8f12-e538213b74a5.jpg,49,55,0.06440395268107453,False,False,"[55, 75, 87, 16, 281]"
val/01078_Animalia_Arthropoda_Insecta_Lepidoptera_Erebidae_Melipotis_indomita/379809d2-45fe-4ea9-85ff-ee2da29dc6fc.jpg,49,52,0.035574700206701886,False,False,"[52, 100, 432, 47, 111]"
val/01078_Animalia_Arthropoda_Insecta_Lepidoptera_Erebidae_Melipotis_indomita/59b31b5d-7ed4-46f8-b9f5-9f0b99921da0.jpg,49,73,0.019087396694153935,False,False,"[73, 94, 82, 50, 16]"
val/01078_Animalia_Arthropoda_Insecta_Lepidoptera_Erebidae_Melipotis_indomita/9498e528-84ba-49a5-af55-cd399a885fa0.jpg,49,56,0.026938006132770632,False,False,"[56, 86, 60, 73, 45]"
val/01078_Animalia_Arthropoda_Insecta_Lepidoptera_Erebidae_Melipotis_indomita/a9640863-d938-42ad-9a75-ba952d23afc8.jpg,49,151,0.009888929675558308,False,False,"[151, 239, 133, 192, 130]"
val/01078_Animalia_Arthropoda_Insecta_Lepidoptera_Erebidae_Melipotis_indomita/b87fadb7-aa50-444a-8a72-4e24eafeb686.jpg,49,47,0.06262804871698197,False,False,"[47, 118, 86, 224, 42]"
val/01079_Animalia_Arthropoda_Insecta_Lepidoptera_Erebidae_Melipotis_jucunda/22f43ef7-48da-4f16-92a5-5feeaa2c9996.jpg,50,196,0.03247385762842044,False,False,"[196, 18, 197, 241, 172]"
val/01079_Animalia_Arthropoda_Insecta_Lepidoptera_Erebidae_Melipotis_jucunda/269ad917-27f4-4707-bff4-355d00d91e87.jpg,50,4,0.012282908042155182,False,False,"[4, 62, 177, 178, 11]"
val/01079_Animalia_Arthropoda_Insecta_Lepidoptera_Erebidae_Melipotis_jucunda/5543cb0d-3cf0-413d-839b-f2de0a14fe97.jpg,50,23,0.010873486734291492,False,False,"[23, 40, 60, 49, 45]"
val/01079_Animalia_Arthropoda_Insecta_Lepidoptera_Erebidae_Melipotis_jucunda/6ae8ade0-7089-46f4-9800-9eab8753b35f.jpg,50,242,0.017539045648934957,False,False,"[242, 332, 53, 57, 86]"
val/01079_Animalia_Arthropoda_Insecta_Lepidoptera_Erebidae_Melipotis_jucunda/6b8c3d96-b52d-4f18-8e65-753ea1dc0fcf.jpg,50,82,0.029468491391460995,False,False,"[82, 282, 94, 60, 153]"
val/01079_Animalia_Arthropoda_Insecta_Lepidoptera_Erebidae_Melipotis_jucunda/b11e4b6d-396d-417c-8764-e8b7ad590141.jpg,50,34,0.015905155938993065,False,False,"[34, 250, 176, 186, 252]"
val/01079_Animalia_Arthropoda_Insecta_Lepidoptera_Erebidae_Melipotis_jucunda/c5233ea4-571c-45ad-abdf-7d8bbf57fae8.jpg,50,90,0.016486801780689387,False,False,"[90, 76, 64, 180, 184]"
val/01079_Animalia_Arthropoda_Insecta_Lepidoptera_Erebidae_Melipotis_jucunda/c801468c-18a9-45ee-8962-9669fb3f6950.jpg,50,80,0.021960101831401176,False,False,"[80, 265, 208, 88, 4]"
val/01079_Animalia_Arthropoda_Insecta_Lepidoptera_Erebidae_Melipotis_jucunda/cd89e301-bb19-477a-8152-c37dc94e4e44.jpg,50,90,0.018226084496683122,False,False,"[90, 82, 60, 52, 51]"
val/01079_Animalia_Arthropoda_Insecta_Lepidoptera_Erebidae_Melipotis_jucunda/f562985a-5323-4c81-b537-35c7859642b1.jpg,50,458,0.009344436743022821,False,False,"[458, 389, 449, 13, 155]"
val/01085_Animalia_Arthropoda_Insecta_Lepidoptera_Erebidae_Mocis_marcida/00ebd07d-f743-496e-8bde-38f3c780243b.jpg,51,414,0.015610693678542894,False,False,"[414, 340, 102, 320, 210]"
val/01085_Animalia_Arthropoda_Insecta_Lepidoptera_Erebidae_Mocis_marcida/152f094a-65e1-43d5-972d-ab8725dbe7e2.jpg,51,82,0.021597918915123984,False,False,"[82, 87, 45, 192, 55]"
val/01085_Animalia_Arthropoda_Insecta_Lepidoptera_Erebidae_Mocis_marcida/18de9174-1889-419e-a5a6-3d054d70a297.jpg,51,330,0.015069817853644469,False,False,"[330, 13, 169, 296, 78]"
val/01085_Animalia_Arthropoda_Insecta_Lepidoptera_Erebidae_Mocis_marcida/29db39a2-10c9-4599-bea9-9dca4431660d.jpg,51,317,0.009409761148971428,False,False,"[317, 488, 210, 78, 391]"
val/01085_Animalia_Arthropoda_Insecta_Lepidoptera_Erebidae_Mocis_marcida/5502c06a-e8ac-485e-949f-705e1feaa297.jpg,51,409,0.009025594464191699,False,False,"[409, 402, 266, 104, 239]"
val/01085_Animalia_Arthropoda_Insecta_Lepidoptera_Erebidae_Mocis_marcida/6eac340b-4c6e-4c72-89f4-8d42f9a295c8.jpg,51,329,0.01071233459837753,False,False,"[329, 161, 496, 234, 115]"
val/01085_Animalia_Arthropoda_Insecta_Lepidoptera_Erebidae_Mocis_marcida/952e6e18-4671-4b9c-b7f9-138a5dc0704c.jpg,51,335,0.010500110983529801,False,False,"[335, 478, 154, 484, 297]"
val/01085_Animalia_Arthropoda_Insecta_Lepidoptera_Erebidae_Mocis_marcida/99fdd337-60ea-4aa6-8c0a-150ac73bb7c2.jpg,51,86,0.03729328416390369,False,False,"[86, 55, 282, 63, 111]"
val/01085_Animalia_Arthropoda_Insecta_Lepidoptera_Erebidae_Mocis_marcida/dd47abe6-3d8c-47ec-b98f-c1d9c5a5b97e.jpg,51,205,0.01382690920526177,False,False,"[205, 76, 202, 55, 87]"
val/01085_Animalia_Arthropoda_Insecta_Lepidoptera_Erebidae_Mocis_marcida/f88d1753-43eb-4ff9-a93f-309c1d37dbac.jpg,51,454,0.015683154070549047,False,False,"[454, 323, 426, 474, 108]"
val/01099_Animalia_Arthropoda_Insecta_Lepidoptera_Erebidae_Palthis_asopialis/26e7fa6e-0ff4-4617-8929-045d8c9b373e.jpg,52,76,0.017902280908535014,False,False,"[76, 87, 90, 59, 25]"
val/01099_Animalia_Arthropoda_Insecta_Lepidoptera_Erebidae_Palthis_asopialis/2ea90470-2faa-4bdc-a768-4c818b814c67.jpg,52,86,0.020288805771946236,False,True,"[86, 281, 110, 52, 82]"
val/01099_Animalia_Arthropoda_Insecta_Lepidoptera_Erebidae_Palthis_asopialis/338f98b1-1865-44cf-a820-719df9dabffd.jpg,52,73,0.03691809751521014,False,True,"[73, 52, 44, 55, 59]"
val/01099_Animalia_Arthropoda_Insecta_Lepidoptera_Erebidae_Palthis_asopialis/4fb16c82-d3c0-4d14-9172-39fa8361836e.jpg,52,56,0.019177046532005134,False,False,"[56, 55, 64, 66, 90]"
val/01099_Animalia_Arthropoda_Insecta_Lepidoptera_Erebidae_Palthis_asopialis/51a2829a-aabf-488c-a2e4-ea6c7eaeb9c3.jpg,52,160,0.025987176625161257,False,True,"[160, 75, 52, 66, 281]"
val/01099_Animalia_Arthropoda_Insecta_Lepidoptera_Erebidae_Palthis_asopialis/54b16cad-a4b6-4d61-9b95-94f778deae74.jpg,52,84,0.017666175429929706,False,False,"[84, 65, 81, 30, 94]"
val/01099_Animalia_Arthropoda_Insecta_Lepidoptera_Erebidae_Palthis_asopialis/7f21f789-f841-475b-8f46-a602f228d584.jpg,52,345,0.02096701680765944,False,False,"[345, 4, 128, 241, 139]"
val/01099_Animalia_Arthropoda_Insecta_Lepidoptera_Erebidae_Palthis_asopialis/c593e546-5c64-4311-be6f-e9e1faa58a6b.jpg,52,83,0.0168595317883633,False,False,"[83, 98, 119, 89, 48]"
val/01099_Animalia_Arthropoda_Insecta_Lepidoptera_Erebidae_Palthis_asopialis/e65fc8f1-bd25-4eec-a758-b77226dfea60.jpg,52,47,0.04468461583797791,False,False,"[47, 111, 88, 73, 86]"
val/01099_Animalia_Arthropoda_Insecta_Lepidoptera_Erebidae_Palthis_asopialis/ee6f615f-eaea-4810-9bb4-d0d70f3f2540.jpg,52,52,0.01726371123016349,True,True,"[52, 82, 92, 86, 90]"
val/01106_Animalia_Arthropoda_Insecta_Lepidoptera_Erebidae_Perina_nuda/04d72c2f-9e92-4553-ba0e-fa0f04f21163.jpg,53,22,0.009442947639057625,False,False,"[22, 168, 106, 423, 350]"
val/01106_Animalia_Arthropoda_Insecta_Lepidoptera_Erebidae_Perina_nuda/0f26c28e-12ba-4a59-aacf-2c11b15d74f4.jpg,53,135,0.018423750704741365,False,False,"[135, 6, 16, 139, 137]"
val/01106_Animalia_Arthropoda_Insecta_Lepidoptera_Erebidae_Perina_nuda/0fd8d352-f67e-41e2-b59f-c8b7a30ac85f.jpg,53,78,0.010608201022092928,False,False,"[78, 314, 394, 476, 165]"
val/01106_Animalia_Arthropoda_Insecta_Lepidoptera_Erebidae_Perina_nuda/2e7b69ac-dc24-49ce-a391-5cce29847273.jpg,53,22,0.012001822105799921,False,False,"[22, 236, 41, 85, 190]"
val/01106_Animalia_Arthropoda_Insecta_Lepidoptera_Erebidae_Perina_nuda/3bc43d14-71b0-4ab3-9c29-2b22a8a0ac08.jpg,53,407,0.03780617316246469,False,False,"[407, 341, 465, 384, 449]"
val/01106_Animalia_Arthropoda_Insecta_Lepidoptera_Erebidae_Perina_nuda/761e4432-b2aa-44e8-82f3-d3d9f385da83.jpg,53,7,0.014787279300115884,False,False,"[7, 242, 18, 267, 321]"
val/01106_Animalia_Arthropoda_Insecta_Lepidoptera_Erebidae_Perina_nuda/7a5704cb-4211-4369-98e7-9083b6289935.jpg,53,4,0.013528925102200287,False,False,"[4, 85, 282, 136, 75]"
val/01106_Animalia_Arthropoda_Insecta_Lepidoptera_Erebidae_Perina_nuda/bb95c03b-32d3-4014-8b4e-d5bc94bcc0b4.jpg,53,428,0.00955153355164797,False,False,"[428, 206, 29, 388, 347]"
val/01106_Animalia_Arthropoda_Insecta_Lepidoptera_Erebidae_Perina_nuda/d0548c19-60d4-4930-9b6f-8653a9ca46c5.jpg,53,95,0.008887659053350271,False,False,"[95, 98, 15, 229, 81]"
val/01106_Animalia_Arthropoda_Insecta_Lepidoptera_Erebidae_Perina_nuda/fa33a9e8-771e-4588-866a-530cda5180e7.jpg,53,76,0.020671397258296517,False,False,"[76, 75, 163, 328, 150]"
val/01134_Animalia_Arthropoda_Insecta_Lepidoptera_Erebidae_Utetheisa_pulchella/1933f12d-0550-437b-9453-09a75103ee04.jpg,54,103,0.008912238827130343,False,False,"[103, 106, 396, 498, 491]"
val/01134_Animalia_Arthropoda_Insecta_Lepidoptera_Erebidae_Utetheisa_pulchella/2950fbb2-f87d-4c79-a0ab-f3929b2f13ab.jpg,54,417,0.01003374267352861,False,False,"[417, 400, 470, 389, 343]"
val/01134_Animalia_Arthropoda_Insecta_Lepidoptera_Erebidae_Utetheisa_pulchella/307ac4eb-fe79-42a8-98bc-d9cc4a6e6048.jpg,54,63,0.011673025950015608,False,False,"[63, 66, 282, 43, 53]"
val/01134_Animalia_Arthropoda_Insecta_Lepidoptera_Erebidae_Utetheisa_pulchella/3884d6f8-9cd6-42a3-ab3d-c80e49fcd586.jpg,54,139,0.022446349902690642,False,False,"[139, 132, 100, 486, 406]"
val/01134_Animalia_Arthropoda_Insecta_Lepidoptera_Erebidae_Utetheisa_pulchella/47463276-46a6-4133-94cf-635e4be4f09e.jpg,54,60,0.009563467272275906,False,False,"[60, 147, 82, 125, 6]"
val/01134_Animalia_Arthropoda_Insecta_Lepidoptera_Erebidae_Utetheisa_pulchella/49260ee9-ec5d-48de-b7f2-0fca353b0c5b.jpg,54,462,0.009830211694465416,False,False,"[462, 415, 452, 93, 164]"
val/01134_Animalia_Arthropoda_Insecta_Lepidoptera_Erebidae_Utetheisa_pulchella/853df7a1-28d1-460d-9254-55c4d10918d7.jpg,54,48,0.015967188112408166,False,False,"[48, 236, 180, 118, 73]"
val/01134_Animalia_Arthropoda_Insecta_Lepidoptera_Erebidae_Utetheisa_pulchella/927bdb0e-45f7-4e11-8785-3b6ee64ea243.jpg,54,329,0.02304986523310704,False,False,"[329, 125, 333, 498, 368]"
val/01134_Animalia_Arthropoda_Insecta_Lepidoptera_Erebidae_Utetheisa_pulchella/99fb5e90-ffbe-4c11-becc-6c81d34f7a4a.jpg,54,102,0.015514456993036182,False,False,"[102, 303, 300, 432, 494]"
val/01134_Animalia_Arthropoda_Insecta_Lepidoptera_Erebidae_Utetheisa_pulchella/c3150ed7-056b-44ff-b20b-9543c8c1e932.jpg,54,133,0.015641954913075008,False,False,"[133, 476, 426, 461, 261]"
val/01136_Animalia_Arthropoda_Insecta_Lepidoptera_Erebidae_Virbia_laeta/0792a68d-2473-480c-aa08-ce29548542a0.jpg,55,114,0.009080250740086816,False,False,"[114, 46, 128, 7, 95]"
val/01136_Animalia_Arthropoda_Insecta_Lepidoptera_Erebidae_Virbia_laeta/1dde445b-1cb1-4fb1-8e1c-9b726908f2ec.jpg,55,160,0.020858013048082866,False,False,"[160, 75, 193, 158, 66]"
val/01136_Animalia_Arthropoda_Insecta_Lepidoptera_Erebidae_Virbia_laeta/3b0a7739-5fbf-40ec-9cab-6a8c3ea44ee0.jpg,55,18,0.01763497188820053,False,False,"[18, 57, 75, 51, 85]"
val/01136_Animalia_Arthropoda_Insecta_Lepidoptera_Erebidae_Virbia_laeta/64c4d740-49c1-4b38-994a-aa1a7fe0f5b5.jpg,55,228,0.01339189950886413,False,False,"[228, 203, 190, 136, 177]"
val/01136_Animalia_Arthropoda_Insecta_Lepidoptera_Erebidae_Virbia_laeta/7fdbee66-c8c1-4bdf-8042-0a9d4c996083.jpg,55,92,0.011042462693024098,False,False,"[92, 90, 284, 53, 287]"
val/01136_Animalia_Arthropoda_Insecta_Lepidoptera_Erebidae_Virbia_laeta/803b9424-9cb3-4652-b790-f769cf4d40a0.jpg,55,190,0.01341839734692151,False,False,"[190, 160, 25, 192, 171]"
val/01136_Animalia_Arthropoda_Insecta_Lepidoptera_Erebidae_Virbia_laeta/97f040ce-5fb3-4939-b265-5def5324df3a.jpg,55,23,0.023658274636041317,False,False,"[23, 141, 119, 51, 59]"
val/01136_Animalia_Arthropoda_Insecta_Lepidoptera_Erebidae_Virbia_laeta/b3aa1772-32d9-47cf-84af-a756f672ee36.jpg,55,87,0.025305627793149654,False,True,"[87, 55, 76, 86, 26]"
val/01136_Animalia_Arthropoda_Insecta_Lepidoptera_Erebidae_Virbia_laeta/d8491b79-9b1d-43af-9bb7-c6e9dccca359.jpg,55,64,0.017489985830665345,False,False,"[64, 116, 66, 252, 52]"
val/01136_Animalia_Arthropoda_Insecta_Lepidoptera_Erebidae_Virbia_laeta/efc03180-60e9-47e4-b2d6-78786954696f.jpg,55,180,0.030682639725787327,False,False,"[180, 159, 285, 176, 75]"
val/01137_Animalia_Arthropoda_Insecta_Lepidoptera_Erebidae_Zale_horrida/1e0f2462-5c4e-4e51-98e7-8f8657d2a0b5.jpg,56,126,0.015106143290798167,False,False,"[126, 86, 147, 339, 263]"
val/01137_Animalia_Arthropoda_Insecta_Lepidoptera_Erebidae_Zale_horrida/236a03a8-32f7-4ae6-9514-1077ce595a79.jpg,56,449,0.014855090421848063,False,False,"[449, 370, 486, 351, 83]"
val/01137_Animalia_Arthropoda_Insecta_Lepidoptera_Erebidae_Zale_horrida/35de8243-b6a5-4689-9654-6e173c7ec590.jpg,56,56,0.015179889904222164,True,True,"[56, 86, 52, 111, 45]"
val/01137_Animalia_Arthropoda_Insecta_Lepidoptera_Erebidae_Zale_horrida/42376428-9d2f-4df0-a34b-a098b929dd71.jpg,56,58,0.013919954018472094,False,False,"[58, 62, 87, 57, 22]"
val/01137_Animalia_Arthropoda_Insecta_Lepidoptera_Erebidae_Zale_horrida/4bc99544-262a-4509-8d2c-dc9b40e30947.jpg,56,82,0.01391852656882885,False,False,"[82, 284, 292, 214, 63]"
val/01137_Animalia_Arthropoda_Insecta_Lepidoptera_Erebidae_Zale_horrida/6548b388-1625-4def-94ea-fba88179b101.jpg,56,87,0.011796605101291107,False,False,"[87, 76, 86, 94, 237]"
val/01137_Animalia_Arthropoda_Insecta_Lepidoptera_Erebidae_Zale_horrida/66417482-8cf0-45b1-9dee-72900807310e.jpg,56,92,0.017451623757432397,False,True,"[92, 45, 87, 56, 86]"
val/01137_Animalia_Arthropoda_Insecta_Lepidoptera_Erebidae_Zale_horrida/834ff1c5-1dce-41bc-9a85-8c77160c6629.jpg,56,249,0.01452536189295776,False,False,"[249, 24, 1, 44, 63]"
val/01137_Animalia_Arthropoda_Insecta_Lepidoptera_Erebidae_Zale_horrida/929651df-5ffd-4b6d-9846-f7a7437dfc28.jpg,56,86,0.01087446613421595,False,False,"[86, 58, 189, 109, 198]"
val/01137_Animalia_Arthropoda_Insecta_Lepidoptera_Erebidae_Zale_horrida/bff7060e-7d67-44dd-b25a-cc859dfae055.jpg,56,117,0.023681395883541845,False,True,"[117, 66, 50, 406, 56]"
val/01153_Animalia_Arthropoda_Insecta_Lepidoptera_Geometridae_Aplocera_plagiata/30dc8231-4284-4c0b-b35d-3947080173f4.jpg,57,58,0.013806724456202553,False,False,"[58, 139, 61, 309, 25]"
val/01153_Animalia_Arthropoda_Insecta_Lepidoptera_Geometridae_Aplocera_plagiata/32594454-11e2-4c33-939e-c2933f713b3c.jpg,57,199,0.008646760996207111,False,False,"[199, 337, 365, 221, 147]"
val/01153_Animalia_Arthropoda_Insecta_Lepidoptera_Geometridae_Aplocera_plagiata/94804e25-3686-43f3-8981-4c850ddc0e41.jpg,57,147,0.010131800445844195,False,False,"[147, 50, 219, 456, 78]"
val/01153_Animalia_Arthropoda_Insecta_Lepidoptera_Geometridae_Aplocera_plagiata/9f0f05c2-a9b3-49cd-8843-72a447c6861c.jpg,57,249,0.009172239260683258,False,False,"[249, 202, 35, 80, 190]"
val/01153_Animalia_Arthropoda_Insecta_Lepidoptera_Geometridae_Aplocera_plagiata/a1a11447-4cf6-45e5-a803-63de6893f808.jpg,57,73,0.01876586591594674,False,False,"[73, 52, 172, 162, 87]"
val/01153_Animalia_Arthropoda_Insecta_Lepidoptera_Geometridae_Aplocera_plagiata/c6b105f7-c531-4b8d-ae2a-102ca4c2168b.jpg,57,52,0.015571991427825825,False,False,"[52, 161, 40, 406, 159]"
val/01153_Animalia_Arthropoda_Insecta_Lepidoptera_Geometridae_Aplocera_plagiata/d98f0f05-c9a5-454e-a722-ed6e6e43fda9.jpg,57,262,0.022368283113190824,False,False,"[262, 171, 116, 237, 228]"
val/01153_Animalia_Arthropoda_Insecta_Lepidoptera_Geometridae_Aplocera_plagiata/da1444d0-37ce-4988-be44-18d9fa464c92.jpg,57,456,0.009962229704808237,False,False,"[456, 371, 217, 345, 36]"
val/01153_Animalia_Arthropoda_Insecta_Lepidoptera_Geometridae_Aplocera_plagiata/dfbdee51-d209-4d76-b25f-2f42d28cde5e.jpg,57,209,0.012706502214404539,False,False,"[209, 176, 165, 204, 197]"
val/01153_Animalia_Arthropoda_Insecta_Lepidoptera_Geometridae_Aplocera_plagiata/e16f5050-b42a-46c6-8a18-5dc9583f4913.jpg,57,228,0.009385858046743661,False,False,"[228, 281, 36, 13, 224]"
val/01158_Animalia_Arthropoda_Insecta_Lepidoptera_Geometridae_Cabera_pusaria/2a0751f1-7724-45db-b800-6c50f0b27e60.jpg,58,56,0.009894837386002543,False,False,"[56, 288, 415, 62, 83]"
val/01158_Animalia_Arthropoda_Insecta_Lepidoptera_Geometridae_Cabera_pusaria/5c30e475-f6d9-4e25-98ef-693bd99b264f.jpg,58,85,0.01314784526058306,False,False,"[85, 136, 205, 55, 66]"
val/01158_Animalia_Arthropoda_Insecta_Lepidoptera_Geometridae_Cabera_pusaria/81a34f97-5ab6-48df-af85-cddae095908f.jpg,58,197,0.03491914087371599,False,False,"[197, 111, 172, 64, 40]"
val/01158_Animalia_Arthropoda_Insecta_Lepidoptera_Geometridae_Cabera_pusaria/a05d90ab-ee90-4f18-868f-abc4e2139fbf.jpg,58,488,0.011098377794479582,False,False,"[488, 321, 354, 367, 341]"
val/01158_Animalia_Arthropoda_Insecta_Lepidoptera_Geometridae_Cabera_pusaria/b45bbc3e-54de-4e4e-a0f6-e2af031de8d7.jpg,58,73,0.06266249378599578,False,False,"[73, 47, 118, 18, 91]"
val/01158_Animalia_Arthropoda_Insecta_Lepidoptera_Geometridae_Cabera_pusaria/b7acfa73-5ccc-4d59-9871-4346f1b56ba9.jpg,58,74,0.009068178096463016,False,False,"[74, 293, 224, 417, 408]"
val/01158_Animalia_Arthropoda_Insecta_Lepidoptera_Geometridae_Cabera_pusaria/bbd47b3b-c7c3-4628-b444-7353cac1dee7.jpg,58,58,0.03288476769392395,True,True,"[58, 62, 63, 66, 61]"
val/01158_Animalia_Arthropoda_Insecta_Lepidoptera_Geometridae_Cabera_pusaria/d16811b1-afcf-4aaa-a3d5-1b65c725f406.jpg,58,116,0.06500832569972938,False,False,"[116, 171, 242, 241, 35]"
val/01158_Animalia_Arthropoda_Insecta_Lepidoptera_Geometridae_Cabera_pusaria/d97b4a64-4a16-4a05-a157-7c2bc66a1081.jpg,58,334,0.027650199241967297,False,False,"[334, 233, 327, 241, 496]"
val/01158_Animalia_Arthropoda_Insecta_Lepidoptera_Geometridae_Cabera_pusaria/f4cfb0d1-a2d2-4e61-85c8-b06840af5dbc.jpg,58,151,0.011186394580637773,False,False,"[151, 53, 121, 296, 204]"
val/01180_Animalia_Arthropoda_Insecta_Lepidoptera_Geometridae_Crocallis_elinguaria/2da3e5a1-3b1b-46cd-9d48-028b87da4226.jpg,59,63,0.014384707969565529,False,False,"[63, 84, 66, 118, 62]"
val/01180_Animalia_Arthropoda_Insecta_Lepidoptera_Geometridae_Crocallis_elinguaria/537d5f2b-db32-4b52-a1c0-ae73c90b77e8.jpg,59,51,0.01219302223920854,False,False,"[51, 185, 159, 41, 168]"
val/01180_Animalia_Arthropoda_Insecta_Lepidoptera_Geometridae_Crocallis_elinguaria/71a57ebd-21ff-490e-8684-6d7ab9c69024.jpg,59,204,0.015251067341203083,False,False,"[204, 228, 214, 385, 4]"
val/01180_Animalia_Arthropoda_Insecta_Lepidoptera_Geometridae_Crocallis_elinguaria/7a8ef9ed-70a1-4f0a-8d20-0722d18e0799.jpg,59,25,0.016322149488161443,False,False,"[25, 475, 242, 118, 136]"
val/01180_Animalia_Arthropoda_Insecta_Lepidoptera_Geometridae_Crocallis_elinguaria/7c5c4ff9-5c9b-44c2-893e-c6d10c6eff10.jpg,59,100,0.010161343081795298,False,False,"[100, 499, 102, 232, 101]"
val/01180_Animalia_Arthropoda_Insecta_Lepidoptera_Geometridae_Crocallis_elinguaria/91ea972d-c949-46bb-9e26-fb3122b717f8.jpg,59,292,0.009385388580957195,False,False,"[292, 61, 65, 101, 494]"
val/01180_Animalia_Arthropoda_Insecta_Lepidoptera_Geometridae_Crocallis_elinguaria/9a304f76-93fc-46d5-b23a-f312fb534a5c.jpg,59,241,0.02244508629159976,False,False,"[241, 216, 164, 40, 196]"
val/01180_Animalia_Arthropoda_Insecta_Lepidoptera_Geometridae_Crocallis_elinguaria/a2de0af6-e075-4d8e-b9a7-7ff53f52d2ed.jpg,59,17,0.009200522523268454,False,False,"[17, 384, 76, 293, 4]"
val/01180_Animalia_Arthropoda_Insecta_Lepidoptera_Geometridae_Crocallis_elinguaria/aecbb687-9693-4606-a4de-f4bcffdb54d3.jpg,59,205,0.01951947782148783,False,False,"[205, 66, 85, 184, 140]"
val/01180_Animalia_Arthropoda_Insecta_Lepidoptera_Geometridae_Crocallis_elinguaria/fa71f2d7-bac2-4a16-9d6b-e7086b222114.jpg,59,66,0.015455160705633603,False,False,"[66, 143, 57, 86, 154]"
val/01198_Animalia_Arthropoda_Insecta_Lepidoptera_Geometridae_Dysstroma_truncata/07114ec5-ea45-4735-bbf2-a0fc83227300.jpg,60,36,0.009690886033861038,False,False,"[36, 497, 340, 2, 466]"
val/01198_Animalia_Arthropoda_Insecta_Lepidoptera_Geometridae_Dysstroma_truncata/2578265d-1283-45c0-b21c-e5ff8c8bc004.jpg,60,52,0.013158215534609207,False,False,"[52, 87, 270, 450, 86]"
val/01198_Animalia_Arthropoda_Insecta_Lepidoptera_Geometridae_Dysstroma_truncata/2c0da9e3-734b-46d9-a3c8-8e640c532dd7.jpg,60,281,0.01736963456753275,False,False,"[281, 55, 56, 76, 57]"
val/01198_Animalia_Arthropoda_Insecta_Lepidoptera_Geometridae_Dysstroma_truncata/4029cbda-677d-4f63-a839-844ccc5c52eb.jpg,60,82,0.013228358338843518,False,False,"[82, 87, 92, 287, 63]"
val/01198_Animalia_Arthropoda_Insecta_Lepidoptera_Geometridae_Dysstroma_truncata/531c5e0c-b997-4739-a048-a5efbe3d8308.jpg,60,210,0.0144264744461458,False,False,"[210, 30, 73, 17, 31]"
val/01198_Animalia_Arthropoda_Insecta_Lepidoptera_Geometridae_Dysstroma_truncata/6ea34384-ef45-4661-8792-df65aff262ca.jpg,60,334,0.03301111534297462,False,False,"[334, 216, 233, 241, 172]"
val/01198_Animalia_Arthropoda_Insecta_Lepidoptera_Geometridae_Dysstroma_truncata/7c9a078a-e16b-47e9-a274-1734ef5b43fd.jpg,60,384,0.009935015718724875,False,False,"[384, 98, 153, 8, 49]"
val/01198_Animalia_Arthropoda_Insecta_Lepidoptera_Geometridae_Dysstroma_truncata/863809e7-9866-4556-9426-b59ad78710ce.jpg,60,390,0.010193950083605189,False,False,"[390, 446, 491, 466, 272]"
val/01198_Animalia_Arthropoda_Insecta_Lepidoptera_Geometridae_Dysstroma_truncata/88ab4b25-4232-4ebc-a0c3-6774340bb74f.jpg,60,92,0.023157976706621047,False,False,"[92, 56, 45, 384, 58]"
val/01198_Animalia_Arthropoda_Insecta_Lepidoptera_Geometridae_Dysstroma_truncata/e7068e11-ae73-4c03-9ba7-01de7b4eac8e.jpg,60,75,0.03952404740099635,False,False,"[75, 34, 51, 57, 50]"
val/01216_Animalia_Arthropoda_Insecta_Lepidoptera_Geometridae_Eusarca_confusaria/15456684-099c-4c9f-8a4b-dc74d9bac39d.jpg,61,151,0.010044523946848667,False,False,"[151, 60, 226, 134, 334]"
val/01216_Animalia_Arthropoda_Insecta_Lepidoptera_Geometridae_Eusarca_confusaria/15e6c77f-203a-49ae-8450-38b0d55fc609.jpg,61,64,0.01098191582243358,False,False,"[64, 59, 96, 41, 224]"
val/01216_Animalia_Arthropoda_Insecta_Lepidoptera_Geometridae_Eusarca_confusaria/3fbee165-df2a-49ee-b3e1-7ec4389224cc.jpg,61,40,0.01811628415106705,False,True,"[40, 61, 90, 185, 64]"
val/01216_Animalia_Arthropoda_Insecta_Lepidoptera_Geometridae_Eusarca_confusaria/67807fba-c9e6-40bd-ba47-6e0d6e77183f.jpg,61,75,0.012582074148321187,False,False,"[75, 4, 56, 118, 192]"
val/01216_Animalia_Arthropoda_Insecta_Lepidoptera_Geometridae_Eusarca_confusaria/7c2a12c2-3e7b-4af1-a845-e3bfe6b1cf90.jpg,61,57,0.008465042118435968,False,False,"[57, 13, 481, 130, 71]"
val/01216_Animalia_Arthropoda_Insecta_Lepidoptera_Geometridae_Eusarca_confusaria/860fe312-e5df-44ff-a284-5a112ce7ad22.jpg,61,153,0.009990391170736804,False,False,"[153, 436, 96, 456, 497]"
val/01216_Animalia_Arthropoda_Insecta_Lepidoptera_Geometridae_Eusarca_confusaria/8947f5fd-751a-4c0d-a990-240ddda10eae.jpg,61,58,0.012388464815270778,False,False,"[58, 76, 181, 6, 111]"
val/01216_Animalia_Arthropoda_Insecta_Lepidoptera_Geometridae_Eusarca_confusaria/a6090086-d349-4e56-94b7-a91395ca6f2a.jpg,61,252,0.010968626174908224,False,False,"[252, 58, 247, 117, 74]"
val/01216_Animalia_Arthropoda_Insecta_Lepidoptera_Geometridae_Eusarca_confusaria/af003ae2-c534-4236-bc75-23dde0ddcfc0.jpg,61,52,0.032135666690768956,False,False,"[52, 196, 181, 64, 85]"
val/01216_Animalia_Arthropoda_Insecta_Lepidoptera_Geometridae_Eusarca_confusaria/c3f64501-a23e-474b-aeab-49859a1c2024.jpg,61,142,0.010103253108058183,False,False,"[142, 212, 213, 227, 200]"
val/01240_Animalia_Arthropoda_Insecta_Lepidoptera_Geometridae_Idaea_tacturata/136ce00b-34b9-4ff2-9572-b6d02f4564f2.jpg,62,62,0.01949036510919643,True,True,"[62, 34, 4, 184, 158]"
val/01240_Animalia_Arthropoda_Insecta_Lepidoptera_Geometridae_Idaea_tacturata/23251126-02d2-4449-b805-a5388e8a189b.jpg,62,288,0.0228109933869389,False,True,"[288, 62, 58, 179, 167]"
val/01240_Animalia_Arthropoda_Insecta_Lepidoptera_Geometridae_Idaea_tacturata/3a742733-ac2a-4a9c-b649-25c81040d884.jpg,62,63,0.01780300647585926,False,False,"[63, 4, 282, 82, 92]"
val/01240_Animalia_Arthropoda_Insecta_Lepidoptera_Geometridae_Idaea_tacturata/544c4c32-293f-4c8c-8b72-9ba41ce78407.jpg,62,88,0.018928575618595875,False,False,"[88, 34, 270, 236, 174]"
val/01240_Animalia_Arthropoda_Insecta_Lepidoptera_Geometridae_Idaea_tacturata/6f4e380a-c863-4f06-ad04-2d2e63e2084e.jpg,62,271,0.030148057850908957,False,False,"[271, 329, 394, 333, 455]"
val/01240_Animalia_Arthropoda_Insecta_Lepidoptera_Geometridae_Idaea_tacturata/8b637965-8061-4961-95bb-0996f836f126.jpg,62,40,0.011622010890078489,False,False,"[40, 186, 196, 185, 90]"
val/01240_Animalia_Arthropoda_Insecta_Lepidoptera_Geometridae_Idaea_tacturata/95e8fc3a-0ae7-4173-93c2-a3309acadac7.jpg,62,92,0.011544360402927065,False,False,"[92, 57, 52, 116, 14]"
val/01240_Animalia_Arthropoda_Insecta_Lepidoptera_Geometridae_Idaea_tacturata/9d2932de-fe24-4f8e-9298-fcc3f588ea41.jpg,62,16,0.010932562941551302,False,False,"[16, 30, 63, 58, 293]"
val/01240_Animalia_Arthropoda_Insecta_Lepidoptera_Geometridae_Idaea_tacturata/b1979e29-af1d-4b60-92f4-9e546f087dc2.jpg,62,58,0.03398043546598585,False,False,"[58, 63, 66, 61, 53]"
val/01240_Animalia_Arthropoda_Insecta_Lepidoptera_Geometridae_Idaea_tacturata/f77587b6-bbac-4080-8c0f-d49fb76648c4.jpg,62,180,0.028944506639571828,False,True,"[180, 241, 88, 62, 211]"
val/01252_Animalia_Arthropoda_Insecta_Lepidoptera_Geometridae_Lomographa_glomeraria/23fe36b2-b2a5-435e-bf53-ddd4bdc9d817.jpg,63,57,0.011778440632967187,False,False,"[57, 56, 58, 60, 49]"
val/01252_Animalia_Arthropoda_Insecta_Lepidoptera_Geometridae_Lomographa_glomeraria/67bbf7ce-265b-4764-b251-6c64fe40901e.jpg,63,211,0.01755563222071303,False,False,"[211, 4, 74, 136, 227]"
val/01252_Animalia_Arthropoda_Insecta_Lepidoptera_Geometridae_Lomographa_glomeraria/944548aa-a3b2-4903-8acc-5a4b90915baf.jpg,63,431,0.010996757920771398,False,False,"[431, 279, 187, 101, 211]"
val/01252_Animalia_Arthropoda_Insecta_Lepidoptera_Geometridae_Lomographa_glomeraria/95d9c942-f834-471e-b887-4bab44ee794e.jpg,63,98,0.009850784739963432,False,False,"[98, 254, 119, 110, 452]"
val/01252_Animalia_Arthropoda_Insecta_Lepidoptera_Geometridae_Lomographa_glomeraria/985020b3-2f5e-43f1-86ef-b9b249b66d27.jpg,63,140,0.02394521887022684,False,False,"[140, 90, 242, 142, 172]"
val/01252_Animalia_Arthropoda_Insecta_Lepidoptera_Geometridae_Lomographa_glomeraria/9d078c0a-f7cf-45e6-8aab-f38c35775da4.jpg,63,116,0.09867535606114704,False,False,"[116, 235, 55, 88, 227]"
val/01252_Animalia_Arthropoda_Insecta_Lepidoptera_Geometridae_Lomographa_glomeraria/9f147b36-0757-456a-8d0b-6f14f5a71204.jpg,63,139,0.018279905281081716,False,False,"[139, 4, 61, 116, 23]"
val/01252_Animalia_Arthropoda_Insecta_Lepidoptera_Geometridae_Lomographa_glomeraria/af2883b4-7c62-43d1-9b85-c10f8f98eb80.jpg,63,44,0.016329143162029196,False,False,"[44, 52, 92, 76, 75]"
val/01252_Animalia_Arthropoda_Insecta_Lepidoptera_Geometridae_Lomographa_glomeraria/bec1516b-ac57-4d90-979e-d677bb941dba.jpg,63,169,0.00919347518031024,False,False,"[169, 50, 151, 94, 283]"
val/01252_Animalia_Arthropoda_Insecta_Lepidoptera_Geometridae_Lomographa_glomeraria/e3c8011b-8628-4d69-a797-7ed0f3dcc634.jpg,63,236,0.01226330754191572,False,False,"[236, 185, 136, 158, 127]"
val/01264_Animalia_Arthropoda_Insecta_Lepidoptera_Geometridae_Mellilla_xanthometata/148e5c98-5f62-44b1-9037-1a20e062a1b1.jpg,64,205,0.018443008421506472,False,False,"[205, 4, 184, 44, 252]"
val/01264_Animalia_Arthropoda_Insecta_Lepidoptera_Geometridae_Mellilla_xanthometata/156c3167-c441-403d-87bd-b1572c9e27a3.jpg,64,158,0.011814584881914936,False,False,"[158, 45, 209, 184, 151]"
val/01264_Animalia_Arthropoda_Insecta_Lepidoptera_Geometridae_Mellilla_xanthometata/2f9e17e5-c05a-4bd7-95e4-17c05ed503d5.jpg,64,60,0.015677836675287483,False,False,"[60, 292, 271, 79, 72]"
val/01264_Animalia_Arthropoda_Insecta_Lepidoptera_Geometridae_Mellilla_xanthometata/30909efe-d521-4532-8d2b-4e1510dd5051.jpg,64,111,0.045395609263344544,False,False,"[111, 118, 86, 80, 117]"
val/01264_Animalia_Arthropoda_Insecta_Lepidoptera_Geometridae_Mellilla_xanthometata/644a8aac-6f12-4270-b01f-a91c8acacc53.jpg,64,81,0.009774534060719639,False,False,"[81, 328, 211, 45, 130]"
val/01264_Animalia_Arthropoda_Insecta_Lepidoptera_Geometridae_Mellilla_xanthometata/6cab850c-f7d0-4052-bf78-95aa80b5862c.jpg,64,55,0.025174390223653902,False,True,"[55, 52, 35, 75, 64]"
val/01264_Animalia_Arthropoda_Insecta_Lepidoptera_Geometridae_Mellilla_xanthometata/95854cb5-d0e1-44b4-9ea8-69350208a16c.jpg,64,151,0.010020670189411282,False,False,"[151, 221, 456, 207, 391]"
val/01264_Animalia_Arthropoda_Insecta_Lepidoptera_Geometridae_Mellilla_xanthometata/9ac02341-9967-488c-b1ee-1f23bc62236e.jpg,64,86,0.03357044140893407,False,True,"[86, 18, 73, 64, 76]"
val/01264_Animalia_Arthropoda_Insecta_Lepidoptera_Geometridae_Mellilla_xanthometata/a801d172-8b40-438f-814c-43b2f7dc9f3e.jpg,64,61,0.01799134100264551,False,False,"[61, 284, 58, 66, 43]"
val/01264_Animalia_Arthropoda_Insecta_Lepidoptera_Geometridae_Mellilla_xanthometata/c64a4455-41ba-401c-b63e-36ad90c1461e.jpg,64,61,0.019375847082908803,False,False,"[61, 116, 66, 62, 63]"
val/01284_Animalia_Arthropoda_Insecta_Lepidoptera_Geometridae_Peribatodes_rhomboidaria/47b5f96f-eb1d-4f9f-863f-8910ea980bd1.jpg,65,206,0.015595377757767943,False,False,"[206, 169, 55, 226, 208]"
val/01284_Animalia_Arthropoda_Insecta_Lepidoptera_Geometridae_Peribatodes_rhomboidaria/47dbdff4-825e-4175-b319-eb0726f02c5c.jpg,65,52,0.022632853176555764,False,False,"[52, 73, 61, 45, 58]"
val/01284_Animalia_Arthropoda_Insecta_Lepidoptera_Geometridae_Peribatodes_rhomboidaria/48853aba-f35e-46fd-9cd2-4802a5454017.jpg,65,11,0.01563376898680589,False,False,"[11, 442, 129, 31, 81]"
val/01284_Animalia_Arthropoda_Insecta_Lepidoptera_Geometridae_Peribatodes_rhomboidaria/7de4496a-7ba9-4353-b1e0-a3ad068126b8.jpg,65,250,0.015528083246881662,False,False,"[250, 28, 20, 89, 101]"
val/01284_Animalia_Arthropoda_Insecta_Lepidoptera_Geometridae_Peribatodes_rhomboidaria/99b99409-b8c6-4fe5-ae8c-4ad7e4e3fa96.jpg,65,86,0.016197698803549904,False,False,"[86, 56, 76, 92, 45]"
val/01284_Animalia_Arthropoda_Insecta_Lepidoptera_Geometridae_Peribatodes_rhomboidaria/9ac6a18b-10b3-4509-a558-d00692fa34e4.jpg,65,180,0.017365228240123223,False,False,"[180, 109, 116, 75, 56]"
val/01284_Animalia_Arthropoda_Insecta_Lepidoptera_Geometridae_Peribatodes_rhomboidaria/c7b05835-cfa3-4d09-868f-d70f99370708.jpg,65,90,0.011237571604395627,False,False,"[90, 75, 30, 62, 196]"
val/01284_Animalia_Arthropoda_Insecta_Lepidoptera_Geometridae_Peribatodes_rhomboidaria/de19f305-18ff-4f26-b7c8-c61d26626c99.jpg,65,244,0.015794254714303062,False,True,"[244, 358, 117, 65, 41]"
val/01284_Animalia_Arthropoda_Insecta_Lepidoptera_Geometridae_Peribatodes_rhomboidaria/f5e06809-7043-4b38-9604-bf7627192498.jpg,65,76,0.021023591672853194,False,False,"[76, 82, 44, 75, 86]"
val/01284_Animalia_Arthropoda_Insecta_Lepidoptera_Geometridae_Peribatodes_rhomboidaria/fd68a2f9-3b59-4838-b514-6bb7057d5990.jpg,65,62,0.015816763728595862,False,False,"[62, 93, 57, 83, 51]"
val/01318_Animalia_Arthropoda_Insecta_Lepidoptera_Geometridae_Traminda_aventiaria/030c217f-a73d-484a-9a7d-aae3c87d4399.jpg,66,82,0.023775449099871605,False,False,"[82, 116, 111, 63, 140]"
val/01318_Animalia_Arthropoda_Insecta_Lepidoptera_Geometridae_Traminda_aventiaria/1fa442f6-6d36-4854-9ffe-3e417632b935.jpg,66,0,0.01990527781913548,False,False,"[0, 231, 209, 175, 6]"
val/01318_Animalia_Arthropoda_Insecta_Lepidoptera_Geometridae_Traminda_aventiaria/2a67138c-e11a-4706-892f-4dc1b703a7c9.jpg,66,60,0.01021061456617291,False,True,"[60, 66, 61, 55, 25]"
val/01318_Animalia_Arthropoda_Insecta_Lepidoptera_Geometridae_Traminda_aventiaria/36207125-8a2a-481c-b082-089cc084378f.jpg,66,16,0.01625681639813535,False,False,"[16, 292, 61, 90, 192]"
val/01318_Animalia_Arthropoda_Insecta_Lepidoptera_Geometridae_Traminda_aventiaria/671870e6-7538-43b1-a772-098f16d04155.jpg,66,147,0.014264819116793115,False,False,"[147, 224, 266, 217, 236]"
val/01318_Animalia_Arthropoda_Insecta_Lepidoptera_Geometridae_Traminda_aventiaria/aa980eb6-778e-430f-a261-363d7af1badc.jpg,66,55,0.015274858399960536,False,False,"[55, 252, 184, 45, 183]"
val/01318_Animalia_Arthropoda_Insecta_Lepidoptera_Geometridae_Traminda_aventiaria/acbc2ac6-96eb-4dd6-94fe-9e1552df3260.jpg,66,64,0.021292732965274848,False,False,"[64, 61, 40, 25, 55]"
val/01318_Animalia_Arthropoda_Insecta_Lepidoptera_Geometridae_Traminda_aventiaria/cc82424c-dacd-4662-a6ec-2953bd42ec78.jpg,66,58,0.0320447770414854,False,True,"[58, 66, 91, 179, 185]"
val/01318_Animalia_Arthropoda_Insecta_Lepidoptera_Geometridae_Traminda_aventiaria/e5e1a2b1-4f1f-4f8f-b7b7-d2e2201cec90.jpg,66,82,0.018647377241162628,False,False,"[82, 209, 4, 224, 175]"
val/01318_Animalia_Arthropoda_Insecta_Lepidoptera_Geometridae_Traminda_aventiaria/ea665167-93ea-4658-a727-102573e10491.jpg,66,87,0.024391916048271792,False,False,"[87, 86, 85, 90, 58]"
val/01339_Animalia_Arthropoda_Insecta_Lepidoptera_Hesperiidae_Atalopedes_campestris/12f79aee-175a-4763-82ef-cfb2a53ffa55.jpg,67,258,0.009899070291885028,False,False,"[258, 24, 360, 470, 273]"
val/01339_Animalia_Arthropoda_Insecta_Lepidoptera_Hesperiidae_Atalopedes_campestris/3f0fbfca-5d3c-4055-8ca7-d5ba2c9d32f5.jpg,67,316,0.009895110849906547,False,False,"[316, 394, 6, 294, 295]"
val/01339_Animalia_Arthropoda_Insecta_Lepidoptera_Hesperiidae_Atalopedes_campestris/71a8f6a5-5239-4e36-99c0-013158a66b33.jpg,67,382,0.009042062737090227,False,False,"[382, 2, 175, 466, 206]"
val/01339_Animalia_Arthropoda_Insecta_Lepidoptera_Hesperiidae_Atalopedes_campestris/81d63d48-23e8-4863-ba6f-2d0370d7af38.jpg,67,393,0.008977303469998747,False,False,"[393, 361, 246, 66, 304]"
val/01339_Animalia_Arthropoda_Insecta_Lepidoptera_Hesperiidae_Atalopedes_campestris/83644c3b-ef2b-4b63-9250-00f529f80cd8.jpg,67,343,0.010241297522995399,False,False,"[343, 407, 386, 338, 474]"
val/01339_Animalia_Arthropoda_Insecta_Lepidoptera_Hesperiidae_Atalopedes_campestris/8a759e90-6c45-44d0-8c62-3ddd003ff083.jpg,67,48,0.010108874296486721,False,False,"[48, 291, 481, 468, 19]"
val/01339_Animalia_Arthropoda_Insecta_Lepidoptera_Hesperiidae_Atalopedes_campestris/bfc81936-7462-4a07-9e3b-22b1785303d8.jpg,67,420,0.009551397541661469,False,False,"[420, 434, 349, 351, 461]"
val/01339_Animalia_Arthropoda_Insecta_Lepidoptera_Hesperiidae_Atalopedes_campestris/cfca0fd8-aafa-4f22-923f-8990ad0b8de0.jpg,67,91,0.016153573862586045,False,False,"[91, 15, 282, 287, 257]"
val/01339_Animalia_Arthropoda_Insecta_Lepidoptera_Hesperiidae_Atalopedes_campestris/d8822949-424d-4c6b-b583-802e9d7f4286.jpg,67,396,0.009545056511976574,False,False,"[396, 128, 375, 215, 408]"
val/01339_Animalia_Arthropoda_Insecta_Lepidoptera_Hesperiidae_Atalopedes_campestris/f3d9dd6b-befb-48ad-aa1c-7528af47cab1.jpg,67,105,0.01582369117780111,False,False,"[105, 297, 303, 293, 32]"
val/01359_Animalia_Arthropoda_Insecta_Lepidoptera_Hesperiidae_Erynnis_funeralis/13cb61b2-0dfb-40ab-a1a6-c32976ce4d52.jpg,68,292,0.009079390021864586,False,False,"[292, 136, 341, 162, 288]"
val/01359_Animalia_Arthropoda_Insecta_Lepidoptera_Hesperiidae_Erynnis_funeralis/1721267e-7a1e-4af8-bf29-8f53c9d5f8c4.jpg,68,78,0.009855966944658881,False,False,"[78, 455, 475, 10, 324]"
val/01359_Animalia_Arthropoda_Insecta_Lepidoptera_Hesperiidae_Erynnis_funeralis/5946ad32-eec8-4f79-b3c1-a0cb2d6c7365.jpg,68,276,0.010066919142397128,False,False,"[276, 494, 248, 261, 327]"
val/01359_Animalia_Arthropoda_Insecta_Lepidoptera_Hesperiidae_Erynnis_funeralis/63b09bc6-a01f-47ba-9a9d-5fca3532ea72.jpg,68,306,0.02251249334540244,False,False,"[306, 476, 368, 369, 425]"
val/01359_Animalia_Arthropoda_Insecta_Lepidoptera_Hesperiidae_Erynnis_funeralis/677789b3-2419-4071-89da-b6eb88e3943b.jpg,68,92,0.024461243920621895,False,False,"[92, 76, 65, 133, 212]"
val/01359_Animalia_Arthropoda_Insecta_Lepidoptera_Hesperiidae_Erynnis_funeralis/9b23dd68-82ee-48b0-b535-10ad5b56b50c.jpg,68,289,0.015408675322829577,False,False,"[289, 191, 337, 468, 416]"
val/01359_Animalia_Arthropoda_Insecta_Lepidoptera_Hesperiidae_Erynnis_funeralis/a5ad8fc0-4fed-4022-ad62-0c61cd08c1bb.jpg,68,492,0.02797120660857784,False,False,"[492, 105, 286, 387, 385]"
val/01359_Animalia_Arthropoda_Insecta_Lepidoptera_Hesperiidae_Erynnis_funeralis/b3ef67ef-cd40-42eb-adf5-cdb89f4f5870.jpg,68,405,0.009942586891698486,False,False,"[405, 41, 383, 418, 489]"
val/01359_Animalia_Arthropoda_Insecta_Lepidoptera_Hesperiidae_Erynnis_funeralis/cdfae9a0-e737-4c3a-8db1-98e312acfadd.jpg,68,181,0.015196902631668818,False,False,"[181, 184, 135, 273, 225]"
val/01359_Animalia_Arthropoda_Insecta_Lepidoptera_Hesperiidae_Erynnis_funeralis/f9664dac-4195-4dc6-bd07-9d99aa53f488.jpg,68,105,0.009960316481743623,False,False,"[105, 383, 44, 98, 201]"
val/01364_Animalia_Arthropoda_Insecta_Lepidoptera_Hesperiidae_Erynnis_tages/14f938e3-e83e-415c-99a3-20cbdaac40c7.jpg,69,14,0.015236745650429559,False,False,"[14, 114, 278, 147, 56]"
val/01364_Animalia_Arthropoda_Insecta_Lepidoptera_Hesperiidae_Erynnis_tages/221cbc7d-8cfe-4399-b71b-62a156b91073.jpg,69,143,0.009382383403641552,False,False,"[143, 95, 159, 54, 218]"
val/01364_Animalia_Arthropoda_Insecta_Lepidoptera_Hesperiidae_Erynnis_tages/36d1d069-c3f3-4d97-ab64-246ded43def0.jpg,69,329,0.014338428127811746,False,False,"[329, 327, 306, 372, 199]"
val/01364_Animalia_Arthropoda_Insecta_Lepidoptera_Hesperiidae_Erynnis_tages/379c964e-4654-4b9e-806f-6888ccb48579.jpg,69,60,0.00921571621718538,False,False,"[60, 277, 95, 159, 28]"
val/01364_Animalia_Arthropoda_Insecta_Lepidoptera_Hesperiidae_Erynnis_tages/3f3c7b06-8b18-46f5-9b17-ae56d2c16339.jpg,69,158,0.007824719759608934,False,False,"[158, 493, 393, 499, 375]"
val/01364_Animalia_Arthropoda_Insecta_Lepidoptera_Hesperiidae_Erynnis_tages/45da5c16-c6fc-4834-8e75-07c30c21587e.jpg,69,424,0.016598711213277564,False,False,"[424, 177, 18, 467, 305]"
val/01364_Animalia_Arthropoda_Insecta_Lepidoptera_Hesperiidae_Erynnis_tages/5c13ab9f-9ee8-408b-bab7-020a5b4136c5.jpg,69,401,0.009509019305828407,False,False,"[401, 450, 323, 468, 473]"
val/01364_Animalia_Arthropoda_Insecta_Lepidoptera_Hesperiidae_Erynnis_tages/b9889955-cd05-4124-add5-30ef0c6c33e8.jpg,69,307,0.012127411258547,False,False,"[307, 455, 439, 443, 401]"
val/01364_Animalia_Arthropoda_Insecta_Lepidoptera_Hesperiidae_Erynnis_tages/d83d99a7-e046-44cc-8cf5-f41aa4c87528.jpg,69,306,0.018156171215494028,False,False,"[306, 311, 353, 256, 491]"
val/01364_Animalia_Arthropoda_Insecta_Lepidoptera_Hesperiidae_Erynnis_tages/ebb9cce2-6019-41f8-80aa-cb154d877188.jpg,69,293,0.01001371496345939,False,False,"[293, 65, 450, 297, 295]"
val/01395_Animalia_Arthropoda_Insecta_Lepidoptera_Hesperiidae_Polites_sabuleti/01d82533-eac2-4594-b45f-7896fd798e48.jpg,70,407,0.028455809178059083,False,False,"[407, 290, 360, 346, 494]"
val/01395_Animalia_Arthropoda_Insecta_Lepidoptera_Hesperiidae_Polites_sabuleti/1dff26be-22bf-46a5-ab98-eabc21cb0e2e.jpg,70,89,0.012349918115380677,False,False,"[89, 258, 471, 226, 57]"
val/01395_Animalia_Arthropoda_Insecta_Lepidoptera_Hesperiidae_Polites_sabuleti/392142ea-aba8-4d64-975b-719888cd8733.jpg,70,393,0.009943476513029072,False,False,"[393, 467, 459, 291, 292]"
val/01395_Animalia_Arthropoda_Insecta_Lepidoptera_Hesperiidae_Polites_sabuleti/4699528c-e43c-43fe-a0a1-e7999e079ece.jpg,70,428,0.009495299158415687,False,False,"[428, 24, 355, 404, 144]"
val/01395_Animalia_Arthropoda_Insecta_Lepidoptera_Hesperiidae_Polites_sabuleti/48aaa7d7-5d3b-4684-97c9-e9c87126ceff.jpg,70,261,0.010121485222692472,False,False,"[261, 251, 204, 222, 211]"
val/01395_Animalia_Arthropoda_Insecta_Lepidoptera_Hesperiidae_Polites_sabuleti/5322ffb3-61ad-464b-b428-8156c288baaf.jpg,70,327,0.022319719921040655,False,False,"[327, 329, 387, 234, 199]"
val/01395_Animalia_Arthropoda_Insecta_Lepidoptera_Hesperiidae_Polites_sabuleti/53a4e4fe-39f9-4f6b-9620-cbf92bedbe85.jpg,70,154,0.00932751868488687,False,False,"[154, 222, 465, 97, 29]"
val/01395_Animalia_Arthropoda_Insecta_Lepidoptera_Hesperiidae_Polites_sabuleti/5638f0c7-00fa-4a96-8c70-1c6c7b452c90.jpg,70,467,0.01649054569589131,False,False,"[467, 333, 469, 195, 140]"
val/01395_Animalia_Arthropoda_Insecta_Lepidoptera_Hesperiidae_Polites_sabuleti/6c7e008a-a35e-464a-81a1-26978b7baa67.jpg,70,486,0.01633324091367594,False,False,"[486, 242, 457, 405, 316]"
val/01395_Animalia_Arthropoda_Insecta_Lepidoptera_Hesperiidae_Polites_sabuleti/8f7cd2bd-fc7c-4fb3-b616-4e024adb64cb.jpg,70,289,0.010072852479977903,False,False,"[289, 487, 358, 196, 66]"
val/01397_Animalia_Arthropoda_Insecta_Lepidoptera_Hesperiidae_Polites_vibex/0965fba8-4941-4ad7-b0b0-c65f13b1247b.jpg,71,306,0.011661483654345052,False,False,"[306, 453, 316, 416, 491]"
val/01397_Animalia_Arthropoda_Insecta_Lepidoptera_Hesperiidae_Polites_vibex/1ee39fc1-7f4f-4c4f-9c0d-4b89faad5776.jpg,71,145,0.01322893003211627,False,False,"[145, 384, 468, 269, 450]"
val/01397_Animalia_Arthropoda_Insecta_Lepidoptera_Hesperiidae_Polites_vibex/83e5e248-a641-43ff-ab6e-1a422b40534d.jpg,71,32,0.009172416050147668,False,False,"[32, 150, 76, 170, 143]"
val/01397_Animalia_Arthropoda_Insecta_Lepidoptera_Hesperiidae_Polites_vibex/97bf393a-7e20-4295-a6d5-6f92e4903403.jpg,71,87,0.02944003913541966,False,False,"[87, 284, 73, 92, 55]"
val/01397_Animalia_Arthropoda_Insecta_Lepidoptera_Hesperiidae_Polites_vibex/99be3c05-aca6-427a-9845-6968d13180cb.jpg,71,76,0.010151029808329213,False,False,"[76, 223, 145, 120, 481]"
val/01397_Animalia_Arthropoda_Insecta_Lepidoptera_Hesperiidae_Polites_vibex/cc7bd724-9a08-494a-beb9-9274813eb6f9.jpg,71,414,0.01514502590487343,False,False,"[414, 491, 308, 373, 343]"
val/01397_Animalia_Arthropoda_Insecta_Lepidoptera_Hesperiidae_Polites_vibex/da28d214-3470-4668-953c-204f3a7bae8a.jpg,71,102,0.020110149681858452,False,False,"[102, 100, 305, 365, 374]"
val/01397_Animalia_Arthropoda_Insecta_Lepidoptera_Hesperiidae_Polites_vibex/e9e02542-74dc-4530-bb29-e9fb66e736ab.jpg,71,499,0.009320571264889433,False,False,"[499, 326, 441, 317, 100]"
val/01397_Animalia_Arthropoda_Insecta_Lepidoptera_Hesperiidae_Polites_vibex/f1def087-49c7-401a-91cc-f353a9b17f58.jpg,71,137,0.016156812467826964,False,False,"[137, 23, 175, 142, 181]"
val/01397_Animalia_Arthropoda_Insecta_Lepidoptera_Hesperiidae_Polites_vibex/f89f2c7d-97b6-44d9-ae5c-336fd21fc25f.jpg,71,31,0.02224980531308402,False,False,"[31, 244, 190, 9, 269]"
val/01416_Animalia_Arthropoda_Insecta_Lepidoptera_Lasiocampidae_Lasiocampa_quercus/0d78e897-ff4b-4f19-91f5-af8cc6d265af.jpg,72,66,0.01690680758901637,False,False,"[66, 151, 55, 64, 25]"
val/01416_Animalia_Arthropoda_Insecta_Lepidoptera_Lasiocampidae_Lasiocampa_quercus/23f39183-c76a-4de8-bb5a-1ef6cf7521fe.jpg,72,419,0.009521104051515347,False,False,"[419, 407, 352, 469, 287]"
val/01416_Animalia_Arthropoda_Insecta_Lepidoptera_Lasiocampidae_Lasiocampa_quercus/2a794622-c085-4fcd-8d1d-0e0b2b2de0f2.jpg,72,206,0.009480074818726748,False,False,"[206, 39, 286, 24, 497]"
val/01416_Animalia_Arthropoda_Insecta_Lepidoptera_Lasiocampidae_Lasiocampa_quercus/30368732-96e7-429e-a1fa-6a2e03109a74.jpg,72,55,0.01615895746284644,False,False,"[55, 252, 179, 89, 281]"
val/01416_Animalia_Arthropoda_Insecta_Lepidoptera_Lasiocampidae_Lasiocampa_quercus/386ed58e-6050-422c-81db-b0cfd12961ba.jpg,72,270,0.015449992919622799,False,False,"[270, 83, 276, 154, 466]"
val/01416_Animalia_Arthropoda_Insecta_Lepidoptera_Lasiocampidae_Lasiocampa_quercus/49d25a55-4699-4e31-921d-0be343d6b321.jpg,72,83,0.008808617812456133,False,False,"[83, 155, 151, 478, 31]"
val/01416_Animalia_Arthropoda_Insecta_Lepidoptera_Lasiocampidae_Lasiocampa_quercus/74e075ac-864c-4e5f-a454-ecdc487b2939.jpg,72,289,0.010388693150337051,False,False,"[289, 403, 478, 26, 300]"
val/01416_Animalia_Arthropoda_Insecta_Lepidoptera_Lasiocampidae_Lasiocampa_quercus/861490fe-1a37-4485-810f-6102d3d0fa3a.jpg,72,168,0.00978095834817926,False,False,"[168, 109, 51, 92, 287]"
val/01416_Animalia_Arthropoda_Insecta_Lepidoptera_Lasiocampidae_Lasiocampa_quercus/db407c46-8c93-45d8-88a7-d64f62add943.jpg,72,307,0.021552405162805252,False,False,"[307, 221, 97, 9, 80]"
val/01416_Animalia_Arthropoda_Insecta_Lepidoptera_Lasiocampidae_Lasiocampa_quercus/eca4cc25-c6cc-46ea-9591-49a95fdfdbb2.jpg,72,205,0.01648116205143504,False,False,"[205, 82, 228, 266, 81]"
val/01423_Animalia_Arthropoda_Insecta_Lepidoptera_Lasiocampidae_Tolype_laricis/160d8104-dc37-4661-8f05-919545a72235.jpg,73,254,0.015807800011506654,False,False,"[254, 158, 83, 31, 432]"
val/01423_Animalia_Arthropoda_Insecta_Lepidoptera_Lasiocampidae_Tolype_laricis/185b9c5d-c7d6-42e7-9528-7c496bf3efaf.jpg,73,55,0.037079475266539035,False,True,"[55, 87, 52, 73, 18]"
val/01423_Animalia_Arthropoda_Insecta_Lepidoptera_Lasiocampidae_Tolype_laricis/3cc24f68-f51e-47d8-9c9d-d147d60c8f4a.jpg,73,247,0.03508680044863104,False,False,"[247, 86, 40, 181, 7]"
val/01423_Animalia_Arthropoda_Insecta_Lepidoptera_Lasiocampidae_Tolype_laricis/47e19165-14db-4ab0-989b-268aa2ce1d19.jpg,73,45,0.02330709925365297,False,True,"[45, 56, 73, 52, 50]"
val/01423_Animalia_Arthropoda_Insecta_Lepidoptera_Lasiocampidae_Tolype_laricis/580aacbc-0cef-439d-853a-97bde14c89b4.jpg,73,80,0.009920279430941245,False,False,"[80, 441, 240, 9, 219]"
val/01423_Animalia_Arthropoda_Insecta_Lepidoptera_Lasiocampidae_Tolype_laricis/58f275ea-2608-4698-ba82-8d9af22f8eb2.jpg,73,55,0.022546351399301903,False,False,"[55, 117, 237, 86, 16]"
val/01423_Animalia_Arthropoda_Insecta_Lepidoptera_Lasiocampidae_Tolype_laricis/9137eac8-6643-43c0-9b2b-b06ece9f73eb.jpg,73,64,0.026458707220266716,False,True,"[64, 73, 281, 55, 16]"
val/01423_Animalia_Arthropoda_Insecta_Lepidoptera_Lasiocampidae_Tolype_laricis/a794ed6c-8207-4848-87b7-bbffd4e322ac.jpg,73,56,0.03164657263712098,False,False,"[56, 55, 92, 18, 31]"
val/01423_Animalia_Arthropoda_Insecta_Lepidoptera_Lasiocampidae_Tolype_laricis/d2bdcab5-860c-4a93-a3dc-b8f184c759cf.jpg,73,76,0.017465195428559187,False,True,"[76, 83, 282, 279, 73]"
val/01423_Animalia_Arthropoda_Insecta_Lepidoptera_Lasiocampidae_Tolype_laricis/deb69753-553c-40a8-9709-11e8f135a992.jpg,73,91,0.015454207211310456,False,False,"[91, 435, 28, 47, 204]"
val/01425_Animalia_Arthropoda_Insecta_Lepidoptera_Lasiocampidae_Trabala_vishnou/03e280ad-41df-42fb-a432-f8c4edc60333.jpg,74,49,0.009916761944967874,False,False,"[49, 138, 147, 48, 415]"
val/01425_Animalia_Arthropoda_Insecta_Lepidoptera_Lasiocampidae_Trabala_vishnou/0590125b-474f-42ae-96fc-e3a5d1129f63.jpg,74,295,0.009428564747562995,False,False,"[295, 1, 10, 243, 371]"
val/01425_Animalia_Arthropoda_Insecta_Lepidoptera_Lasiocampidae_Trabala_vishnou/2d128af7-0e3a-47aa-a4a2-8b6dbd180001.jpg,74,312,0.02232197998496426,False,False,"[312, 328, 373, 48, 130]"
val/01425_Animalia_Arthropoda_Insecta_Lepidoptera_Lasiocampidae_Trabala_vishnou/3ce57bbb-f133-467c-be93-439b124216e9.jpg,74,99,0.029231052510507508,False,False,"[99, 40, 116, 248, 179]"
val/01425_Animalia_Arthropoda_Insecta_Lepidoptera_Lasiocampidae_Trabala_vishnou/571f7171-13b5-4970-8856-c724389e8b77.jpg,74,240,0.009809161459489919,False,False,"[240, 451, 445, 245, 488]"
val/01425_Animalia_Arthropoda_Insecta_Lepidoptera_Lasiocampidae_Trabala_vishnou/8517ed22-814c-47ff-b613-be5d1bbce1ff.jpg,74,147,0.021865765845085858,False,False,"[147, 478, 477, 168, 434]"
val/01425_Animalia_Arthropoda_Insecta_Lepidoptera_Lasiocampidae_Trabala_vishnou/942ee7ef-1ca5-43e8-8512-527d60475a1b.jpg,74,182,0.009146128294796703,False,False,"[182, 223, 86, 179, 45]"
val/01425_Animalia_Arthropoda_Insecta_Lepidoptera_Lasiocampidae_Trabala_vishnou/aebca0db-c708-41f4-8091-e2b8cd6d1448.jpg,74,188,0.008835958463512955,False,False,"[188, 346, 398, 432, 259]"
val/01425_Animalia_Arthropoda_Insecta_Lepidoptera_Lasiocampidae_Trabala_vishnou/e9c73773-fde1-4a1d-8d95-5840d838df0b.jpg,74,316,0.00942830859237522,False,False,"[316, 355, 109, 418, 307]"
val/01425_Animalia_Arthropoda_Insecta_Lepidoptera_Lasiocampidae_Trabala_vishnou/f0b3cc91-ab9d-42fc-9d53-245b75cb7aeb.jpg,74,56,0.0101122966904746,False,False,"[56, 76, 90, 286, 228]"
val/01428_Animalia_Arthropoda_Insecta_Lepidoptera_Limacodidae_Apoda_y-inversum/2929a6ef-0025-4468-ac45-aba3534215db.jpg,75,63,0.01979421168080353,False,False,"[63, 385, 244, 118, 25]"
val/01428_Animalia_Arthropoda_Insecta_Lepidoptera_Limacodidae_Apoda_y-inversum/2bdf78a7-f555-4c80-886e-95b8783cd265.jpg,75,76,0.031099943620484863,False,True,"[76, 55, 180, 75, 18]"
val/01428_Animalia_Arthropoda_Insecta_Lepidoptera_Limacodidae_Apoda_y-inversum/39b2c2f4-1458-422b-b458-2514299125c4.jpg,75,51,0.013375586252387214,False,False,"[51, 66, 76, 60, 183]"
val/01428_Animalia_Arthropoda_Insecta_Lepidoptera_Limacodidae_Apoda_y-inversum/47c9ae01-e146-4c50-8c36-0a62d28714cd.jpg,75,190,0.044089491066232396,False,False,"[190, 62, 58, 118, 247]"
val/01428_Animalia_Arthropoda_Insecta_Lepidoptera_Limacodidae_Apoda_y-inversum/7cdc52fc-8d8b-4e1a-8750-bed2c5b0c452.jpg,75,160,0.017871530356261087,False,False,"[160, 142, 58, 61, 90]"
val/01428_Animalia_Arthropoda_Insecta_Lepidoptera_Limacodidae_Apoda_y-inversum/8a3ed144-179a-4caa-b59c-a97ab8723e86.jpg,75,75,0.014611237499049018,True,True,"[75, 85, 82, 22, 46]"
val/01428_Animalia_Arthropoda_Insecta_Lepidoptera_Limacodidae_Apoda_y-inversum/a06aea00-5692-4e1d-a070-13e79fb44aca.jpg,75,36,0.010182989394562034,False,False,"[36, 205, 65, 187, 274]"
val/01428_Animalia_Arthropoda_Insecta_Lepidoptera_Limacodidae_Apoda_y-inversum/ad2d0727-b67b-4638-b207-1f6949474ab3.jpg,75,85,0.020519833074718698,False,False,"[85, 281, 86, 73, 87]"
val/01428_Animalia_Arthropoda_Insecta_Lepidoptera_Limacodidae_Apoda_y-inversum/b68d7e6e-052d-4104-9b55-5671f639593b.jpg,75,252,0.011796267995668342,False,True,"[252, 282, 109, 75, 61]"
val/01428_Animalia_Arthropoda_Insecta_Lepidoptera_Limacodidae_Apoda_y-inversum/eab3c325-5b49-4851-a53b-006d10ad4711.jpg,75,205,0.018740197970182882,False,False,"[205, 129, 120, 156, 133]"
val/01436_Animalia_Arthropoda_Insecta_Lepidoptera_Limacodidae_Prolimacodes_badia/161a770f-6b2c-46c5-85b1-e5b8d75c7a4a.jpg,76,47,0.04517456002914915,False,False,"[47, 111, 273, 118, 56]"
val/01436_Animalia_Arthropoda_Insecta_Lepidoptera_Limacodidae_Prolimacodes_badia/1a461696-cc9f-432f-acb7-853e899babc5.jpg,76,87,0.025435194531508585,False,False,"[87, 157, 181, 52, 75]"
val/01436_Animalia_Arthropoda_Insecta_Lepidoptera_Limacodidae_Prolimacodes_badia/3cdd2f3c-9b01-4861-b336-d033a34b8782.jpg,76,55,0.014323413399814626,False,False,"[55, 82, 43, 56, 85]"
val/01436_Animalia_Arthropoda_Insecta_Lepidoptera_Limacodidae_Prolimacodes_badia/5c1cda09-a767-4a11-b402-fbac8cae9c9f.jpg,76,23,0.009564600283115876,False,False,"[23, 57, 327, 25, 385]"
val/01436_Animalia_Arthropoda_Insecta_Lepidoptera_Limacodidae_Prolimacodes_badia/6e203c17-5eab-48c5-9254-81d7ff0e7801.jpg,76,87,0.02520514422175766,False,False,"[87, 64, 82, 285, 66]"
val/01436_Animalia_Arthropoda_Insecta_Lepidoptera_Limacodidae_Prolimacodes_badia/7a08f7bc-c0ce-4d16-a26d-29031cec846c.jpg,76,139,0.010678624955070328,False,False,"[139, 180, 244, 245, 475]"
val/01436_Animalia_Arthropoda_Insecta_Lepidoptera_Limacodidae_Prolimacodes_badia/888d0000-ea1c-4281-a622-d94995c43d74.jpg,76,61,0.018087821903217904,False,False,"[61, 280, 95, 66, 92]"
val/01436_Animalia_Arthropoda_Insecta_Lepidoptera_Limacodidae_Prolimacodes_badia/a6622316-5475-4b88-b020-081c91c142eb.jpg,76,242,0.016687182791255046,False,False,"[242, 137, 131, 188, 111]"
val/01436_Animalia_Arthropoda_Insecta_Lepidoptera_Limacodidae_Prolimacodes_badia/c0d779f9-06ad-4ff0-93f6-d253b54007bd.jpg,76,64,0.012056834491252529,False,True,"[64, 76, 92, 192, 193]"
val/01436_Animalia_Arthropoda_Insecta_Lepidoptera_Limacodidae_Prolimacodes_badia/c92995c2-2859-4c14-8d0b-c34c7e3a1aec.jpg,76,384,0.01022658155599507,False,False,"[384, 427, 341, 429, 499]"
val/01441_Animalia_Arthropoda_Insecta_Lepidoptera_Lycaenidae_Aricia_cramera/225832e5-6f91-4025-9a40-dd80b32c1472.jpg,77,112,0.021604829404524878,False,False,"[112, 83, 14, 58, 236]"
val/01441_Animalia_Arthropoda_Insecta_Lepidoptera_Lycaenidae_Aricia_cramera/59d93e55-032f-4de1-9c00-a51153c27538.jpg,77,468,0.013516976673030529,False,False,"[468, 37, 402, 388, 447]"
val/01441_Animalia_Arthropoda_Insecta_Lepidoptera_Lycaenidae_Aricia_cramera/6235910c-b6b7-4170-b890-ab2139eac2de.jpg,77,347,0.015667216838013965,False,False,"[347, 407, 322, 394, 468]"
val/01441_Animalia_Arthropoda_Insecta_Lepidoptera_Lycaenidae_Aricia_cramera/6285f5ef-b6f4-4e77-84f2-4f13750403b2.jpg,77,13,0.01064413753515559,False,False,"[13, 229, 7, 233, 185]"
val/01441_Animalia_Arthropoda_Insecta_Lepidoptera_Lycaenidae_Aricia_cramera/99d5a741-a64b-4d0a-bc0c-9c2609f832c5.jpg,77,254,0.016150505080687615,False,False,"[254, 22, 14, 456, 136]"
val/01441_Animalia_Arthropoda_Insecta_Lepidoptera_Lycaenidae_Aricia_cramera/a5399f9c-dad1-4b92-b69d-2d73cb110984.jpg,77,299,0.009226345512395796,False,False,"[299, 95, 465, 439, 238]"
val/01441_Animalia_Arthropoda_Insecta_Lepidoptera_Lycaenidae_Aricia_cramera/c5b284ce-1cd6-4ed1-8ed6-3c3daf7b00a9.jpg,77,281,0.009234102316550209,False,False,"[281, 200, 193, 151, 182]"
val/01441_Animalia_Arthropoda_Insecta_Lepidoptera_Lycaenidae_Aricia_cramera/cf640204-d4e8-4983-9428-ae0050e25813.jpg,77,117,0.019179972246863623,False,False,"[117, 120, 125, 183, 30]"
val/01441_Animalia_Arthropoda_Insecta_Lepidoptera_Lycaenidae_Aricia_cramera/d5efd19f-48c1-4249-9b44-4b6e1eba72f7.jpg,77,402,0.009316183360788249,False,False,"[402, 401, 471, 408, 10]"
val/01441_Animalia_Arthropoda_Insecta_Lepidoptera_Lycaenidae_Aricia_cramera/d5f00d12-6986-44bb-9c19-21427e7a0ecf.jpg,77,122,0.01550769058052383,False,False,"[122, 442, 287, 99, 7]"
val/01493_Animalia_Arthropoda_Insecta_Lepidoptera_Lycaenidae_Leptotes_marina/141c373c-0758-48af-95b7-a3bee978baef.jpg,78,280,0.009421479142479105,False,False,"[280, 349, 410, 350, 219]"
val/01493_Animalia_Arthropoda_Insecta_Lepidoptera_Lycaenidae_Leptotes_marina/1f956283-9c17-49b6-9fb0-51df1e2a7353.jpg,78,434,0.01068079390509478,False,False,"[434, 342, 161, 202, 327]"
val/01493_Animalia_Arthropoda_Insecta_Lepidoptera_Lycaenidae_Leptotes_marina/2e948452-3f9f-46aa-ab1d-bbe7aa0e362c.jpg,78,276,0.011235638447492853,False,False,"[276, 92, 116, 164, 293]"
val/01493_Animalia_Arthropoda_Insecta_Lepidoptera_Lycaenidae_Leptotes_marina/4d25ffd3-65cd-4e0e-bf78-89caded4e5fa.jpg,78,384,0.01607618377740788,False,False,"[384, 280, 141, 479, 32]"
val/01493_Animalia_Arthropoda_Insecta_Lepidoptera_Lycaenidae_Leptotes_marina/7b3e9943-13c9-48ff-918d-558f43f87cb3.jpg,78,233,0.01999209028532379,False,False,"[233, 161, 241, 334, 56]"
val/01493_Animalia_Arthropoda_Insecta_Lepidoptera_Lycaenidae_Leptotes_marina/9d984ef1-6335-4b8d-97c0-f2379bf8b72a.jpg,78,388,0.008438349111037293,False,False,"[388, 473, 434, 426, 294]"
val/01493_Animalia_Arthropoda_Insecta_Lepidoptera_Lycaenidae_Leptotes_marina/b07f37ba-b693-4da7-8e8a-54634dc27dc1.jpg,78,453,0.009790299007566375,False,False,"[453, 499, 438, 380, 5]"
val/01493_Animalia_Arthropoda_Insecta_Lepidoptera_Lycaenidae_Leptotes_marina/c59abb81-0344-4b92-b246-436dded86f8b.jpg,78,387,0.010419071552941861,False,False,"[387, 477, 360, 373, 471]"
val/01493_Animalia_Arthropoda_Insecta_Lepidoptera_Lycaenidae_Leptotes_marina/c9235d22-4d21-4d1b-9cd3-c205dc808b4d.jpg,78,422,0.009224557486937372,False,False,"[422, 93, 297, 434, 420]"
val/01493_Animalia_Arthropoda_Insecta_Lepidoptera_Lycaenidae_Leptotes_marina/f7a72bf9-da89-4100-a71f-5475838a451f.jpg,78,323,0.009704393061819194,False,False,"[323, 368, 170, 393, 373]"
val/01502_Animalia_Arthropoda_Insecta_Lepidoptera_Lycaenidae_Lycaena_heteronea/00b62865-501f-4586-8d38-86ce2d5828bf.jpg,79,313,0.011641149669296177,False,False,"[313, 306, 207, 419, 455]"
val/01502_Animalia_Arthropoda_Insecta_Lepidoptera_Lycaenidae_Lycaena_heteronea/02ebbbed-a8aa-4374-a58d-fadf46d8f2f0.jpg,79,153,0.010304099189600542,False,False,"[153, 252, 93, 135, 293]"
val/01502_Animalia_Arthropoda_Insecta_Lepidoptera_Lycaenidae_Lycaena_heteronea/1816352f-1546-46e3-8d3b-0078061a9cde.jpg,79,427,0.012980060518054594,False,False,"[427, 387, 471, 412, 410]"
val/01502_Animalia_Arthropoda_Insecta_Lepidoptera_Lycaenidae_Lycaena_heteronea/50bb08e7-f305-42e2-afa5-2c3fc443636e.jpg,79,445,0.014274177607870439,False,False,"[445, 354, 407, 491, 251]"
val/01502_Animalia_Arthropoda_Insecta_Lepidoptera_Lycaenidae_Lycaena_heteronea/6c2dd33d-03d8-4356-84b9-d8d6691c7fce.jpg,79,468,0.010467004078403674,False,False,"[468, 413, 466, 24, 458]"
val/01502_Animalia_Arthropoda_Insecta_Lepidoptera_Lycaenidae_Lycaena_heteronea/c7e01a23-4bd0-4dea-a2a9-1853cc4b0d8e.jpg,79,305,0.01163307578892993,False,False,"[305, 313, 363, 320, 358]"
val/01502_Animalia_Arthropoda_Insecta_Lepidoptera_Lycaenidae_Lycaena_heteronea/cbbc503c-e1f9-4c77-9b54-66d36499ae71.jpg,79,358,0.015139061357448004,False,False,"[358, 154, 141, 451, 291]"
val/01502_Animalia_Arthropoda_Insecta_Lepidoptera_Lycaenidae_Lycaena_heteronea/ed0e1137-543b-44f3-acd6-8160d49bddd7.jpg,79,299,0.0104903992790055,False,False,"[299, 478, 396, 128, 141]"
val/01502_Animalia_Arthropoda_Insecta_Lepidoptera_Lycaenidae_Lycaena_heteronea/ed82aedc-f288-412f-b043-e684be238312.jpg,79,386,0.010969853442644752,False,False,"[386, 476, 424, 482, 374]"
val/01502_Animalia_Arthropoda_Insecta_Lepidoptera_Lycaenidae_Lycaena_heteronea/f5f787ff-f84e-448c-a0ea-c1ba2c590847.jpg,79,314,0.012132626729330399,False,False,"[314, 448, 331, 307, 150]"
val/01537_Animalia_Arthropoda_Insecta_Lepidoptera_Lycaenidae_Talicada_nyseus/0ce17fdd-3e33-4413-972c-2865d1992159.jpg,80,427,0.021860225315993832,False,False,"[427, 486, 137, 282, 398]"
val/01537_Animalia_Arthropoda_Insecta_Lepidoptera_Lycaenidae_Talicada_nyseus/61e1b7ca-fb9f-4238-8df6-fdb97f4c5223.jpg,80,384,0.009365269812311778,False,False,"[384, 92, 253, 295, 385]"
val/01537_Animalia_Arthropoda_Insecta_Lepidoptera_Lycaenidae_Talicada_nyseus/675fe082-3433-4a31-a9be-6a1b539d5fbb.jpg,80,391,0.015965699097006146,False,False,"[391, 393, 478, 404, 400]"
val/01537_Animalia_Arthropoda_Insecta_Lepidoptera_Lycaenidae_Talicada_nyseus/83daf155-6020-41c1-8d5b-b902810fc3fa.jpg,80,280,0.014962340024954566,False,False,"[280, 229, 281, 123, 208]"
val/01537_Animalia_Arthropoda_Insecta_Lepidoptera_Lycaenidae_Talicada_nyseus/96fca885-efec-4440-a5e0-73ee4f3645a6.jpg,80,205,0.011320483325182413,False,False,"[205, 184, 269, 277, 176]"
val/01537_Animalia_Arthropoda_Insecta_Lepidoptera_Lycaenidae_Talicada_nyseus/97c102d4-fa63-4cf5-856f-178450e83fa3.jpg,80,37,0.011589219164863263,False,False,"[37, 307, 214, 313, 102]"
val/01537_Animalia_Arthropoda_Insecta_Lepidoptera_Lycaenidae_Talicada_nyseus/9a383d3e-3a32-4aee-a2cf-bd8a2c0de3ba.jpg,80,166,0.01484690012972031,False,False,"[166, 422, 174, 225, 138]"
val/01537_Animalia_Arthropoda_Insecta_Lepidoptera_Lycaenidae_Talicada_nyseus/aed1588f-7a32-4133-8394-b79d1b73b2f8.jpg,80,80,0.05573777903285587,True,True,"[80, 224, 74, 370, 32]"
val/01537_Animalia_Arthropoda_Insecta_Lepidoptera_Lycaenidae_Talicada_nyseus/d848663c-a4bc-466e-9a2d-eeff546932d4.jpg,80,12,0.015435747929670516,False,False,"[12, 320, 317, 403, 375]"
val/01537_Animalia_Arthropoda_Insecta_Lepidoptera_Lycaenidae_Talicada_nyseus/e87048e1-71b3-434c-b696-a37b9b5c1cb8.jpg,80,200,0.009583910290076622,False,False,"[200, 398, 460, 404, 387]"
val/01561_Animalia_Arthropoda_Insecta_Lepidoptera_Noctuidae_Acronicta_vinnula/070c2320-4ea2-42f2-9b64-367f62e9f866.jpg,81,252,0.018499146151415,False,False,"[252, 87, 55, 64, 82]"
val/01561_Animalia_Arthropoda_Insecta_Lepidoptera_Noctuidae_Acronicta_vinnula/2061a258-8ade-45ce-8c77-563981607333.jpg,81,197,0.042578896354624515,False,False,"[197, 241, 172, 248, 216]"
val/01561_Animalia_Arthropoda_Insecta_Lepidoptera_Noctuidae_Acronicta_vinnula/322f52f4-8a88-45df-9cfa-7f1eaa00e971.jpg,81,450,0.009453733856813756,False,False,"[450, 410, 477, 344, 288]"
val/01561_Animalia_Arthropoda_Insecta_Lepidoptera_Noctuidae_Acronicta_vinnula/7141f1d5-a241-4027-a40c-8eeeadf82ccf.jpg,81,7,0.016481228112039153,False,False,"[7, 34, 88, 236, 284]"
val/01561_Animalia_Arthropoda_Insecta_Lepidoptera_Noctuidae_Acronicta_vinnula/7f2899de-029b-4cc2-b213-cb2b7cab1ffc.jpg,81,351,0.009366937878453324,False,False,"[351, 37, 275, 130, 72]"
val/01561_Animalia_Arthropoda_Insecta_Lepidoptera_Noctuidae_Acronicta_vinnula/833e07bf-8151-48c1-96d9-566a2233f12b.jpg,81,158,0.015504012333413267,False,False,"[158, 481, 63, 75, 86]"
val/01561_Animalia_Arthropoda_Insecta_Lepidoptera_Noctuidae_Acronicta_vinnula/9abe6099-d74e-42a9-af12-500c8d19b53a.jpg,81,179,0.014473700548277527,False,False,"[179, 173, 271, 443, 151]"
val/01561_Animalia_Arthropoda_Insecta_Lepidoptera_Noctuidae_Acronicta_vinnula/a02342be-874e-40d8-b52a-9205684ce5fa.jpg,81,110,0.015072355736739098,False,False,"[110, 156, 283, 414, 159]"
val/01561_Animalia_Arthropoda_Insecta_Lepidoptera_Noctuidae_Acronicta_vinnula/c2834f44-f6e0-4877-b2d5-bebd13f9220b.jpg,81,45,0.008796291490700379,False,False,"[45, 225, 39, 251, 473]"
val/01561_Animalia_Arthropoda_Insecta_Lepidoptera_Noctuidae_Acronicta_vinnula/f15ce13d-31e6-459f-af28-88ec408a2732.jpg,81,460,0.014565898437007755,False,False,"[460, 398, 280, 1, 169]"
val/01564_Animalia_Arthropoda_Insecta_Lepidoptera_Noctuidae_Agrotis_infusa/035c940c-a14c-4fcd-a00d-1f4d4529660c.jpg,82,66,0.01811966027880919,False,False,"[66, 58, 62, 92, 116]"
val/01564_Animalia_Arthropoda_Insecta_Lepidoptera_Noctuidae_Agrotis_infusa/1567354a-63ce-4932-a36d-80f73cb40e2f.jpg,82,192,0.01721847253090215,False,False,"[192, 55, 33, 56, 92]"
val/01564_Animalia_Arthropoda_Insecta_Lepidoptera_Noctuidae_Agrotis_infusa/16df920f-f4fd-4fe8-aede-a6ddec9a7b1c.jpg,82,66,0.020062226033533855,False,False,"[66, 85, 53, 135, 186]"
val/01564_Animalia_Arthropoda_Insecta_Lepidoptera_Noctuidae_Agrotis_infusa/291c4f5a-358e-4728-8235-944ba55b30ce.jpg,82,473,0.01491298623061674,False,False,"[473, 250, 205, 6, 232]"
val/01564_Animalia_Arthropoda_Insecta_Lepidoptera_Noctuidae_Agrotis_infusa/43e30bf9-1bce-4bbd-a550-b3388a4a9afd.jpg,82,273,0.015579599794721429,False,False,"[273, 154, 177, 243, 169]"
val/01564_Animalia_Arthropoda_Insecta_Lepidoptera_Noctuidae_Agrotis_infusa/82159902-518e-4a43-9fca-08d90d5cb57a.jpg,82,339,0.009242067534016978,False,False,"[339, 384, 456, 392, 10]"
val/01564_Animalia_Arthropoda_Insecta_Lepidoptera_Noctuidae_Agrotis_infusa/a108fd54-25cc-4628-bcd0-f3f209ef0012.jpg,82,189,0.008710848011038724,False,False,"[189, 392, 216, 306, 477]"
val/01564_Animalia_Arthropoda_Insecta_Lepidoptera_Noctuidae_Agrotis_infusa/bc8bf8ab-ad70-4c1d-a818-8dc4b7cca6b5.jpg,82,196,0.01686045399813842,False,False,"[196, 40, 45, 38, 50]"
val/01564_Animalia_Arthropoda_Insecta_Lepidoptera_Noctuidae_Agrotis_infusa/c1ae3ddf-ca82-4665-8ee0-002dbb7b2a3e.jpg,82,87,0.03962591552054817,False,False,"[87, 55, 76, 51, 16]"
val/01564_Animalia_Arthropoda_Insecta_Lepidoptera_Noctuidae_Agrotis_infusa/e3fca587-69d4-4a12-9fcd-1cdec17aa938.jpg,82,92,0.02073282550357127,False,True,"[92, 82, 45, 119, 52]"
val/01629_Animalia_Arthropoda_Insecta_Lepidoptera_Noctuidae_Feralia_comstocki/335fa7ab-ed8b-4fd9-9848-08cae492935e.jpg,83,85,0.018799484366414793,False,False,"[85, 13, 26, 31, 73]"
val/01629_Animalia_Arthropoda_Insecta_Lepidoptera_Noctuidae_Feralia_comstocki/4592a101-a5ae-412c-99fe-2f1c5c36894e.jpg,83,182,0.022724757085321467,False,False,"[182, 99, 197, 172, 241]"
val/01629_Animalia_Arthropoda_Insecta_Lepidoptera_Noctuidae_Feralia_comstocki/4bfc094a-8814-4b41-bf0c-b8ee9834a409.jpg,83,135,0.014041315190549412,False,False,"[135, 172, 237, 142, 4]"
val/01629_Animalia_Arthropoda_Insecta_Lepidoptera_Noctuidae_Feralia_comstocki/80144b45-09a2-40ec-882f-6f000f8940e5.jpg,83,90,0.010846097734695838,False,False,"[90, 169, 284, 126, 65]"
val/01629_Animalia_Arthropoda_Insecta_Lepidoptera_Noctuidae_Feralia_comstocki/83729339-c8cb-471c-9aac-3c81d300f411.jpg,83,117,0.015430212421857475,False,False,"[117, 93, 41, 485, 232]"
val/01629_Animalia_Arthropoda_Insecta_Lepidoptera_Noctuidae_Feralia_comstocki/a8b111c4-c08f-4e9c-83b5-c1a431613d60.jpg,83,106,0.009047417822408234,False,True,"[106, 67, 42, 463, 83]"
val/01629_Animalia_Arthropoda_Insecta_Lepidoptera_Noctuidae_Feralia_comstocki/b33fdfdd-ae2c-498c-a886-cd78893d6729.jpg,83,86,0.011535905500717297,False,False,"[86, 63, 186, 47, 25]"
val/01629_Animalia_Arthropoda_Insecta_Lepidoptera_Noctuidae_Feralia_comstocki/de3db41c-afdd-4a88-a96e-00826c8a9a19.jpg,83,337,0.021512622371052323,False,False,"[337, 81, 458, 107, 88]"
val/01629_Animalia_Arthropoda_Insecta_Lepidoptera_Noctuidae_Feralia_comstocki/e978272f-3abe-4fa3-b770-4505a5be8a1b.jpg,83,81,0.02203701944567082,False,False,"[81, 5, 153, 11, 52]"
val/01629_Animalia_Arthropoda_Insecta_Lepidoptera_Noctuidae_Feralia_comstocki/f341dd11-c4e2-4e73-8ab1-56110020ad21.jpg,83,83,0.016362622557042808,True,True,"[83, 81, 51, 117, 73]"
val/01632_Animalia_Arthropoda_Insecta_Lepidoptera_Noctuidae_Helicoverpa_armigera/02dcd53d-4321-4f0c-bb99-57e20c2ca921.jpg,84,55,0.014972457591382327,False,True,"[55, 59, 174, 84, 191]"
val/01632_Animalia_Arthropoda_Insecta_Lepidoptera_Noctuidae_Helicoverpa_armigera/1c353793-d798-40b0-97c0-ebdf708975c9.jpg,84,127,0.018501858407352738,False,False,"[127, 205, 172, 4, 197]"
val/01632_Animalia_Arthropoda_Insecta_Lepidoptera_Noctuidae_Helicoverpa_armigera/344dc398-4c95-4a7a-81ab-e8c0f43886b6.jpg,84,66,0.022964267324709072,False,False,"[66, 58, 192, 60, 158]"
val/01632_Animalia_Arthropoda_Insecta_Lepidoptera_Noctuidae_Helicoverpa_armigera/38100991-d862-4e8c-bd50-3b37bd487cf6.jpg,84,13,0.016738115215149695,False,False,"[13, 135, 334, 211, 111]"
val/01632_Animalia_Arthropoda_Insecta_Lepidoptera_Noctuidae_Helicoverpa_armigera/39d6261d-bb5a-43ca-b42e-c2f511b7c6a0.jpg,84,130,0.015338865275972523,False,False,"[130, 357, 453, 15, 358]"
val/01632_Animalia_Arthropoda_Insecta_Lepidoptera_Noctuidae_Helicoverpa_armigera/49393fc3-3c08-43fa-99e2-7628b29bdcca.jpg,84,486,0.021625961452682876,False,False,"[486, 451, 289, 323, 477]"
val/01632_Animalia_Arthropoda_Insecta_Lepidoptera_Noctuidae_Helicoverpa_armigera/50d64004-b69e-4b32-b4be-6a67844dc001.jpg,84,284,0.01006647605724418,False,False,"[284, 159, 278, 166, 258]"
val/01632_Animalia_Arthropoda_Insecta_Lepidoptera_Noctuidae_Helicoverpa_armigera/89effc3a-4575-4d9f-bc81-3c565a310fc8.jpg,84,154,0.009992615309911534,False,False,"[154, 250, 466, 371, 116]"
val/01632_Animalia_Arthropoda_Insecta_Lepidoptera_Noctuidae_Helicoverpa_armigera/c775b55a-03e8-4d0e-a470-85c2b2655fa1.jpg,84,415,0.009682724858230534,False,False,"[415, 15, 250, 129, 458]"
val/01632_Animalia_Arthropoda_Insecta_Lepidoptera_Noctuidae_Helicoverpa_armigera/e56cc8b3-7cdf-4541-82bc-0025a78373fc.jpg,84,61,0.020035338041434966,False,False,"[61, 111, 57, 87, 65]"
val/01663_Animalia_Arthropoda_Insecta_Lepidoptera_Noctuidae_Mythimna_unipuncta/339a69db-8a46-47d1-a442-bba9e395d84e.jpg,85,76,0.011524939315813375,False,False,"[76, 55, 18, 117, 52]"
val/01663_Animalia_Arthropoda_Insecta_Lepidoptera_Noctuidae_Mythimna_unipuncta/449fff88-5bcc-420c-9011-8c4536988baf.jpg,85,212,0.01022807717325373,False,False,"[212, 66, 221, 84, 328]"
val/01663_Animalia_Arthropoda_Insecta_Lepidoptera_Noctuidae_Mythimna_unipuncta/4c2dbaa6-47cf-44d8-a6a2-27e95f620d72.jpg,85,235,0.018124065128979686,False,False,"[235, 216, 25, 90, 140]"
val/01663_Animalia_Arthropoda_Insecta_Lepidoptera_Noctuidae_Mythimna_unipuncta/73d1eff2-c117-4a39-adfc-cba74605eb6c.jpg,85,394,0.009028913631961745,False,False,"[394, 315, 152, 263, 249]"
val/01663_Animalia_Arthropoda_Insecta_Lepidoptera_Noctuidae_Mythimna_unipuncta/82a63b81-de52-4195-b6db-2e411ef4cfce.jpg,85,185,0.016892654647889166,False,False,"[185, 197, 4, 63, 184]"
val/01663_Animalia_Arthropoda_Insecta_Lepidoptera_Noctuidae_Mythimna_unipuncta/832ea52d-ebfb-4fca-86c8-dec83eac174a.jpg,85,92,0.010539724362395015,False,False,"[92, 221, 65, 334, 252]"
val/01663_Animalia_Arthropoda_Insecta_Lepidoptera_Noctuidae_Mythimna_unipuncta/8fc30619-fbec-47d1-ae1e-213bfbcde5db.jpg,85,75,0.011394614483913218,False,False,"[75, 182, 231, 159, 30]"
val/01663_Animalia_Arthropoda_Insecta_Lepidoptera_Noctuidae_Mythimna_unipuncta/9a3e0aab-0317-4d8a-8088-d691666bdd91.jpg,85,189,0.01018306295404727,False,False,"[189, 202, 264, 43, 253]"
val/01663_Animalia_Arthropoda_Insecta_Lepidoptera_Noctuidae_Mythimna_unipuncta/a31d8107-7c4c-4a73-acb6-6c0f754ccff5.jpg,85,40,0.012773057610507822,False,False,"[40, 43, 180, 29, 123]"
val/01663_Animalia_Arthropoda_Insecta_Lepidoptera_Noctuidae_Mythimna_unipuncta/ddb4154e-6074-4ef2-b9a7-116c1e1e595b.jpg,85,90,0.015809629970188765,False,False,"[90, 87, 281, 18, 175]"
val/01672_Animalia_Arthropoda_Insecta_Lepidoptera_Noctuidae_Orthodes_majuscula/0d97c249-7ad4-4b45-a624-9aa7650e650f.jpg,86,299,0.009386009889191301,False,False,"[299, 438, 222, 325, 141]"
val/01672_Animalia_Arthropoda_Insecta_Lepidoptera_Noctuidae_Orthodes_majuscula/2a861e8b-2e6f-4677-b7f9-ac8ba983ed92.jpg,86,55,0.011079509051168628,False,True,"[55, 86, 87, 82, 226]"
val/01672_Animalia_Arthropoda_Insecta_Lepidoptera_Noctuidae_Orthodes_majuscula/328b7689-94a0-4387-a8a4-18c8ee96f7c9.jpg,86,25,0.010622430799812926,False,False,"[25, 385, 136, 96, 92]"
val/01672_Animalia_Arthropoda_Insecta_Lepidoptera_Noctuidae_Orthodes_majuscula/3f396578-1c6e-40ed-86f0-5e8d78fa6edd.jpg,86,216,0.016522911239054035,False,False,"[216, 56, 185, 52, 197]"
val/01672_Animalia_Arthropoda_Insecta_Lepidoptera_Noctuidae_Orthodes_majuscula/54eb2c5b-bab1-47b6-9b99-035e6cff7775.jpg,86,60,0.009265412157398912,False,False,"[60, 159, 160, 254, 129]"
val/01672_Animalia_Arthropoda_Insecta_Lepidoptera_Noctuidae_Orthodes_majuscula/c4b07b1a-89e7-4a8e-beee-3e2f5dcd3a14.jpg,86,145,0.016391783112202896,False,False,"[145, 247, 485, 178, 101]"
val/01672_Animalia_Arthropoda_Insecta_Lepidoptera_Noctuidae_Orthodes_majuscula/ce7d2a75-d277-4ce5-b8d9-0ef7e6657b90.jpg,86,172,0.01568017435372807,False,False,"[172, 243, 92, 198, 219]"
val/01672_Animalia_Arthropoda_Insecta_Lepidoptera_Noctuidae_Orthodes_majuscula/cfaa1344-abb9-4934-aa76-65a3d99e445d.jpg,86,175,0.02449930611388245,False,False,"[175, 142, 35, 216, 177]"
val/01672_Animalia_Arthropoda_Insecta_Lepidoptera_Noctuidae_Orthodes_majuscula/f4f06e88-5ead-48d9-8bbb-b36087fadaf0.jpg,86,52,0.0174322123939223,False,False,"[52, 96, 193, 43, 231]"
val/01672_Animalia_Arthropoda_Insecta_Lepidoptera_Noctuidae_Orthodes_majuscula/f6bb500c-5f64-43dc-9c0e-ccc474cf2ecb.jpg,86,13,0.01044882891802617,False,False,"[13, 123, 136, 133, 246]"
val/01675_Animalia_Arthropoda_Insecta_Lepidoptera_Noctuidae_Orthosia_hibisci/09d653a8-0f97-482e-9402-b1a295e284b2.jpg,87,90,0.013218195718621721,False,True,"[90, 51, 87, 86, 60]"
val/01675_Animalia_Arthropoda_Insecta_Lepidoptera_Noctuidae_Orthosia_hibisci/425ac605-c9bb-4dbe-9a40-23fdced27537.jpg,87,101,0.014998346322432778,False,False,"[101, 205, 62, 135, 73]"
val/01675_Animalia_Arthropoda_Insecta_Lepidoptera_Noctuidae_Orthosia_hibisci/570633ec-13ca-4689-a156-3f848e05c943.jpg,87,51,0.025231746525458364,False,False,"[51, 64, 50, 59, 6]"
val/01675_Animalia_Arthropoda_Insecta_Lepidoptera_Noctuidae_Orthosia_hibisci/8d847d0e-a1ee-450c-adb3-a7f603c4e844.jpg,87,116,0.017985144250752396,False,False,"[116, 241, 382, 159, 18]"
val/01675_Animalia_Arthropoda_Insecta_Lepidoptera_Noctuidae_Orthosia_hibisci/9022c83e-5fc2-46e6-afdb-b30c51277df2.jpg,87,121,0.017473717042423315,False,False,"[121, 25, 173, 159, 423]"
val/01675_Animalia_Arthropoda_Insecta_Lepidoptera_Noctuidae_Orthosia_hibisci/923c3b18-6a11-424a-b874-b2fdbea30865.jpg,87,161,0.02355978477283198,False,False,"[161, 83, 172, 84, 86]"
val/01675_Animalia_Arthropoda_Insecta_Lepidoptera_Noctuidae_Orthosia_hibisci/9e41607e-da88-4e90-9c45-fde479ae39d6.jpg,87,102,0.022626453507216118,False,False,"[102, 36, 368, 262, 141]"
val/01675_Animalia_Arthropoda_Insecta_Lepidoptera_Noctuidae_Orthosia_hibisci/9f35fdc2-2379-4518-8e88-9f4c298fc430.jpg,87,118,0.04289605967445996,False,False,"[118, 47, 51, 73, 81]"
val/01675_Animalia_Arthropoda_Insecta_Lepidoptera_Noctuidae_Orthosia_hibisci/b8cbd2a2-3ab1-4dd0-95e8-e49f904fb5d9.jpg,87,56,0.012235694546530637,False,False,"[56, 64, 75, 284, 116]"
val/01675_Animalia_Arthropoda_Insecta_Lepidoptera_Noctuidae_Orthosia_hibisci/baba52a8-a984-41b9-84b1-bf4030f35939.jpg,87,75,0.04496321345950746,False,False,"[75, 118, 62, 73, 64]"
val/01688_Animalia_Arthropoda_Insecta_Lepidoptera_Noctuidae_Polygrammate_hebraeicum/08898d74-2fdb-4fed-b3dc-6e2f8e4183a5.jpg,88,88,0.019116017022568665,True,True,"[88, 192, 54, 180, 62]"
val/01688_Animalia_Arthropoda_Insecta_Lepidoptera_Noctuidae_Polygrammate_hebraeicum/138984fd-641e-45d6-8c60-8da827be74cc.jpg,88,80,0.015569522362328503,False,True,"[80, 88, 91, 337, 373]"
val/01688_Animalia_Arthropoda_Insecta_Lepidoptera_Noctuidae_Polygrammate_hebraeicum/36197433-8128-44bf-8e34-b5db2a9f2005.jpg,88,162,0.011790224303249063,False,False,"[162, 237, 90, 56, 66]"
val/01688_Animalia_Arthropoda_Insecta_Lepidoptera_Noctuidae_Polygrammate_hebraeicum/553862b3-0f93-4c51-bc50-1c048bffeee2.jpg,88,197,0.061809126980517055,False,False,"[197, 172, 241, 111, 28]"
val/01688_Animalia_Arthropoda_Insecta_Lepidoptera_Noctuidae_Polygrammate_hebraeicum/6b8b36b0-4e4d-46f1-9052-1a8b8bc0aad6.jpg,88,428,0.015901740533954004,False,False,"[428, 478, 212, 298, 358]"
val/01688_Animalia_Arthropoda_Insecta_Lepidoptera_Noctuidae_Polygrammate_hebraeicum/6cb86c8b-7805-4cc2-9518-d122dad7115c.jpg,88,75,0.024178006021254347,False,False,"[75, 135, 60, 34, 162]"
val/01688_Animalia_Arthropoda_Insecta_Lepidoptera_Noctuidae_Polygrammate_hebraeicum/7e5a9270-86ec-4435-aa91-85a9d122543b.jpg,88,88,0.023889872795370144,True,True,"[88, 20, 274, 81, 180]"
val/01688_Animalia_Arthropoda_Insecta_Lepidoptera_Noctuidae_Polygrammate_hebraeicum/b115bec7-1a80-4a62-b9c3-06fbd0db0d3e.jpg,88,140,0.029654164181389855,False,False,"[140, 274, 64, 285, 23]"
val/01688_Animalia_Arthropoda_Insecta_Lepidoptera_Noctuidae_Polygrammate_hebraeicum/e40c83e1-c1e1-4de7-92d0-3927acbab15a.jpg,88,435,0.009746206641871985,False,False,"[435, 441, 337, 23, 10]"
val/01688_Animalia_Arthropoda_Insecta_Lepidoptera_Noctuidae_Polygrammate_hebraeicum/e76835ea-ddb1-4a7a-9129-14351d7a876c.jpg,88,477,0.009534216834705221,False,False,"[477, 459, 349, 178, 278]"
val/01697_Animalia_Arthropoda_Insecta_Lepidoptera_Noctuidae_Psychomorpha_epimenis/217ef0bb-8f53-44a5-a6d2-69cae00406f7.jpg,89,297,0.01043288573447948,False,False,"[297, 152, 19, 283, 208]"
val/01697_Animalia_Arthropoda_Insecta_Lepidoptera_Noctuidae_Psychomorpha_epimenis/4e4f05d5-dbe9-49ec-9b8a-6ea213eab7c8.jpg,89,347,0.009440865713206485,False,False,"[347, 340, 285, 488, 294]"
val/01697_Animalia_Arthropoda_Insecta_Lepidoptera_Noctuidae_Psychomorpha_epimenis/5c389cb6-ed81-4d69-a2e4-85e4bf493af2.jpg,89,292,0.01011203837456469,False,True,"[292, 466, 345, 77, 89]"
val/01697_Animalia_Arthropoda_Insecta_Lepidoptera_Noctuidae_Psychomorpha_epimenis/7e936cad-39df-4abc-90c7-e8c9cc2da861.jpg,89,476,0.010507621596397355,False,False,"[476, 155, 183, 381, 10]"
val/01697_Animalia_Arthropoda_Insecta_Lepidoptera_Noctuidae_Psychomorpha_epimenis/9472bbd3-f42b-4f84-bd1f-b0117bbe044f.jpg,89,334,0.024821145657055666,False,False,"[334, 248, 40, 163, 115]"
val/01697_Animalia_Arthropoda_Insecta_Lepidoptera_Noctuidae_Psychomorpha_epimenis/d141f148-049c-406c-a8fa-7e540c7bf718.jpg,89,101,0.015776258188024698,False,False,"[101, 276, 376, 88, 344]"
val/01697_Animalia_Arthropoda_Insecta_Lepidoptera_Noctuidae_Psychomorpha_epimenis/d1766a36-74e1-4a5e-9278-8cc5aebe9426.jpg,89,307,0.018343165467396182,False,False,"[307, 410, 370, 379, 289]"
val/01697_Animalia_Arthropoda_Insecta_Lepidoptera_Noctuidae_Psychomorpha_epimenis/de76fb51-9ea6-46e8-a1c1-c428aed90325.jpg,89,119,0.014684601265558227,False,False,"[119, 409, 314, 479, 245]"
val/01697_Animalia_Arthropoda_Insecta_Lepidoptera_Noctuidae_Psychomorpha_epimenis/f47fb3d9-d6f4-4735-9f99-5a7d0ffd14d7.jpg,89,322,0.009558985125304965,False,False,"[322, 436, 387, 39, 477]"
val/01697_Animalia_Arthropoda_Insecta_Lepidoptera_Noctuidae_Psychomorpha_epimenis/f56889c5-cd6b-49e6-b1b0-94fcac0bdc11.jpg,89,32,0.009356392460257244,False,False,"[32, 345, 31, 410, 351]"
val/01711_Animalia_Arthropoda_Insecta_Lepidoptera_Noctuidae_Sunira_bicolorago/04cb52a4-37e5-4d4a-955a-257b1ee9683f.jpg,90,161,0.016503219729358573,False,False,"[161, 179, 241, 57, 428]"
val/01711_Animalia_Arthropoda_Insecta_Lepidoptera_Noctuidae_Sunira_bicolorago/07f76529-59fa-43d7-a6ab-cab01e06a2c1.jpg,90,52,0.024371383334411526,False,False,"[52, 86, 285, 59, 64]"
val/01711_Animalia_Arthropoda_Insecta_Lepidoptera_Noctuidae_Sunira_bicolorago/1a5a4a3e-5969-4fd2-a09c-4056b5dbefce.jpg,90,224,0.009356827791471116,False,False,"[224, 37, 467, 421, 187]"
val/01711_Animalia_Arthropoda_Insecta_Lepidoptera_Noctuidae_Sunira_bicolorago/4441ebb0-a8de-460f-9d66-d956396dd9fc.jpg,90,56,0.03279385180718657,False,False,"[56, 30, 243, 87, 25]"
val/01711_Animalia_Arthropoda_Insecta_Lepidoptera_Noctuidae_Sunira_bicolorago/62eae52c-2a2b-44f5-bc51-0abde5f211aa.jpg,90,55,0.013932583824352716,False,False,"[55, 116, 76, 66, 16]"
val/01711_Animalia_Arthropoda_Insecta_Lepidoptera_Noctuidae_Sunira_bicolorago/99811255-c7a7-438b-8e5e-0f52436a426d.jpg,90,63,0.010882999455247275,False,False,"[63, 84, 57, 117, 180]"
val/01711_Animalia_Arthropoda_Insecta_Lepidoptera_Noctuidae_Sunira_bicolorago/a5e43690-db53-4024-870e-c49ba74b036a.jpg,90,21,0.01715724763877474,False,False,"[21, 118, 205, 227, 278]"
val/01711_Animalia_Arthropoda_Insecta_Lepidoptera_Noctuidae_Sunira_bicolorago/af8d7bb6-5267-4d67-ab08-219af648562e.jpg,90,385,0.017186997523992296,False,False,"[385, 63, 139, 126, 30]"
val/01711_Animalia_Arthropoda_Insecta_Lepidoptera_Noctuidae_Sunira_bicolorago/b402e289-aa94-497e-a1fe-20b682d2c645.jpg,90,179,0.010225985253422677,False,False,"[179, 126, 83, 19, 88]"
val/01711_Animalia_Arthropoda_Insecta_Lepidoptera_Noctuidae_Sunira_bicolorago/db3598e4-56a4-4d88-b2ba-0a1b5b10f51d.jpg,90,62,0.011624459085041028,False,False,"[62, 116, 86, 64, 60]"
val/01720_Animalia_Arthropoda_Insecta_Lepidoptera_Noctuidae_Xerociris_wilsonii/08fa7e46-724e-4883-9da9-f5e7c94d7466.jpg,91,206,0.010527132319279747,False,False,"[206, 278, 345, 294, 201]"
val/01720_Animalia_Arthropoda_Insecta_Lepidoptera_Noctuidae_Xerociris_wilsonii/08fb68a2-8d6c-4878-adda-e79cbd095a6a.jpg,91,73,0.016665880687279224,False,False,"[73, 45, 56, 16, 44]"
val/01720_Animalia_Arthropoda_Insecta_Lepidoptera_Noctuidae_Xerociris_wilsonii/1d345939-23c5-4ebb-8830-27a7b80b508d.jpg,91,76,0.017516210594316604,False,False,"[76, 18, 184, 281, 52]"
val/01720_Animalia_Arthropoda_Insecta_Lepidoptera_Noctuidae_Xerociris_wilsonii/3a4f1d54-c8a7-4412-a548-57715495ffa1.jpg,91,277,0.022306657983398932,False,False,"[277, 281, 479, 278, 49]"
val/01720_Animalia_Arthropoda_Insecta_Lepidoptera_Noctuidae_Xerociris_wilsonii/43add179-c40e-47a0-be14-d031e7c98430.jpg,91,73,0.019855310576078176,False,False,"[73, 55, 284, 16, 56]"
val/01720_Animalia_Arthropoda_Insecta_Lepidoptera_Noctuidae_Xerociris_wilsonii/4b4d3eed-bad5-41a2-9118-7b7fa67ff1e9.jpg,91,90,0.011532976078247563,False,False,"[90, 282, 45, 62, 92]"
val/01720_Animalia_Arthropoda_Insecta_Lepidoptera_Noctuidae_Xerociris_wilsonii/4f032cbd-c53a-4da6-84c7-5c14cdfd458a.jpg,91,296,0.009853146895566945,False,False,"[296, 405, 213, 228, 295]"
val/01720_Animalia_Arthropoda_Insecta_Lepidoptera_Noctuidae_Xerociris_wilsonii/7b652de5-06a6-4316-bfa8-e74ee88d45d1.jpg,91,370,0.0105762582157055,False,False,"[370, 263, 88, 234, 182]"
val/01720_Animalia_Arthropoda_Insecta_Lepidoptera_Noctuidae_Xerociris_wilsonii/b67cf438-af86-4006-bc5e-55c44bda3d93.jpg,91,101,0.0095369257679379,False,False,"[101, 408, 278, 253, 497]"
val/01720_Animalia_Arthropoda_Insecta_Lepidoptera_Noctuidae_Xerociris_wilsonii/fd93a11e-b0c5-423f-9233-ffa0a630111e.jpg,91,82,0.01027485770364843,False,False,"[82, 76, 234, 251, 382]"
val/01749_Animalia_Arthropoda_Insecta_Lepidoptera_Notodontidae_Peridea_basitriens/0af37d00-8f31-4445-8e5b-4d7afd50c64e.jpg,92,233,0.02220774699833191,False,False,"[233, 149, 47, 69, 150]"
val/01749_Animalia_Arthropoda_Insecta_Lepidoptera_Notodontidae_Peridea_basitriens/338e3bba-d01c-467b-bd71-48f13c388e69.jpg,92,87,0.012655625208366553,False,True,"[87, 64, 66, 92, 52]"
val/01749_Animalia_Arthropoda_Insecta_Lepidoptera_Notodontidae_Peridea_basitriens/578a070e-cb8a-4dd8-a2f1-a6f345611443.jpg,92,252,0.016950711620812388,False,False,"[252, 14, 158, 50, 87]"
val/01749_Animalia_Arthropoda_Insecta_Lepidoptera_Notodontidae_Peridea_basitriens/655d55d3-6ab7-4fb2-9823-1d693528a7d0.jpg,92,87,0.029975805775050494,False,False,"[87, 86, 52, 17, 73]"
val/01749_Animalia_Arthropoda_Insecta_Lepidoptera_Notodontidae_Peridea_basitriens/7f753dc8-1ced-4d28-b387-bc2f924c0859.jpg,92,224,0.013888425256773905,False,False,"[224, 180, 148, 87, 158]"
val/01749_Animalia_Arthropoda_Insecta_Lepidoptera_Notodontidae_Peridea_basitriens/9efe7f77-4dec-4af0-a46a-e10de9e238eb.jpg,92,91,0.01631843156734577,False,False,"[91, 182, 194, 235, 6]"
val/01749_Animalia_Arthropoda_Insecta_Lepidoptera_Notodontidae_Peridea_basitriens/9f68a2d6-32c0-44b8-8684-9a2119480a6d.jpg,92,63,0.01791726125690673,False,False,"[63, 66, 180, 281, 37]"
val/01749_Animalia_Arthropoda_Insecta_Lepidoptera_Notodontidae_Peridea_basitriens/a4aa28e3-9417-42b8-8170-c2fcc3e622b4.jpg,92,92,0.018644464634464362,True,True,"[92, 249, 88, 269, 123]"
val/01749_Animalia_Arthropoda_Insecta_Lepidoptera_Notodontidae_Peridea_basitriens/c2d36770-21a0-4bd5-8266-883daf061705.jpg,92,235,0.013473143372825073,False,False,"[235, 66, 53, 118, 62]"
val/01749_Animalia_Arthropoda_Insecta_Lepidoptera_Notodontidae_Peridea_basitriens/eb76ba6b-da64-497e-b778-b5ef04af05ec.jpg,92,50,0.009970662647333692,False,False,"[50, 288, 409, 188, 87]"
val/01763_Animalia_Arthropoda_Insecta_Lepidoptera_Nymphalidae_Acraea_serena/0ad09137-435c-438a-b40a-c27197337a4a.jpg,93,228,0.024851555838437404,False,False,"[228, 205, 128, 126, 90]"
val/01763_Animalia_Arthropoda_Insecta_Lepidoptera_Nymphalidae_Acraea_serena/20472b76-7b81-4a79-bee8-3e611b797586.jpg,93,3,0.018201972141563903,False,False,"[3, 88, 308, 37, 345]"
val/01763_Animalia_Arthropoda_Insecta_Lepidoptera_Nymphalidae_Acraea_serena/3e57c30d-5a58-47e6-bd79-23db22d37c0a.jpg,93,30,0.015273820832533052,False,False,"[30, 154, 19, 287, 490]"
val/01763_Animalia_Arthropoda_Insecta_Lepidoptera_Nymphalidae_Acraea_serena/408c7e65-a6f0-4f9f-b13e-dc31ad2d5ecd.jpg,93,308,0.009501024451354896,False,False,"[308, 106, 14, 156, 255]"
val/01763_Animalia_Arthropoda_Insecta_Lepidoptera_Nymphalidae_Acraea_serena/4ebc8211-604f-4442-8842-1b66593c45aa.jpg,93,499,0.015142938815791013,False,False,"[499, 437, 148, 486, 219]"
val/01763_Animalia_Arthropoda_Insecta_Lepidoptera_Nymphalidae_Acraea_serena/542920c3-5e38-4946-a166-16059a4afd66.jpg,93,456,0.009368846797128787,False,False,"[456, 464, 405, 112, 204]"
val/01763_Animalia_Arthropoda_Insecta_Lepidoptera_Nymphalidae_Acraea_serena/823ab9d5-dca1-4130-a38e-0c759c610eaf.jpg,93,114,0.009070822252007903,False,False,"[114, 12, 128, 199, 252]"
val/01763_Animalia_Arthropoda_Insecta_Lepidoptera_Nymphalidae_Acraea_serena/b39b2c4a-e314-4b56-9e91-04fbc5ee0a46.jpg,93,410,0.015847694794846955,False,False,"[410, 418, 368, 258, 373]"
val/01763_Animalia_Arthropoda_Insecta_Lepidoptera_Nymphalidae_Acraea_serena/d73e4831-942d-4342-a885-2ad9a06e58d8.jpg,93,165,0.020462074380236995,False,False,"[165, 412, 113, 218, 122]"
val/01763_Animalia_Arthropoda_Insecta_Lepidoptera_Nymphalidae_Acraea_serena/fa633632-7e89-4edd-b73d-153b10036b62.jpg,93,318,0.010569249734094774,False,False,"[318, 315, 407, 429, 290]"
val/01773_Animalia_Arthropoda_Insecta_Lepidoptera_Nymphalidae_Anaea_aidea/048bd2c0-c050-48b8-b9b9-66c4db664a87.jpg,94,120,0.009362472602834692,False,False,"[120, 77, 399, 127, 294]"
val/01773_Animalia_Arthropoda_Insecta_Lepidoptera_Nymphalidae_Anaea_aidea/127232fe-f239-4ea0-bd4a-8d179e271f1d.jpg,94,303,0.009474533951302697,False,False,"[303, 19, 95, 213, 492]"
val/01773_Animalia_Arthropoda_Insecta_Lepidoptera_Nymphalidae_Anaea_aidea/2319b143-00af-47c5-83fa-5785a6f83241.jpg,94,382,0.011482787113474793,False,False,"[382, 429, 455, 374, 218]"
val/01773_Animalia_Arthropoda_Insecta_Lepidoptera_Nymphalidae_Anaea_aidea/2d6d9fe3-d6f5-40dc-8203-80945d884ec0.jpg,94,66,0.009164673946942549,False,False,"[66, 111, 60, 237, 264]"
val/01773_Animalia_Arthropoda_Insecta_Lepidoptera_Nymphalidae_Anaea_aidea/45e56df5-8e6a-4eb8-a82a-7caa25edeaec.jpg,94,423,0.009272140906261347,False,False,"[423, 439, 289, 295, 294]"
val/01773_Animalia_Arthropoda_Insecta_Lepidoptera_Nymphalidae_Anaea_aidea/57555e6b-6bbe-4c30-b027-01fecf5b2b69.jpg,94,395,0.009603184218293018,False,False,"[395, 401, 221, 54, 158]"
val/01773_Animalia_Arthropoda_Insecta_Lepidoptera_Nymphalidae_Anaea_aidea/77822176-90bb-42ed-b7d3-56e68de71a7e.jpg,94,27,0.008906307822560567,False,False,"[27, 227, 398, 295, 297]"
val/01773_Animalia_Arthropoda_Insecta_Lepidoptera_Nymphalidae_Anaea_aidea/c112d4fc-12c9-4fa1-a4e9-029938fac802.jpg,94,58,0.018136906306651344,False,False,"[58, 86, 192, 34, 16]"
val/01773_Animalia_Arthropoda_Insecta_Lepidoptera_Nymphalidae_Anaea_aidea/d09cfba5-7c7d-420b-a63a-e1b4c77f1290.jpg,94,296,0.010251287120055354,False,False,"[296, 27, 330, 423, 110]"
val/01773_Animalia_Arthropoda_Insecta_Lepidoptera_Nymphalidae_Anaea_aidea/ed96f0b3-45ab-4574-bea8-c6aeaa4732ec.jpg,94,268,0.010045810323226588,False,False,"[268, 434, 129, 443, 6]"
val/01775_Animalia_Arthropoda_Insecta_Lepidoptera_Nymphalidae_Anartia_amathea/041dc5bd-6c8e-488e-aaa8-c281605c3ebe.jpg,95,111,0.028148427523815484,False,False,"[111, 64, 45, 18, 86]"
val/01775_Animalia_Arthropoda_Insecta_Lepidoptera_Nymphalidae_Anartia_amathea/367f6e6b-8b87-4069-83d5-44fd76f5d7cd.jpg,95,421,0.016954990425914356,False,False,"[421, 311, 434, 482, 443]"
val/01775_Animalia_Arthropoda_Insecta_Lepidoptera_Nymphalidae_Anartia_amathea/44eb8a04-094b-4c98-808c-bc78f667a517.jpg,95,167,0.01592016523047337,False,False,"[167, 114, 494, 336, 422]"
val/01775_Animalia_Arthropoda_Insecta_Lepidoptera_Nymphalidae_Anartia_amathea/5344fc30-95e6-4b3d-985d-019b49241465.jpg,95,401,0.011365379442013528,False,False,"[401, 443, 468, 369, 429]"
val/01775_Animalia_Arthropoda_Insecta_Lepidoptera_Nymphalidae_Anartia_amathea/557cf7a4-d8ce-480e-964b-d9df2bdfa25b.jpg,95,337,0.015761326960913258,False,False,"[337, 252, 330, 84, 133]"
val/01775_Animalia_Arthropoda_Insecta_Lepidoptera_Nymphalidae_Anartia_amathea/5eeea472-386e-434a-a245-ca640973272c.jpg,95,394,0.022368855110892996,False,False,"[394, 135, 192, 393, 293]"
val/01775_Animalia_Arthropoda_Insecta_Lepidoptera_Nymphalidae_Anartia_amathea/9be817f9-2dab-4b09-84cf-6f618198b011.jpg,95,283,0.009317666199696565,False,False,"[283, 147, 122, 230, 52]"
val/01775_Animalia_Arthropoda_Insecta_Lepidoptera_Nymphalidae_Anartia_amathea/aa918326-b82f-4437-b386-ea93f32510c8.jpg,95,409,0.009681921026765735,False,False,"[409, 45, 44, 151, 301]"
val/01775_Animalia_Arthropoda_Insecta_Lepidoptera_Nymphalidae_Anartia_amathea/c59cbe36-d42f-4570-b616-eafa80e67197.jpg,95,273,0.013567652514494224,False,False,"[273, 336, 455, 433, 371]"
val/01775_Animalia_Arthropoda_Insecta_Lepidoptera_Nymphalidae_Anartia_amathea/ea137301-f33c-4686-83ed-da3d91b4a0eb.jpg,95,239,0.009193276390690973,False,False,"[239, 56, 70, 303, 294]"
val/01793_Animalia_Arthropoda_Insecta_Lepidoptera_Nymphalidae_Biblis_hyperia/06e252fc-2be4-4464-95e8-57c76d3b80c9.jpg,96,122,0.01626460153083294,False,False,"[122, 73, 76, 91, 90]"
val/01793_Animalia_Arthropoda_Insecta_Lepidoptera_Nymphalidae_Biblis_hyperia/0770d296-614c-4d34-97cd-521b7ea9095b.jpg,96,230,0.008934430404274477,False,False,"[230, 295, 294, 297, 301]"
val/01793_Animalia_Arthropoda_Insecta_Lepidoptera_Nymphalidae_Biblis_hyperia/0fa6268b-d494-4338-827a-19263fbe7752.jpg,96,55,0.027721893791844063,False,False,"[55, 75, 87, 92, 66]"
val/01793_Animalia_Arthropoda_Insecta_Lepidoptera_Nymphalidae_Biblis_hyperia/38ca1b29-a7a0-432a-a976-c8326d8659ef.jpg,96,55,0.018822865061053757,False,False,"[55, 131, 257, 205, 272]"
val/01793_Animalia_Arthropoda_Insecta_Lepidoptera_Nymphalidae_Biblis_hyperia/58c09c4e-5bea-4f92-bc41-381a93361438.jpg,96,106,0.00912890700264375,False,False,"[106, 287, 217, 283, 21]"
val/01793_Animalia_Arthropoda_Insecta_Lepidoptera_Nymphalidae_Biblis_hyperia/6926e2d5-5f80-449c-8797-87017be32881.jpg,96,335,0.009505652133296833,False,False,"[335, 89, 471, 394, 310]"
val/01793_Animalia_Arthropoda_Insecta_Lepidoptera_Nymphalidae_Biblis_hyperia/81733c28-4cd3-408b-bb04-04802515af79.jpg,96,394,0.009725404479297437,False,False,"[394, 464, 330, 53, 125]"
val/01793_Animalia_Arthropoda_Insecta_Lepidoptera_Nymphalidae_Biblis_hyperia/ab3c3f92-a33d-40f4-9f4a-ce1309878781.jpg,96,168,0.00901774143718993,False,False,"[168, 431, 267, 465, 29]"
val/01793_Animalia_Arthropoda_Insecta_Lepidoptera_Nymphalidae_Biblis_hyperia/c96a7473-d203-44bc-99b6-3791909cdb03.jpg,96,329,0.03143982118826204,False,False,"[329, 334, 199, 161, 233]"
val/01793_Animalia_Arthropoda_Insecta_Lepidoptera_Nymphalidae_Biblis_hyperia/e017c7c6-0fac-4bde-96a1-5c3975ec7f54.jpg,96,55,0.023238290032231032,False,False,"[55, 87, 31, 76, 64]"
val/01879_Animalia_Arthropoda_Insecta_Lepidoptera_Nymphalidae_Hypolimnas_misippus/0ca3c82f-b867-48b8-be86-b59427c104fc.jpg,97,61,0.010081084300065966,False,False,"[61, 85, 169, 262, 355]"
val/01879_Animalia_Arthropoda_Insecta_Lepidoptera_Nymphalidae_Hypolimnas_misippus/1108d4b8-7b05-4beb-aff6-18a02444b72f.jpg,97,418,0.010026732599617661,False,False,"[418, 483, 377, 363, 361]"
val/01879_Animalia_Arthropoda_Insecta_Lepidoptera_Nymphalidae_Hypolimnas_misippus/1f802aeb-63f5-4573-81ef-c6a96366b778.jpg,97,450,0.009072111232737635,False,False,"[450, 138, 132, 398, 268]"
val/01879_Animalia_Arthropoda_Insecta_Lepidoptera_Nymphalidae_Hypolimnas_misippus/82475d01-7ba1-41a6-b041-b99c16a88bb7.jpg,97,457,0.02596953909748589,False,False,"[457, 10, 468, 460, 436]"
val/01879_Animalia_Arthropoda_Insecta_Lepidoptera_Nymphalidae_Hypolimnas_misippus/861a9a5c-3ea0-4e3d-9591-2b78ce8df853.jpg,97,65,0.015682192474286195,False,False,"[65, 412, 81, 265, 347]"
val/01879_Animalia_Arthropoda_Insecta_Lepidoptera_Nymphalidae_Hypolimnas_misippus/8e660ffa-fb27-4426-a815-4eff557c7b70.jpg,97,135,0.017704607016627988,False,False,"[135, 44, 13, 122, 28]"
val/01879_Animalia_Arthropoda_Insecta_Lepidoptera_Nymphalidae_Hypolimnas_misippus/b0858ed5-046d-4028-9df9-37682d6f685b.jpg,97,50,0.009379650513136236,False,False,"[50, 111, 249, 90, 328]"
val/01879_Animalia_Arthropoda_Insecta_Lepidoptera_Nymphalidae_Hypolimnas_misippus/b11e3f04-ba66-4046-bb9d-68ce3809fa6c.jpg,97,386,0.01783852267834357,False,False,"[386, 126, 62, 405, 168]"
val/01879_Animalia_Arthropoda_Insecta_Lepidoptera_Nymphalidae_Hypolimnas_misippus/c777e533-e332-40cd-8fe6-fd3de396c8c3.jpg,97,74,0.010058309824976859,False,False,"[74, 147, 94, 169, 395]"
val/01879_Animalia_Arthropoda_Insecta_Lepidoptera_Nymphalidae_Hypolimnas_misippus/f4088718-1fd6-4951-a994-9941645616ae.jpg,97,147,0.011913465358173619,False,False,"[147, 109, 485, 170, 56]"
val/01889_Animalia_Arthropoda_Insecta_Lepidoptera_Nymphalidae_Junonia_lemonias/1d89246b-fa9c-40c9-8df6-58e1a1754419.jpg,98,157,0.009186332115627254,False,False,"[157, 250, 222, 60, 129]"
val/01889_Animalia_Arthropoda_Insecta_Lepidoptera_Nymphalidae_Junonia_lemonias/21dc7e43-0d55-4378-b553-31da0a8dcb9e.jpg,98,262,0.015211021217898158,False,False,"[262, 343, 372, 407, 424]"
val/01889_Animalia_Arthropoda_Insecta_Lepidoptera_Nymphalidae_Junonia_lemonias/4b87934d-c72a-4d12-a636-8a37181b7caf.jpg,98,169,0.017469710800230628,False,False,"[169, 25, 237, 183, 262]"
val/01889_Animalia_Arthropoda_Insecta_Lepidoptera_Nymphalidae_Junonia_lemonias/5e687b57-efe7-47c2-82e7-56cedd73656e.jpg,98,434,0.015528280502849295,False,False,"[434, 334, 323, 77, 477]"
val/01889_Animalia_Arthropoda_Insecta_Lepidoptera_Nymphalidae_Junonia_lemonias/7350e329-e332-4065-84af-e02798799cae.jpg,98,314,0.017029831937864927,False,False,"[314, 100, 216, 461, 496]"
val/01889_Animalia_Arthropoda_Insecta_Lepidoptera_Nymphalidae_Junonia_lemonias/74396364-3533-4ec7-8fdd-7d6cb5ee2585.jpg,98,98,0.01550531966606112,True,True,"[98, 80, 432, 88, 45]"
val/01889_Animalia_Arthropoda_Insecta_Lepidoptera_Nymphalidae_Junonia_lemonias/8babdd02-9e44-4762-9ec4-02c92af710d9.jpg,98,305,0.011931500758382157,False,False,"[305, 331, 394, 319, 339]"
val/01889_Animalia_Arthropoda_Insecta_Lepidoptera_Nymphalidae_Junonia_lemonias/c33fbfc3-8c21-48d9-8c4e-1fb36f8826ac.jpg,98,434,0.005561448073719315,False,False,"[434, 311, 394, 426, 112]"
val/01889_Animalia_Arthropoda_Insecta_Lepidoptera_Nymphalidae_Junonia_lemonias/c75c7d3a-d65d-4316-88d7-5b382caadeca.jpg,98,238,0.015943918161692886,False,False,"[238, 78, 145, 73, 127]"
val/01889_Animalia_Arthropoda_Insecta_Lepidoptera_Nymphalidae_Junonia_lemonias/d6348714-c00c-4b9b-9e63-74a1818be4d5.jpg,98,261,0.009727409373217819,False,False,"[261, 315, 99, 89, 94]"
val/01915_Animalia_Arthropoda_Insecta_Lepidoptera_Nymphalidae_Marpesia_chiron/05b2d85c-39b6-46ca-b070-aa6584103b1f.jpg,99,276,0.016102257999078447,False,False,"[276, 289, 473, 497, 24]"
val/01915_Animalia_Arthropoda_Insecta_Lepidoptera_Nymphalidae_Marpesia_chiron/1289c69d-10bc-43a7-ac57-df0024254ad0.jpg,99,455,0.02043415275480017,False,False,"[455, 305, 318, 438, 427]"
val/01915_Animalia_Arthropoda_Insecta_Lepidoptera_Nymphalidae_Marpesia_chiron/25b5b3d4-4a59-4f8a-a3ae-fce271729e45.jpg,99,163,0.011251487997023807,False,False,"[163, 164, 196, 252, 233]"
val/01915_Animalia_Arthropoda_Insecta_Lepidoptera_Nymphalidae_Marpesia_chiron/2946c73f-fdc1-40dc-a5f0-8463f8fabb54.jpg,99,156,0.009245949305763387,False,False,"[156, 194, 223, 403, 380]"
val/01915_Animalia_Arthropoda_Insecta_Lepidoptera_Nymphalidae_Marpesia_chiron/2becc3f9-c47b-432b-acef-405ed5f0d7a4.jpg,99,247,0.011373003699446957,False,False,"[247, 64, 185, 55, 161]"
val/01915_Animalia_Arthropoda_Insecta_Lepidoptera_Nymphalidae_Marpesia_chiron/4b584b50-1613-42f9-af20-0e92e4d3d427.jpg,99,498,0.010613697188029122,False,False,"[498, 342, 352, 257, 401]"
val/01915_Animalia_Arthropoda_Insecta_Lepidoptera_Nymphalidae_Marpesia_chiron/5e7de3db-3fa5-4c52-8ac9-8a2c21c3aa99.jpg,99,13,0.017228488214079147,False,False,"[13, 236, 61, 75, 183]"
val/01915_Animalia_Arthropoda_Insecta_Lepidoptera_Nymphalidae_Marpesia_chiron/8072a4db-e11a-49c5-b240-14254bf16982.jpg,99,110,0.01491158758752124,False,False,"[110, 45, 91, 56, 76]"
val/01915_Animalia_Arthropoda_Insecta_Lepidoptera_Nymphalidae_Marpesia_chiron/d2c48d3c-e650-48cf-91c8-7512ae8b829e.jpg,99,282,0.021995021425726076,False,True,"[282, 221, 292, 269, 99]"
val/01915_Animalia_Arthropoda_Insecta_Lepidoptera_Nymphalidae_Marpesia_chiron/e46a7408-d3ec-42d4-bf3e-283455419465.jpg,99,242,0.01826599965883507,False,False,"[242, 385, 309, 334, 233]"
val/01950_Animalia_Arthropoda_Insecta_Lepidoptera_Nymphalidae_Phyciodes_graphica/3454409e-940a-4163-bece-c2083835caef.jpg,100,432,0.015414346494204869,False,False,"[432, 360, 114, 38, 465]"
val/01950_Animalia_Arthropoda_Insecta_Lepidoptera_Nymphalidae_Phyciodes_graphica/3973373c-04e6-44b2-bf79-a403c64855e0.jpg,100,426,0.010404576852039504,False,False,"[426, 290, 376, 475, 430]"
val/01950_Animalia_Arthropoda_Insecta_Lepidoptera_Nymphalidae_Phyciodes_graphica/3e163967-e611-4e0f-8b9b-aa9201a0a227.jpg,100,489,0.011340015749206655,False,False,"[489, 469, 461, 108, 411]"
val/01950_Animalia_Arthropoda_Insecta_Lepidoptera_Nymphalidae_Phyciodes_graphica/602e8285-648a-45a7-a18e-0b1cf2f3f28a.jpg,100,114,0.009969314384575101,False,False,"[114, 494, 320, 486, 149]"
val/01950_Animalia_Arthropoda_Insecta_Lepidoptera_Nymphalidae_Phyciodes_graphica/9df8399d-e34c-443f-ac13-6e95c6a3b2b1.jpg,100,313,0.011805164739495947,False,False,"[313, 496, 273, 204, 155]"
val/01950_Animalia_Arthropoda_Insecta_Lepidoptera_Nymphalidae_Phyciodes_graphica/c096dfa7-d6a8-4bfa-803d-448efdd48291.jpg,100,11,0.03624122076046717,False,False,"[11, 87, 348, 416, 66]"
val/01950_Animalia_Arthropoda_Insecta_Lepidoptera_Nymphalidae_Phyciodes_graphica/c8c9f612-e8e2-4b40-8466-575d130ce601.jpg,100,24,0.009581445870858081,False,False,"[24, 465, 478, 247, 373]"
val/01950_Animalia_Arthropoda_Insecta_Lepidoptera_Nymphalidae_Phyciodes_graphica/cb923208-d05f-4869-b33f-35411fbd86e5.jpg,100,383,0.0097857120153922,False,False,"[383, 390, 320, 340, 358]"
val/01950_Animalia_Arthropoda_Insecta_Lepidoptera_Nymphalidae_Phyciodes_graphica/d4cb1773-d1de-4f99-ba71-df9a9bb51ead.jpg,100,438,0.01079002157350286,False,False,"[438, 352, 460, 344, 410]"
val/01950_Animalia_Arthropoda_Insecta_Lepidoptera_Nymphalidae_Phyciodes_graphica/ee79bd19-4eef-46e2-acdd-faad972bb789.jpg,100,461,0.01602893952326923,False,False,"[461, 364, 457, 380, 354]"
val/01958_Animalia_Arthropoda_Insecta_Lepidoptera_Nymphalidae_Polygonia_faunus/0599d372-3a95-4fb3-b429-5760b496ab92.jpg,101,428,0.009977861902732693,False,False,"[428, 415, 256, 123, 295]"
val/01958_Animalia_Arthropoda_Insecta_Lepidoptera_Nymphalidae_Polygonia_faunus/1d489b24-0087-4002-b243-1ef4e2dbd1fc.jpg,101,442,0.009781029148238194,False,False,"[442, 466, 178, 260, 306]"
val/01958_Animalia_Arthropoda_Insecta_Lepidoptera_Nymphalidae_Polygonia_faunus/415737be-15ab-42a3-86f1-6b5197c37b57.jpg,101,50,0.010522405651222895,False,False,"[50, 221, 82, 134, 92]"
val/01958_Animalia_Arthropoda_Insecta_Lepidoptera_Nymphalidae_Polygonia_faunus/5c6c9a80-9ce0-40c1-a5ad-0153aec9cae8.jpg,101,271,0.009176938593758305,False,False,"[271, 235, 211, 90, 36]"
val/01958_Animalia_Arthropoda_Insecta_Lepidoptera_Nymphalidae_Polygonia_faunus/6b2338fc-0bd3-4c65-b4e3-ed71d729f994.jpg,101,309,0.010033902950872642,False,False,"[309, 67, 448, 438, 486]"
val/01958_Animalia_Arthropoda_Insecta_Lepidoptera_Nymphalidae_Polygonia_faunus/7b41995f-4563-4b84-9f76-67d3d987dfbe.jpg,101,406,0.01582387704677267,False,False,"[406, 328, 314, 99, 422]"
val/01958_Animalia_Arthropoda_Insecta_Lepidoptera_Nymphalidae_Polygonia_faunus/9c899fc8-703c-4b5f-a383-5f7aac2b40ab.jpg,101,56,0.009593940716745936,False,False,"[56, 14, 378, 166, 67]"
val/01958_Animalia_Arthropoda_Insecta_Lepidoptera_Nymphalidae_Polygonia_faunus/9fe17899-14aa-4699-af97-5c261cff8a34.jpg,101,209,0.02101900405753556,False,False,"[209, 152, 298, 326, 416]"
val/01958_Animalia_Arthropoda_Insecta_Lepidoptera_Nymphalidae_Polygonia_faunus/c9652c0f-9a87-41c6-9abc-8d2f33e903ea.jpg,101,79,0.009978090189123268,False,False,"[79, 335, 468, 114, 341]"
val/01958_Animalia_Arthropoda_Insecta_Lepidoptera_Nymphalidae_Polygonia_faunus/e776d0e2-82de-48b5-9091-2571319ef07d.jpg,101,477,0.016577269818909307,False,False,"[477, 320, 400, 288, 424]"
val/01972_Animalia_Arthropoda_Insecta_Lepidoptera_Nymphalidae_Speyeria_callippe/02e672d9-5749-440d-b256-da038a6096ce.jpg,102,455,0.01147524570709475,False,False,"[455, 311, 337, 308, 377]"
val/01972_Animalia_Arthropoda_Insecta_Lepidoptera_Nymphalidae_Speyeria_callippe/28b9d72e-d541-46e8-929a-e2d93b4f1635.jpg,102,485,0.00928689955675797,False,False,"[485, 250, 479, 351, 349]"
val/01972_Animalia_Arthropoda_Insecta_Lepidoptera_Nymphalidae_Speyeria_callippe/3c10c15d-ad22-4379-b1c2-452ec51c0c16.jpg,102,227,0.014945592518412236,False,False,"[227, 359, 262, 97, 300]"
val/01972_Animalia_Arthropoda_Insecta_Lepidoptera_Nymphalidae_Speyeria_callippe/440b1653-a6f2-4746-92d5-b9e383d1a4d2.jpg,102,102,0.02962313272321308,True,True,"[102, 427, 370, 113, 380]"
val/01972_Animalia_Arthropoda_Insecta_Lepidoptera_Nymphalidae_Speyeria_callippe/778dfd4c-f6f5-47bc-9499-b8cf931e3929.jpg,102,479,0.009796268768978515,False,False,"[479, 448, 172, 114, 488]"
val/01972_Animalia_Arthropoda_Insecta_Lepidoptera_Nymphalidae_Speyeria_callippe/792eb78b-86d2-4225-8db1-52aa7dbd2a55.jpg,102,283,0.009540142320082344,False,False,"[283, 9, 156, 459, 130]"
val/01972_Animalia_Arthropoda_Insecta_Lepidoptera_Nymphalidae_Speyeria_callippe/7ab1111f-a08e-49da-9d21-d239afe10be3.jpg,102,317,0.009313627522324288,False,False,"[317, 463, 292, 434, 327]"
val/01972_Animalia_Arthropoda_Insecta_Lepidoptera_Nymphalidae_Speyeria_callippe/add88374-caa3-466f-b57d-f99a1d34981d.jpg,102,392,0.010084988589151916,False,False,"[392, 316, 300, 339, 492]"
val/01972_Animalia_Arthropoda_Insecta_Lepidoptera_Nymphalidae_Speyeria_callippe/cd4bf7eb-ca54-4b28-af09-baf6afe6ca3a.jpg,102,102,0.022500423177142966,True,True,"[102, 224, 18, 419, 307]"
val/01972_Animalia_Arthropoda_Insecta_Lepidoptera_Nymphalidae_Speyeria_callippe/dc356c32-e8aa-4da0-b265-759e070d0389.jpg,102,367,0.01653856003927486,False,False,"[367, 0, 382, 343, 353]"
val/02006_Animalia_Arthropoda_Insecta_Lepidoptera_Papilionidae_Iphiclides_podalirius/2de5a1fe-4e34-4e01-9f8f-1fba8388a7c8.jpg,103,475,0.014091762057872765,False,False,"[475, 427, 380, 387, 203]"
val/02006_Animalia_Arthropoda_Insecta_Lepidoptera_Papilionidae_Iphiclides_podalirius/2f850e14-bf28-440a-a25d-8c06f107cee5.jpg,103,397,0.011776853268732602,False,False,"[397, 354, 448, 348, 474]"
val/02006_Animalia_Arthropoda_Insecta_Lepidoptera_Papilionidae_Iphiclides_podalirius/5645752f-0325-4b3f-afa8-affc50b426e1.jpg,103,424,0.009211429913615793,False,False,"[424, 306, 257, 370, 401]"
val/02006_Animalia_Arthropoda_Insecta_Lepidoptera_Papilionidae_Iphiclides_podalirius/5a152454-b79b-40fe-8152-e6132f1bee7b.jpg,103,495,0.016874438890968083,False,False,"[495, 403, 407, 440, 305]"
val/02006_Animalia_Arthropoda_Insecta_Lepidoptera_Papilionidae_Iphiclides_podalirius/78bab873-2ae1-4d80-8651-f848d312b112.jpg,103,481,0.009884984261310374,False,False,"[481, 79, 112, 440, 485]"
val/02006_Animalia_Arthropoda_Insecta_Lepidoptera_Papilionidae_Iphiclides_podalirius/8b54f668-bd2b-411f-8ffc-f6b1e6a4e78e.jpg,103,343,0.011938765694384033,False,False,"[343, 482, 448, 460, 405]"
val/02006_Animalia_Arthropoda_Insecta_Lepidoptera_Papilionidae_Iphiclides_podalirius/acee683e-a53a-412e-9248-2c759b5bc233.jpg,103,415,0.010415589899050925,False,False,"[415, 445, 364, 478, 434]"
val/02006_Animalia_Arthropoda_Insecta_Lepidoptera_Papilionidae_Iphiclides_podalirius/b01adbf9-a0b4-4350-89e0-a18a7fe194e5.jpg,103,142,0.023715557177905373,False,False,"[142, 165, 4, 179, 40]"
val/02006_Animalia_Arthropoda_Insecta_Lepidoptera_Papilionidae_Iphiclides_podalirius/d94d8209-cb5f-466d-b0da-9af22e005b11.jpg,103,156,0.00949940120233523,False,False,"[156, 437, 270, 372, 275]"
val/02006_Animalia_Arthropoda_Insecta_Lepidoptera_Papilionidae_Iphiclides_podalirius/f3eac55b-25d7-46c1-bc56-7601873add97.jpg,103,341,0.013502182527056823,False,False,"[341, 353, 438, 35, 491]"
val/02011_Animalia_Arthropoda_Insecta_Lepidoptera_Papilionidae_Papilio_bianor/0c0e7efb-cbbe-4b5e-a5e0-d532c373c6cf.jpg,104,359,0.011282508795162466,False,False,"[359, 410, 319, 279, 421]"
val/02011_Animalia_Arthropoda_Insecta_Lepidoptera_Papilionidae_Papilio_bianor/1161df6f-5c0a-4ad8-8647-681a8a43496c.jpg,104,274,0.02239251740430725,False,False,"[274, 24, 189, 308, 424]"
val/02011_Animalia_Arthropoda_Insecta_Lepidoptera_Papilionidae_Papilio_bianor/24e349e3-789c-4140-832d-c51d89f842c8.jpg,104,417,0.010948745125934765,False,False,"[417, 359, 458, 396, 289]"
val/02011_Animalia_Arthropoda_Insecta_Lepidoptera_Papilionidae_Papilio_bianor/26cd3cb0-9828-4a54-91bf-b7ebdfc3bb5e.jpg,104,106,0.009334536175552249,False,False,"[106, 48, 55, 71, 222]"
val/02011_Animalia_Arthropoda_Insecta_Lepidoptera_Papilionidae_Papilio_bianor/7e6da3a9-28f1-4159-b330-7abd04fe7504.jpg,104,120,0.016185622348974322,False,False,"[120, 59, 303, 14, 13]"
val/02011_Animalia_Arthropoda_Insecta_Lepidoptera_Papilionidae_Papilio_bianor/96a4852b-b8d5-48b1-b5e8-2e2bcb227769.jpg,104,52,0.01655113981833356,False,False,"[52, 132, 64, 85, 196]"
val/02011_Animalia_Arthropoda_Insecta_Lepidoptera_Papilionidae_Papilio_bianor/a5ade479-21fa-4b4d-8c14-5fda0e48c9f8.jpg,104,423,0.016324023512643792,False,False,"[423, 181, 99, 293, 221]"
val/02011_Animalia_Arthropoda_Insecta_Lepidoptera_Papilionidae_Papilio_bianor/e1d40789-1267-4074-8ab9-a1dbc0d48d04.jpg,104,473,0.009234192501933535,False,False,"[473, 72, 141, 130, 225]"
val/02011_Animalia_Arthropoda_Insecta_Lepidoptera_Papilionidae_Papilio_bianor/e7b77ae7-5439-4ca0-956e-09991f4ee7ce.jpg,104,357,0.016831071706305913,False,False,"[357, 305, 279, 343, 401]"
val/02011_Animalia_Arthropoda_Insecta_Lepidoptera_Papilionidae_Papilio_bianor/efaacd70-3aad-4d59-ac9d-209b953df54c.jpg,104,419,0.01236138776604747,False,False,"[419, 382, 366, 372, 106]"
val/02019_Animalia_Arthropoda_Insecta_Lepidoptera_Papilionidae_Papilio_garamas/0c91d5e2-01f5-43d1-aa1b-456edc6f3184.jpg,105,282,0.01105814001590473,False,False,"[282, 52, 168, 13, 404]"
val/02019_Animalia_Arthropoda_Insecta_Lepidoptera_Papilionidae_Papilio_garamas/3d74b7dc-6179-4e1a-82a5-8aa259f3056b.jpg,105,364,0.014501082832431003,False,True,"[364, 105, 143, 21, 261]"
val/02019_Animalia_Arthropoda_Insecta_Lepidoptera_Papilionidae_Papilio_garamas/4068aee3-15f2-44ef-b903-1eba5e1a53b9.jpg,105,104,0.009295695121487136,False,False,"[104, 106, 284, 325, 464]"
val/02019_Animalia_Arthropoda_Insecta_Lepidoptera_Papilionidae_Papilio_garamas/59e41cde-e350-4af8-86ac-b06548cbfe2c.jpg,105,106,0.01566699730447068,False,False,"[106, 473, 37, 67, 259]"
val/02019_Animalia_Arthropoda_Insecta_Lepidoptera_Papilionidae_Papilio_garamas/672fb571-cb69-47ec-9f61-96e7a5da72c4.jpg,105,347,0.00995967118393935,False,False,"[347, 300, 280, 253, 141]"
val/02019_Animalia_Arthropoda_Insecta_Lepidoptera_Papilionidae_Papilio_garamas/834f3e12-1914-450a-ab50-d7310d96efd3.jpg,105,418,0.0097481846108672,False,False,"[418, 213, 361, 462, 412]"
val/02019_Animalia_Arthropoda_Insecta_Lepidoptera_Papilionidae_Papilio_garamas/8fcf3d3a-be56-4c70-b7aa-652d0e86f657.jpg,105,186,0.014879482384566085,False,False,"[186, 269, 169, 25, 139]"
val/02019_Animalia_Arthropoda_Insecta_Lepidoptera_Papilionidae_Papilio_garamas/b3304d52-57cf-4ee1-89ee-c776f19d170c.jpg,105,152,0.015944214624966264,False,False,"[152, 418, 393, 49, 112]"
val/02019_Animalia_Arthropoda_Insecta_Lepidoptera_Papilionidae_Papilio_garamas/babdaca7-fdf2-473f-9bf9-cb9458ae7745.jpg,105,398,0.010229579267945316,False,False,"[398, 435, 454, 215, 258]"
val/02019_Animalia_Arthropoda_Insecta_Lepidoptera_Papilionidae_Papilio_garamas/eee75eff-bf49-44dd-8042-450520946a7d.jpg,105,443,0.008786466604969408,False,False,"[443, 264, 422, 250, 122]"
val/02021_Animalia_Arthropoda_Insecta_Lepidoptera_Papilionidae_Papilio_helenus/07869d41-fd6b-4873-b50d-2429dc538608.jpg,106,288,0.009878290587016775,False,False,"[288, 342, 302, 32, 139]"
val/02021_Animalia_Arthropoda_Insecta_Lepidoptera_Papilionidae_Papilio_helenus/30465c6f-7cdd-4ecc-9dc2-0299b58ee4df.jpg,106,349,0.01021332194709916,False,False,"[349, 422, 429, 446, 376]"
val/02021_Animalia_Arthropoda_Insecta_Lepidoptera_Papilionidae_Papilio_helenus/35ec5d8f-b52e-4a38-8035-7c78cef2983e.jpg,106,140,0.04582918470540603,False,False,"[140, 66, 188, 139, 57]"
val/02021_Animalia_Arthropoda_Insecta_Lepidoptera_Papilionidae_Papilio_helenus/45de676d-5a5e-456f-87c7-6a6105f2bc61.jpg,106,352,0.01669938292778904,False,False,"[352, 341, 373, 366, 390]"
val/02021_Animalia_Arthropoda_Insecta_Lepidoptera_Papilionidae_Papilio_helenus/4a36cf03-fa07-49b7-ae42-6896af2f7b47.jpg,106,308,0.009918022500553101,False,False,"[308, 102, 350, 299, 375]"
val/02021_Animalia_Arthropoda_Insecta_Lepidoptera_Papilionidae_Papilio_helenus/79676b99-46e1-47bc-bf0c-bd62e40d501a.jpg,106,382,0.016487699853775614,False,False,"[382, 100, 346, 366, 440]"
val/02021_Animalia_Arthropoda_Insecta_Lepidoptera_Papilionidae_Papilio_helenus/8083a939-12dd-43ad-b5d1-8e9fee85e015.jpg,106,392,0.009637805858442877,False,False,"[392, 257, 432, 451, 301]"
val/02021_Animalia_Arthropoda_Insecta_Lepidoptera_Papilionidae_Papilio_helenus/d1987a9f-b85e-492d-bd69-3cf55139305e.jpg,106,284,0.009942514942825437,False,False,"[284, 499, 370, 108, 491]"
val/02021_Animalia_Arthropoda_Insecta_Lepidoptera_Papilionidae_Papilio_helenus/d3bafd65-ebb7-4a3f-a4e9-a7526996bb2c.jpg,106,75,0.03249063836675003,False,False,"[75, 64, 204, 87, 77]"
val/02021_Animalia_Arthropoda_Insecta_Lepidoptera_Papilionidae_Papilio_helenus/dd693aec-5a55-4feb-b5f7-fbe8ce23f77a.jpg,106,114,0.009207110938951307,False,False,"[114, 60, 61, 5, 356]"
val/02036_Animalia_Arthropoda_Insecta_Lepidoptera_Papilionidae_Papilio_xuthus/002aa72f-abd3-4e7f-80c0-d2f7071840f7.jpg,107,10,0.009544441529016017,False,False,"[10, 326, 394, 203, 193]"
val/02036_Animalia_Arthropoda_Insecta_Lepidoptera_Papilionidae_Papilio_xuthus/0f5e87b3-b76d-469a-a99d-d37fa2c18312.jpg,107,279,0.015820237195906268,False,False,"[279, 17, 329, 498, 431]"
val/02036_Animalia_Arthropoda_Insecta_Lepidoptera_Papilionidae_Papilio_xuthus/1d0d7b97-9fc3-4c74-ba0e-c9d180fa35fd.jpg,107,462,0.016416118263899167,False,False,"[462, 482, 346, 405, 396]"
val/02036_Animalia_Arthropoda_Insecta_Lepidoptera_Papilionidae_Papilio_xuthus/2cb16eeb-1189-4d9b-89e5-473459b2a8b9.jpg,107,402,0.017756698587769855,False,False,"[402, 318, 441, 407, 346]"
val/02036_Animalia_Arthropoda_Insecta_Lepidoptera_Papilionidae_Papilio_xuthus/43f276a8-b4cd-4fa9-9e87-3d85d06de01c.jpg,107,322,0.009628350626657158,False,False,"[322, 454, 2, 412, 431]"
val/02036_Animalia_Arthropoda_Insecta_Lepidoptera_Papilionidae_Papilio_xuthus/84bc8e29-8189-4c9f-9b5d-54eb315ce7ea.jpg,107,471,0.015388150551054344,False,False,"[471, 199, 329, 150, 304]"
val/02036_Animalia_Arthropoda_Insecta_Lepidoptera_Papilionidae_Papilio_xuthus/8f5046cd-b1fa-42df-8a17-1ec43f657a5a.jpg,107,360,0.016508425495460947,False,False,"[360, 320, 325, 481, 450]"
val/02036_Animalia_Arthropoda_Insecta_Lepidoptera_Papilionidae_Papilio_xuthus/95984d07-d6a3-421f-a8c4-79e09d676498.jpg,107,100,0.015460266900386826,False,False,"[100, 308, 445, 380, 258]"
val/02036_Animalia_Arthropoda_Insecta_Lepidoptera_Papilionidae_Papilio_xuthus/a06238b6-4b39-4ff2-b296-c0519446a2ed.jpg,107,346,0.012040612153566601,False,False,"[346, 371, 460, 291, 440]"
val/02036_Animalia_Arthropoda_Insecta_Lepidoptera_Papilionidae_Papilio_xuthus/b9139399-1332-4847-b3ab-bf5bbef25733.jpg,107,398,0.009098440862271259,False,False,"[398, 391, 308, 295, 261]"
val/02063_Animalia_Arthropoda_Insecta_Lepidoptera_Pieridae_Colias_croceus/1742a35b-2803-40da-b0bf-bcebc991cc09.jpg,108,325,0.014866059973823462,False,False,"[325, 102, 49, 65, 179]"
val/02063_Animalia_Arthropoda_Insecta_Lepidoptera_Pieridae_Colias_croceus/2c9b67b3-cc74-4bcc-a423-b4161cfa0614.jpg,108,337,0.009672568798104318,False,False,"[337, 470, 203, 415, 485]"
val/02063_Animalia_Arthropoda_Insecta_Lepidoptera_Pieridae_Colias_croceus/4ac08796-db8a-4883-969a-e3b60d915484.jpg,108,353,0.012113159686572506,False,False,"[353, 432, 33, 473, 327]"
val/02063_Animalia_Arthropoda_Insecta_Lepidoptera_Pieridae_Colias_croceus/4b21cef8-abb5-446e-93f3-deb94b65b611.jpg,108,109,0.009914120606039243,False,False,"[109, 299, 134, 54, 388]"
val/02063_Animalia_Arthropoda_Insecta_Lepidoptera_Pieridae_Colias_croceus/7718aafc-0a09-44d2-8494-eeaec804978e.jpg,108,162,0.015609245144939237,False,False,"[162, 60, 116, 74, 17]"
val/02063_Animalia_Arthropoda_Insecta_Lepidoptera_Pieridae_Colias_croceus/8eb2e06c-8274-4126-9500-80ead2db30c9.jpg,108,107,0.021689095819482144,False,False,"[107, 298, 321, 164, 376]"
val/02063_Animalia_Arthropoda_Insecta_Lepidoptera_Pieridae_Colias_croceus/9c980d5f-8b70-481b-929c-29afbaa8d5ed.jpg,108,239,0.009659816651056212,False,False,"[239, 295, 29, 468, 345]"
val/02063_Animalia_Arthropoda_Insecta_Lepidoptera_Pieridae_Colias_croceus/b193b915-ac44-4065-9df8-57f25a397df3.jpg,108,434,0.00957711334112566,False,False,"[434, 149, 243, 129, 316]"
val/02063_Animalia_Arthropoda_Insecta_Lepidoptera_Pieridae_Colias_croceus/deb66aa0-729a-4590-8691-f140fa9a4ae0.jpg,108,215,0.009210082439902881,False,False,"[215, 1, 89, 113, 199]"
val/02063_Animalia_Arthropoda_Insecta_Lepidoptera_Pieridae_Colias_croceus/ffb4b2c5-0219-4b7d-b030-6705d7ae491c.jpg,108,414,0.009621231535210472,False,False,"[414, 288, 409, 156, 277]"
val/02096_Animalia_Arthropoda_Insecta_Lepidoptera_Pieridae_Pieris_oleracea/6435c56d-4f5f-4285-b307-9ba1d7972e6d.jpg,109,464,0.009885403165757293,False,False,"[464, 441, 473, 431, 151]"
val/02096_Animalia_Arthropoda_Insecta_Lepidoptera_Pieridae_Pieris_oleracea/66d364c8-2e51-484c-99d0-70731deb3970.jpg,109,57,0.010332041262300301,False,False,"[57, 147, 51, 13, 192]"
val/02096_Animalia_Arthropoda_Insecta_Lepidoptera_Pieridae_Pieris_oleracea/7a3a50b8-507c-422d-8c5a-47221d6f105d.jpg,109,473,0.015820963978597714,False,False,"[473, 316, 314, 375, 399]"
val/02096_Animalia_Arthropoda_Insecta_Lepidoptera_Pieridae_Pieris_oleracea/7b1b5b48-c3b2-4957-9b7f-100a2cd9fb9b.jpg,109,182,0.019202745371336507,False,False,"[182, 6, 202, 232, 252]"
val/02096_Animalia_Arthropoda_Insecta_Lepidoptera_Pieridae_Pieris_oleracea/84d80caa-768b-47b4-b2ca-bb4cdd28481b.jpg,109,246,0.015574811810255839,False,False,"[246, 197, 304, 161, 406]"
val/02096_Animalia_Arthropoda_Insecta_Lepidoptera_Pieridae_Pieris_oleracea/96949cd1-8359-4c11-8e1c-b150bfe52287.jpg,109,288,0.009702260063045335,False,False,"[288, 484, 152, 1, 310]"
val/02096_Animalia_Arthropoda_Insecta_Lepidoptera_Pieridae_Pieris_oleracea/9792e733-601b-4250-95d4-47e20144feb3.jpg,109,304,0.013153577060236394,False,True,"[304, 27, 161, 109, 247]"
val/02096_Animalia_Arthropoda_Insecta_Lepidoptera_Pieridae_Pieris_oleracea/e4157531-7e22-4058-8388-98f1cf0de0e1.jpg,109,476,0.009589882636265161,False,False,"[476, 115, 270, 194, 329]"
val/02096_Animalia_Arthropoda_Insecta_Lepidoptera_Pieridae_Pieris_oleracea/ec46ee79-dece-41db-a999-6640a8f77a0e.jpg,109,57,0.009060333095799965,False,False,"[57, 340, 263, 124, 1]"
val/02096_Animalia_Arthropoda_Insecta_Lepidoptera_Pieridae_Pieris_oleracea/f71e5f73-6b9e-4e08-b6b6-5612b4d3f565.jpg,109,10,0.01614646753281154,False,False,"[10, 315, 360, 486, 373]"
val/02109_Animalia_Arthropoda_Insecta_Lepidoptera_Psychidae_Thyridopteryx_ephemeraeformis/01fa4efe-f090-4881-9c32-ed5576057467.jpg,110,247,0.013130255455898153,False,False,"[247, 40, 241, 183, 178]"
val/02109_Animalia_Arthropoda_Insecta_Lepidoptera_Psychidae_Thyridopteryx_ephemeraeformis/0394b92a-797a-45ea-82e8-0351610cfe30.jpg,110,283,0.014984848443906238,False,False,"[283, 405, 477, 289, 471]"
val/02109_Animalia_Arthropoda_Insecta_Lepidoptera_Psychidae_Thyridopteryx_ephemeraeformis/34e76f97-aca1-4b49-a12d-9992f1fe9d1b.jpg,110,133,0.009904946552740096,False,False,"[133, 137, 152, 91, 423]"
val/02109_Animalia_Arthropoda_Insecta_Lepidoptera_Psychidae_Thyridopteryx_ephemeraeformis/44fc13bc-b903-438c-87e3-a2a26eb1ca1e.jpg,110,160,0.02052913753229965,False,False,"[160, 64, 192, 76, 4]"
val/02109_Animalia_Arthropoda_Insecta_Lepidoptera_Psychidae_Thyridopteryx_ephemeraeformis/5892ee28-ab0c-4d94-962d-cf84b9575fb6.jpg,110,406,0.023339078612346298,False,False,"[406, 85, 184, 82, 51]"
val/02109_Animalia_Arthropoda_Insecta_Lepidoptera_Psychidae_Thyridopteryx_ephemeraeformis/58ea7fd2-bc4f-4ad8-8fed-8e79cfdd497a.jpg,110,206,0.015095427066883124,False,False,"[206, 12, 22, 142, 119]"
val/02109_Animalia_Arthropoda_Insecta_Lepidoptera_Psychidae_Thyridopteryx_ephemeraeformis/602bff3f-9ea8-4fe4-85a7-f5240a3d58fa.jpg,110,151,0.010020194911382958,False,False,"[151, 58, 45, 170, 227]"
val/02109_Animalia_Arthropoda_Insecta_Lepidoptera_Psychidae_Thyridopteryx_ephemeraeformis/60e0b23b-ee9e-4510-8ef4-ed8171c1bd54.jpg,110,27,0.009020632226384712,False,False,"[27, 42, 267, 77, 232]"
val/02109_Animalia_Arthropoda_Insecta_Lepidoptera_Psychidae_Thyridopteryx_ephemeraeformis/77787535-c928-4203-94c9-c6160e9c2d11.jpg,110,238,0.009147056979424027,False,False,"[238, 78, 215, 269, 486]"
val/02109_Animalia_Arthropoda_Insecta_Lepidoptera_Psychidae_Thyridopteryx_ephemeraeformis/8c08c610-6d03-4068-8fb0-bd6fc587a4b0.jpg,110,64,0.016085781473023922,False,False,"[64, 87, 61, 73, 281]"
val/02117_Animalia_Arthropoda_Insecta_Lepidoptera_Pyralidae_Arta_statalis/140b2d07-47ac-4f8f-996a-873728335f79.jpg,111,47,0.16414062399420887,False,True,"[47, 118, 111, 18, 86]"
val/02117_Animalia_Arthropoda_Insecta_Lepidoptera_Pyralidae_Arta_statalis/1c56d0f4-ef2d-49ca-820f-be4fd63e791d.jpg,111,113,0.016122472902595587,False,True,"[113, 58, 52, 224, 111]"
val/02117_Animalia_Arthropoda_Insecta_Lepidoptera_Pyralidae_Arta_statalis/3f4c49e2-24ad-45de-8cf3-cb7937a12dc7.jpg,111,60,0.024550870445250353,False,False,"[60, 188, 66, 63, 171]"
val/02117_Animalia_Arthropoda_Insecta_Lepidoptera_Pyralidae_Arta_statalis/46c20387-378f-49aa-8a72-314c940789dc.jpg,111,334,0.0166546793486467,False,False,"[334, 496, 276, 164, 264]"
val/02117_Animalia_Arthropoda_Insecta_Lepidoptera_Pyralidae_Arta_statalis/52b8f836-b015-4f50-b53b-c09c80729771.jpg,111,116,0.019573305865101177,False,False,"[116, 36, 180, 175, 172]"
val/02117_Animalia_Arthropoda_Insecta_Lepidoptera_Pyralidae_Arta_statalis/7519169c-a34a-4ca8-b43a-5b7d687e33f7.jpg,111,55,0.039813488148704106,False,True,"[55, 87, 111, 52, 73]"
val/02117_Animalia_Arthropoda_Insecta_Lepidoptera_Pyralidae_Arta_statalis/c2524bc5-0e7f-4b7d-b422-3ed7072a06bd.jpg,111,158,0.010599698542054975,False,False,"[158, 7, 345, 184, 225]"
val/02117_Animalia_Arthropoda_Insecta_Lepidoptera_Pyralidae_Arta_statalis/e72f9b7f-a70e-41e8-9fc3-901ae110a840.jpg,111,197,0.03463245761750941,False,False,"[197, 184, 216, 224, 40]"
val/02117_Animalia_Arthropoda_Insecta_Lepidoptera_Pyralidae_Arta_statalis/eb0b8d83-a304-487c-b61e-294acbbd9935.jpg,111,186,0.015373815619915604,False,True,"[186, 95, 288, 111, 81]"
val/02117_Animalia_Arthropoda_Insecta_Lepidoptera_Pyralidae_Arta_statalis/ffa73132-2714-4baa-aecc-cdd379ef7fad.jpg,111,289,0.010795550662097005,False,False,"[289, 201, 499, 138, 375]"
val/02194_Animalia_Arthropoda_Insecta_Lepidoptera_Sphingidae_Hemaris_diffinis/0fb09293-2ad0-4100-96ea-c14ed01bbae4.jpg,112,411,0.009391471798064136,False,False,"[411, 478, 454, 432, 294]"
val/02194_Animalia_Arthropoda_Insecta_Lepidoptera_Sphingidae_Hemaris_diffinis/2d8a2d7b-e841-4682-a6cc-f533b94f3ef1.jpg,112,341,0.013148131639323385,False,False,"[341, 467, 448, 337, 29]"
val/02194_Animalia_Arthropoda_Insecta_Lepidoptera_Sphingidae_Hemaris_diffinis/51c163fb-0e86-434e-8b38-1b5b67103476.jpg,112,391,0.01635999398308618,False,False,"[391, 59, 293, 168, 119]"
val/02194_Animalia_Arthropoda_Insecta_Lepidoptera_Sphingidae_Hemaris_diffinis/6b262620-8c80-43dd-9aea-ea062865485c.jpg,112,94,0.010237174086475665,False,False,"[94, 238, 114, 142, 411]"
val/02194_Animalia_Arthropoda_Insecta_Lepidoptera_Sphingidae_Hemaris_diffinis/7991f1ab-8d6f-4773-a5d4-3b514e69325c.jpg,112,293,0.010141964885779549,False,False,"[293, 230, 208, 470, 109]"
val/02194_Animalia_Arthropoda_Insecta_Lepidoptera_Sphingidae_Hemaris_diffinis/7f7472ea-8693-44e3-9290-713ac1dd0433.jpg,112,95,0.00935837243293704,False,False,"[95, 294, 405, 414, 124]"
val/02194_Animalia_Arthropoda_Insecta_Lepidoptera_Sphingidae_Hemaris_diffinis/80e3cd49-ce73-4c2a-9bce-1881cc892736.jpg,112,68,0.010215484108788682,False,False,"[68, 145, 344, 361, 352]"
val/02194_Animalia_Arthropoda_Insecta_Lepidoptera_Sphingidae_Hemaris_diffinis/83c879ec-ade5-4f62-98a8-d923733ac527.jpg,112,472,0.008889345348047917,False,False,"[472, 130, 288, 124, 292]"
val/02194_Animalia_Arthropoda_Insecta_Lepidoptera_Sphingidae_Hemaris_diffinis/b1f9b975-1b95-4e00-8bfe-8869bb5b028c.jpg,112,306,0.015023970680973513,False,False,"[306, 455, 311, 327, 421]"
val/02194_Animalia_Arthropoda_Insecta_Lepidoptera_Sphingidae_Hemaris_diffinis/e40cc14e-eedd-4181-a0cd-739342423537.jpg,112,380,0.01061137709807302,False,False,"[380, 67, 488, 188, 230]"
val/02206_Animalia_Arthropoda_Insecta_Lepidoptera_Sphingidae_Manduca_rustica/0b07fb4d-aefa-496a-9d57-9a3a0fd83d52.jpg,113,149,0.009891980711207914,False,False,"[149, 277, 73, 178, 198]"
val/02206_Animalia_Arthropoda_Insecta_Lepidoptera_Sphingidae_Manduca_rustica/1242f670-bb3e-4777-abd2-99952a8a6adb.jpg,113,415,0.009677975161148768,False,False,"[415, 200, 441, 70, 338]"
val/02206_Animalia_Arthropoda_Insecta_Lepidoptera_Sphingidae_Manduca_rustica/33700816-a943-4f72-9968-69cf03c95832.jpg,113,196,0.019645541110808448,False,False,"[196, 18, 148, 241, 5]"
val/02206_Animalia_Arthropoda_Insecta_Lepidoptera_Sphingidae_Manduca_rustica/3e7a0a1f-c3a1-41c3-9306-07f521ce3a40.jpg,113,40,0.011906084208451524,False,False,"[40, 99, 247, 163, 197]"
val/02206_Animalia_Arthropoda_Insecta_Lepidoptera_Sphingidae_Manduca_rustica/8315a303-660f-4cf4-9765-7dede571043d.jpg,113,400,0.010401043698066676,False,False,"[400, 295, 393, 338, 486]"
val/02206_Animalia_Arthropoda_Insecta_Lepidoptera_Sphingidae_Manduca_rustica/87cece60-6e26-4cbd-968f-469049cf5d59.jpg,113,113,0.02280379787478965,True,True,"[113, 55, 52, 34, 86]"
val/02206_Animalia_Arthropoda_Insecta_Lepidoptera_Sphingidae_Manduca_rustica/ace1482f-595d-4f03-adad-34e59c0cdc2a.jpg,113,123,0.015104990799215064,False,False,"[123, 159, 56, 244, 90]"
val/02206_Animalia_Arthropoda_Insecta_Lepidoptera_Sphingidae_Manduca_rustica/af3e5e8f-d89e-43d8-9aab-6d58dafe7b64.jpg,113,113,0.021834338318249838,True,True,"[113, 303, 249, 60, 396]"
val/02206_Animalia_Arthropoda_Insecta_Lepidoptera_Sphingidae_Manduca_rustica/cd85e526-9fa6-47f2-9ed6-6a59b2013791.jpg,113,196,0.015329879496486126,False,False,"[196, 216, 253, 9, 120]"
val/02206_Animalia_Arthropoda_Insecta_Lepidoptera_Sphingidae_Manduca_rustica/f66dfbef-9aba-4861-b13e-7f7854dd2fb1.jpg,113,35,0.015754977235129076,False,False,"[35, 39, 307, 80, 114]"
val/02207_Animalia_Arthropoda_Insecta_Lepidoptera_Sphingidae_Manduca_sexta/1baf058f-c683-46f3-9697-6d62383ee779.jpg,114,32,0.016539854189918875,False,False,"[32, 119, 223, 167, 445]"
val/02207_Animalia_Arthropoda_Insecta_Lepidoptera_Sphingidae_Manduca_sexta/1e1d7e1c-e803-43ed-bdb5-3a9142a3d5ac.jpg,114,343,0.02120061905277997,False,False,"[343, 316, 284, 83, 130]"
val/02207_Animalia_Arthropoda_Insecta_Lepidoptera_Sphingidae_Manduca_sexta/29ec224a-9e61-4fac-a3a8-bc5df0c22710.jpg,114,256,0.015878936323139692,False,False,"[256, 98, 69, 415, 219]"
val/02207_Animalia_Arthropoda_Insecta_Lepidoptera_Sphingidae_Manduca_sexta/3819ec1a-1f09-4f30-b4b0-35c3bfffff63.jpg,114,303,0.01663803861593229,False,False,"[303, 250, 371, 149, 434]"
val/02207_Animalia_Arthropoda_Insecta_Lepidoptera_Sphingidae_Manduca_sexta/39850eff-1cb4-4ea2-9834-06d4441f202d.jpg,114,303,0.010449973504539765,False,False,"[303, 288, 381, 494, 471]"
val/02207_Animalia_Arthropoda_Insecta_Lepidoptera_Sphingidae_Manduca_sexta/4c976580-a201-47e2-8a4a-7ed11edec8bf.jpg,114,254,0.009059945319174962,False,False,"[254, 79, 187, 155, 370]"
val/02207_Animalia_Arthropoda_Insecta_Lepidoptera_Sphingidae_Manduca_sexta/564711fb-de77-42db-91ee-080fd36494b9.jpg,114,288,0.010206552218883258,False,False,"[288, 112, 73, 348, 401]"
val/02207_Animalia_Arthropoda_Insecta_Lepidoptera_Sphingidae_Manduca_sexta/659f0d31-bcea-49b7-9f63-17a23985446e.jpg,114,499,0.010054751711995474,False,False,"[499, 377, 375, 409, 350]"
val/02207_Animalia_Arthropoda_Insecta_Lepidoptera_Sphingidae_Manduca_sexta/6c2c7073-a352-4c48-8542-9eaa902dea92.jpg,114,93,0.00887688815658465,False,False,"[93, 356, 132, 68, 94]"
val/02207_Animalia_Arthropoda_Insecta_Lepidoptera_Sphingidae_Manduca_sexta/8dd4981a-c56d-484c-a296-7149b590f4b3.jpg,114,85,0.012451439838943907,False,False,"[85, 56, 109, 3, 70]"
val/02221_Animalia_Arthropoda_Insecta_Lepidoptera_Sphingidae_Sphinx_ligustri/10de7eb9-7590-4c76-9407-002be63b2b8c.jpg,115,153,0.011187451085796687,False,False,"[153, 246, 126, 30, 237]"
val/02221_Animalia_Arthropoda_Insecta_Lepidoptera_Sphingidae_Sphinx_ligustri/3091bb0c-0069-4f57-97a9-b60c4d65d373.jpg,115,233,0.01766067955231456,False,False,"[233, 178, 216, 135, 221]"
val/02221_Animalia_Arthropoda_Insecta_Lepidoptera_Sphingidae_Sphinx_ligustri/515d4b62-95a7-4410-9a6f-55ac56395ad1.jpg,115,42,0.01579512385102464,False,False,"[42, 302, 483, 420, 378]"
val/02221_Animalia_Arthropoda_Insecta_Lepidoptera_Sphingidae_Sphinx_ligustri/577536ca-76ec-4d8a-9b99-ad2f31f352ef.jpg,115,99,0.009701522935627128,False,False,"[99, 151, 247, 248, 334]"
val/02221_Animalia_Arthropoda_Insecta_Lepidoptera_Sphingidae_Sphinx_ligustri/73e8a956-a8f9-45e6-ba85-48d12bf4675e.jpg,115,27,0.015203583089617488,False,False,"[27, 468, 289, 134, 250]"
val/02221_Animalia_Arthropoda_Insecta_Lepidoptera_Sphingidae_Sphinx_ligustri/c8e8fd82-014c-4fc0-9bbe-9114cecf814f.jpg,115,183,0.01125947099687148,False,False,"[183, 406, 82, 247, 174]"
val/02221_Animalia_Arthropoda_Insecta_Lepidoptera_Sphingidae_Sphinx_ligustri/d6888a1f-325b-4598-8c42-62f362c23890.jpg,115,468,0.016560087280810352,False,False,"[468, 316, 457, 489, 341]"
val/02221_Animalia_Arthropoda_Insecta_Lepidoptera_Sphingidae_Sphinx_ligustri/dda34033-8a58-4a42-ba93-63be98f55200.jpg,115,401,0.010334377010520712,False,False,"[401, 29, 315, 336, 417]"
val/02221_Animalia_Arthropoda_Insecta_Lepidoptera_Sphingidae_Sphinx_ligustri/ec93e2df-aad9-4330-a33c-c1f09da58e85.jpg,115,409,0.009115871224777673,False,False,"[409, 266, 461, 439, 362]"
val/02221_Animalia_Arthropoda_Insecta_Lepidoptera_Sphingidae_Sphinx_ligustri/ee8a3510-a62b-4cd1-818a-69e7d49a0098.jpg,115,53,0.015263374706415235,False,False,"[53, 248, 180, 125, 198]"
val/02236_Animalia_Arthropoda_Insecta_Lepidoptera_Tortricidae_Cenopis_pettitana/6138b562-70bc-4564-b739-1da419879016.jpg,116,176,0.021933958255702934,False,True,"[176, 192, 116, 180, 186]"
val/02236_Animalia_Arthropoda_Insecta_Lepidoptera_Tortricidae_Cenopis_pettitana/66896db1-f3f2-40a2-abb1-66393bfb262a.jpg,116,241,0.03696699403103762,False,False,"[241, 45, 248, 161, 52]"
val/02236_Animalia_Arthropoda_Insecta_Lepidoptera_Tortricidae_Cenopis_pettitana/69e8fbad-1f10-4101-908f-29efa22ae98d.jpg,116,211,0.016212071740470162,False,False,"[211, 228, 34, 176, 236]"
val/02236_Animalia_Arthropoda_Insecta_Lepidoptera_Tortricidae_Cenopis_pettitana/82976d96-e45b-465c-a69b-f731b9e4ea78.jpg,116,196,0.018744483508980454,False,False,"[196, 241, 143, 62, 180]"
val/02236_Animalia_Arthropoda_Insecta_Lepidoptera_Tortricidae_Cenopis_pettitana/84ac21a8-5812-45e2-90da-aa33e90acff2.jpg,116,116,0.031393114332106724,True,True,"[116, 159, 228, 142, 63]"
val/02236_Animalia_Arthropoda_Insecta_Lepidoptera_Tortricidae_Cenopis_pettitana/85e28abc-2d88-4d48-974f-1d168b00a3fb.jpg,116,62,0.021074760012198292,False,False,"[62, 100, 58, 241, 126]"
val/02236_Animalia_Arthropoda_Insecta_Lepidoptera_Tortricidae_Cenopis_pettitana/e49e8b6d-15f3-4c44-9bb5-8d9aa3506b51.jpg,116,467,0.017111952715354213,False,False,"[467, 355, 46, 39, 337]"
val/02236_Animalia_Arthropoda_Insecta_Lepidoptera_Tortricidae_Cenopis_pettitana/ef8324a3-df6b-4655-8452-cde61a9a344b.jpg,116,420,0.008952230508551177,False,False,"[420, 450, 167, 454, 385]"
val/02236_Animalia_Arthropoda_Insecta_Lepidoptera_Tortricidae_Cenopis_pettitana/f19db676-e97a-4e4b-af0c-1d6b8ef0fc36.jpg,116,42,0.029915122277884787,False,False,"[42, 110, 111, 73, 140]"
val/02236_Animalia_Arthropoda_Insecta_Lepidoptera_Tortricidae_Cenopis_pettitana/f99ea1f9-bd47-4d26-8294-cfea429facfa.jpg,116,121,0.01316626436276964,False,False,"[121, 260, 25, 66, 61]"
val/02240_Animalia_Arthropoda_Insecta_Lepidoptera_Tortricidae_Clepsis_melaleucana/2c4e97a0-9fe1-435a-bcf5-3568d4348576.jpg,117,288,0.015837335518488534,False,False,"[288, 75, 57, 231, 303]"
val/02240_Animalia_Arthropoda_Insecta_Lepidoptera_Tortricidae_Clepsis_melaleucana/35423f3d-5754-4fa4-8ebe-4a3c4522ee39.jpg,117,251,0.009312075615236136,False,False,"[251, 492, 129, 284, 373]"
val/02240_Animalia_Arthropoda_Insecta_Lepidoptera_Tortricidae_Clepsis_melaleucana/76716546-12cb-4bf9-9749-67d1f4d7292b.jpg,117,329,0.025112195111228083,False,False,"[329, 304, 498, 216, 242]"
val/02240_Animalia_Arthropoda_Insecta_Lepidoptera_Tortricidae_Clepsis_melaleucana/85a05afb-33e0-4e75-a097-a5238a996e2e.jpg,117,87,0.017594894197321267,False,False,"[87, 60, 130, 50, 86]"
val/02240_Animalia_Arthropoda_Insecta_Lepidoptera_Tortricidae_Clepsis_melaleucana/920b6c09-7d1b-45ce-b096-351c1a52ff59.jpg,117,280,0.016368556682397808,False,False,"[280, 74, 16, 60, 32]"
val/02240_Animalia_Arthropoda_Insecta_Lepidoptera_Tortricidae_Clepsis_melaleucana/a9bc273b-25eb-412d-8174-e90612004e31.jpg,117,44,0.015726367183905254,False,False,"[44, 178, 302, 159, 64]"
val/02240_Animalia_Arthropoda_Insecta_Lepidoptera_Tortricidae_Clepsis_melaleucana/b8fbff52-7bf3-4d13-82e6-efd77e4cfdfb.jpg,117,153,0.009835704784958226,False,False,"[153, 179, 152, 119, 167]"
val/02240_Animalia_Arthropoda_Insecta_Lepidoptera_Tortricidae_Clepsis_melaleucana/e4ab772f-4b2b-4be9-a25d-d69cf0e01a70.jpg,117,141,0.00993657341789772,False,False,"[141, 468, 439, 478, 24]"
val/02240_Animalia_Arthropoda_Insecta_Lepidoptera_Tortricidae_Clepsis_melaleucana/eb365dbf-9ea8-4607-8aa7-1d3eca0e433e.jpg,117,96,0.01050055823710406,False,False,"[96, 40, 6, 181, 189]"
val/02240_Animalia_Arthropoda_Insecta_Lepidoptera_Tortricidae_Clepsis_melaleucana/f6835185-8882-484d-aa3d-4760c9c231f2.jpg,117,144,0.028715221352572692,False,False,"[144, 183, 196, 186, 172]"
val/02244_Animalia_Arthropoda_Insecta_Lepidoptera_Tortricidae_Coelostathma_discopunctana/0d3975a4-e41a-4791-9d2b-9dc9590b6642.jpg,118,58,0.027828450194135948,False,False,"[58, 282, 82, 66, 62]"
val/02244_Animalia_Arthropoda_Insecta_Lepidoptera_Tortricidae_Coelostathma_discopunctana/1540a5bb-ee01-4ff1-9187-4819bff6c875.jpg,118,87,0.01393518993573983,False,False,"[87, 86, 58, 55, 252]"
val/02244_Animalia_Arthropoda_Insecta_Lepidoptera_Tortricidae_Coelostathma_discopunctana/4fd4c72d-d392-4555-99d8-7fcde79113e2.jpg,118,118,0.024832433189765316,True,True,"[118, 116, 147, 205, 126]"
val/02244_Animalia_Arthropoda_Insecta_Lepidoptera_Tortricidae_Coelostathma_discopunctana/58140c05-f40f-4ae1-b62e-fc7455993056.jpg,118,260,0.029112167019504108,False,True,"[260, 118, 183, 248, 73]"
val/02244_Animalia_Arthropoda_Insecta_Lepidoptera_Tortricidae_Coelostathma_discopunctana/6381d43f-9415-4b05-b9ee-c6e08e754b05.jpg,118,111,0.02536958542009948,False,False,"[111, 62, 172, 31, 86]"
val/02244_Animalia_Arthropoda_Insecta_Lepidoptera_Tortricidae_Coelostathma_discopunctana/774abaa1-5321-4712-86a8-e9e3619bfd5a.jpg,118,164,0.018134522148751726,False,False,"[164, 181, 334, 62, 233]"
val/02244_Animalia_Arthropoda_Insecta_Lepidoptera_Tortricidae_Coelostathma_discopunctana/a254b6d0-63b3-422b-8136-120a5bc05551.jpg,118,241,0.01689900564669112,False,False,"[241, 31, 196, 177, 41]"
val/02244_Animalia_Arthropoda_Insecta_Lepidoptera_Tortricidae_Coelostathma_discopunctana/d01cbb0d-da23-4514-b833-692553bc9394.jpg,118,197,0.022217791170460383,False,False,"[197, 163, 40, 216, 247]"
val/02244_Animalia_Arthropoda_Insecta_Lepidoptera_Tortricidae_Coelostathma_discopunctana/d8b84671-ef30-4d14-b5f2-63bdfedd8b73.jpg,118,66,0.02308844206645666,False,True,"[66, 61, 137, 116, 118]"
val/02244_Animalia_Arthropoda_Insecta_Lepidoptera_Tortricidae_Coelostathma_discopunctana/ec682359-4bd4-41d7-b990-379f0ee185a5.jpg,118,196,0.03518082932000843,False,False,"[196, 172, 164, 197, 163]"
val/02273_Animalia_Arthropoda_Insecta_Lepidoptera_Zygaenidae_Harrisina_americana/0cf09aa1-ef07-45d2-a780-7318186b279f.jpg,119,55,0.023031957681721647,False,False,"[55, 252, 62, 6, 51]"
val/02273_Animalia_Arthropoda_Insecta_Lepidoptera_Zygaenidae_Harrisina_americana/385d8159-7ce3-4467-83a0-9056e5c29088.jpg,119,37,0.023091663209727616,False,False,"[37, 100, 68, 116, 74]"
val/02273_Animalia_Arthropoda_Insecta_Lepidoptera_Zygaenidae_Harrisina_americana/503b5837-77df-42e9-bc56-44410c1e50a2.jpg,119,55,0.023527914757122292,False,False,"[55, 87, 192, 92, 168]"
val/02273_Animalia_Arthropoda_Insecta_Lepidoptera_Zygaenidae_Harrisina_americana/6a439f8a-3b4a-4e29-92f3-74d16217f192.jpg,119,136,0.015505241977162552,False,False,"[136, 276, 7, 2, 90]"
val/02273_Animalia_Arthropoda_Insecta_Lepidoptera_Zygaenidae_Harrisina_americana/9f779052-0b53-482d-aadc-ed1ec34c2a5c.jpg,119,82,0.019912279100584105,False,False,"[82, 58, 50, 33, 57]"
val/02273_Animalia_Arthropoda_Insecta_Lepidoptera_Zygaenidae_Harrisina_americana/b25d8113-a5da-4816-a4cd-60adb9b667c6.jpg,119,430,0.014970042798483192,False,False,"[430, 41, 431, 368, 329]"
val/02273_Animalia_Arthropoda_Insecta_Lepidoptera_Zygaenidae_Harrisina_americana/c664f399-6d1c-49e4-a7cb-2731e97e3e2f.jpg,119,119,0.03538781339274674,True,True,"[119, 135, 328, 159, 4]"
val/02273_Animalia_Arthropoda_Insecta_Lepidoptera_Zygaenidae_Harrisina_americana/c8294722-0492-4936-bd61-b0a402d23221.jpg,119,71,0.00931921869846234,False,False,"[71, 44, 132, 183, 109]"
val/02273_Animalia_Arthropoda_Insecta_Lepidoptera_Zygaenidae_Harrisina_americana/dc477a2c-5ca9-4f31-acd8-39770fbf6a4b.jpg,119,172,0.04641175430563823,False,False,"[172, 197, 40, 236, 163]"
val/02273_Animalia_Arthropoda_Insecta_Lepidoptera_Zygaenidae_Harrisina_americana/ea8f9d7f-7ad1-4b46-9f2d-b91ccf4ef67d.jpg,119,66,0.017224172543394728,False,False,"[66, 86, 55, 61, 39]"
val/02312_Animalia_Arthropoda_Insecta_Odonata_Aeshnidae_Aeshna_mixta/179176d4-40bd-49db-94f3-dff472dcea7b.jpg,120,329,0.010121634244833979,False,False,"[329, 210, 332, 169, 262]"
val/02312_Animalia_Arthropoda_Insecta_Odonata_Aeshnidae_Aeshna_mixta/244e29f3-7940-445f-885b-643bf6547104.jpg,120,365,0.00955710874449557,False,False,"[365, 69, 399, 67, 335]"
val/02312_Animalia_Arthropoda_Insecta_Odonata_Aeshnidae_Aeshna_mixta/6218927d-2cdc-42e7-afe1-d5e50014a3de.jpg,120,465,0.0230306321284908,False,False,"[465, 418, 280, 311, 353]"
val/02312_Animalia_Arthropoda_Insecta_Odonata_Aeshnidae_Aeshna_mixta/68f2832e-ea91-4304-a98f-90a01402814e.jpg,120,151,0.011293327362557932,False,False,"[151, 306, 369, 258, 98]"
val/02312_Animalia_Arthropoda_Insecta_Odonata_Aeshnidae_Aeshna_mixta/80804526-8be9-43aa-a8b1-116015b2022c.jpg,120,493,0.01588141621964784,False,False,"[493, 421, 496, 37, 492]"
val/02312_Animalia_Arthropoda_Insecta_Odonata_Aeshnidae_Aeshna_mixta/9a4171b0-2587-43e3-b152-54e46e5ce88b.jpg,120,18,0.01672567234865679,False,False,"[18, 281, 250, 309, 175]"
val/02312_Animalia_Arthropoda_Insecta_Odonata_Aeshnidae_Aeshna_mixta/b6c3eea1-a8f3-46d3-a098-6523bbbb74c8.jpg,120,421,0.01191960167676594,False,False,"[421, 412, 314, 363, 434]"
val/02312_Animalia_Arthropoda_Insecta_Odonata_Aeshnidae_Aeshna_mixta/efd07c53-52f1-4939-a756-135a7af4e8cb.jpg,120,59,0.009513715377296828,False,False,"[59, 224, 276, 260, 4]"
val/02312_Animalia_Arthropoda_Insecta_Odonata_Aeshnidae_Aeshna_mixta/f0841f66-8daa-4c6f-a93d-8312cde38f4d.jpg,120,313,0.020789961541749148,False,False,"[313, 306, 262, 308, 498]"
val/02312_Animalia_Arthropoda_Insecta_Odonata_Aeshnidae_Aeshna_mixta/f40d8760-4995-4d0c-8721-fc3288318728.jpg,120,446,0.023255767776138518,False,False,"[446, 192, 444, 312, 324]"
val/02330_Animalia_Arthropoda_Insecta_Odonata_Calopterygidae_Calopteryx_aequabilis/03bf181d-0001-4585-976f-ad0b4368d648.jpg,121,172,0.02607062408108518,False,False,"[172, 40, 241, 64, 252]"
val/02330_Animalia_Arthropoda_Insecta_Odonata_Calopterygidae_Calopteryx_aequabilis/528f4819-6a03-4892-b49a-9b60c3611096.jpg,121,197,0.019237227012145353,False,False,"[197, 334, 216, 172, 196]"
val/02330_Animalia_Arthropoda_Insecta_Odonata_Calopterygidae_Calopteryx_aequabilis/5828b4ba-e15f-4bf3-b111-06b37711d0aa.jpg,121,162,0.010794287375702816,False,False,"[162, 184, 281, 224, 130]"
val/02330_Animalia_Arthropoda_Insecta_Odonata_Calopterygidae_Calopteryx_aequabilis/60640134-8364-415c-91ec-2f89118bff81.jpg,121,57,0.012128024247549916,False,False,"[57, 253, 254, 436, 23]"
val/02330_Animalia_Arthropoda_Insecta_Odonata_Calopterygidae_Calopteryx_aequabilis/627b2e64-6fd0-4311-a8b7-b94aaafb8f5c.jpg,121,276,0.016161701609733223,False,False,"[276, 454, 265, 269, 92]"
val/02330_Animalia_Arthropoda_Insecta_Odonata_Calopterygidae_Calopteryx_aequabilis/75a89f2d-2526-45e5-9443-aa39b3ecb7f4.jpg,121,385,0.01084279612987566,False,False,"[385, 50, 49, 292, 137]"
val/02330_Animalia_Arthropoda_Insecta_Odonata_Calopterygidae_Calopteryx_aequabilis/77c6b775-b034-47b0-a291-e9e7371fb051.jpg,121,29,0.009520741577451954,False,False,"[29, 178, 138, 75, 420]"
val/02330_Animalia_Arthropoda_Insecta_Odonata_Calopterygidae_Calopteryx_aequabilis/7a641dfa-90f8-4b85-ba39-0451c93aa42a.jpg,121,379,0.011138742193772592,False,False,"[379, 396, 69, 200, 5]"
val/02330_Animalia_Arthropoda_Insecta_Odonata_Calopterygidae_Calopteryx_aequabilis/80fceb10-48a4-4d4c-b636-468e72307b64.jpg,121,314,0.014970884567435666,False,False,"[314, 434, 233, 272, 319]"
val/02330_Animalia_Arthropoda_Insecta_Odonata_Calopterygidae_Calopteryx_aequabilis/b5bd98a7-8afc-40ff-b1f5-1c30defcd32f.jpg,121,129,0.014289657652992265,False,False,"[129, 72, 381, 138, 361]"
val/02337_Animalia_Arthropoda_Insecta_Odonata_Calopterygidae_Matrona_cyanoptera/0bb0529c-a21f-413d-a02b-46e4fbb8732a.jpg,122,242,0.023727832982622054,False,False,"[242, 121, 135, 233, 164]"
val/02337_Animalia_Arthropoda_Insecta_Odonata_Calopterygidae_Matrona_cyanoptera/0f9f7cd4-0120-40fe-a8c0-6aabd69f01ae.jpg,122,118,0.0301726524977801,False,False,"[118, 249, 15, 399, 43]"
val/02337_Animalia_Arthropoda_Insecta_Odonata_Calopterygidae_Matrona_cyanoptera/262d063e-243d-4ae4-ac97-f54bb6e6cbfa.jpg,122,50,0.00954288297123963,False,False,"[50, 89, 138, 152, 32]"
val/02337_Animalia_Arthropoda_Insecta_Odonata_Calopterygidae_Matrona_cyanoptera/2b9ba87c-fbd3-49ba-aa20-a3dee6349725.jpg,122,406,0.01689887760893393,False,False,"[406, 197, 115, 334, 252]"
val/02337_Animalia_Arthropoda_Insecta_Odonata_Calopterygidae_Matrona_cyanoptera/2ca52cbd-7bec-4e9b-80b1-6c6ec3b94cb7.jpg,122,333,0.0143859046220688,False,False,"[333, 118, 84, 16, 227]"
val/02337_Animalia_Arthropoda_Insecta_Odonata_Calopterygidae_Matrona_cyanoptera/a69fa72a-0d1e-4013-bfc2-afb96834768e.jpg,122,121,0.02317168732034933,False,False,"[121, 135, 130, 111, 391]"
val/02337_Animalia_Arthropoda_Insecta_Odonata_Calopterygidae_Matrona_cyanoptera/b146def1-8826-4bef-bd24-c8391c6913ec.jpg,122,324,0.009671434104806512,False,False,"[324, 488, 307, 168, 365]"
val/02337_Animalia_Arthropoda_Insecta_Odonata_Calopterygidae_Matrona_cyanoptera/f06134d1-e230-4251-aa9e-88b9de71cecb.jpg,122,420,0.015112109138633315,False,False,"[420, 129, 14, 28, 244]"
val/02337_Animalia_Arthropoda_Insecta_Odonata_Calopterygidae_Matrona_cyanoptera/f44f6f1d-f91e-4b4a-aaf3-4fedcf00d650.jpg,122,326,0.009173565884412644,False,False,"[326, 316, 92, 417, 15]"
val/02337_Animalia_Arthropoda_Insecta_Odonata_Calopterygidae_Matrona_cyanoptera/f5a291b2-c438-44e2-a073-17c951567e64.jpg,122,133,0.010138803989483995,False,False,"[133, 286, 12, 126, 334]"
val/02372_Animalia_Arthropoda_Insecta_Odonata_Coenagrionidae_Enallagma_durum/1664e3c4-7d64-428a-a530-172191a9ce70.jpg,123,88,0.042015966494595096,False,False,"[88, 140, 148, 28, 158]"
val/02372_Animalia_Arthropoda_Insecta_Odonata_Coenagrionidae_Enallagma_durum/24353502-d945-4ca7-9ed0-ea88afe06f88.jpg,123,408,0.009191117030621712,False,False,"[408, 150, 309, 109, 198]"
val/02372_Animalia_Arthropoda_Insecta_Odonata_Coenagrionidae_Enallagma_durum/31285149-fe79-4ebe-bc42-1b58273add87.jpg,123,130,0.016866862706222438,False,False,"[130, 366, 84, 86, 31]"
val/02372_Animalia_Arthropoda_Insecta_Odonata_Coenagrionidae_Enallagma_durum/5cb57814-7a9e-4d95-8b30-6c9993104fca.jpg,123,387,0.01021467852027922,False,False,"[387, 336, 335, 182, 313]"
val/02372_Animalia_Arthropoda_Insecta_Odonata_Coenagrionidae_Enallagma_durum/5d22d82a-376c-4cd3-b0b9-a6599f5fa814.jpg,123,119,0.009899873194158087,False,False,"[119, 52, 205, 225, 21]"
val/02372_Animalia_Arthropoda_Insecta_Odonata_Coenagrionidae_Enallagma_durum/95f07b11-0a8f-458e-9435-ac351e5972a2.jpg,123,192,0.02361496225406362,False,False,"[192, 158, 250, 104, 228]"
val/02372_Animalia_Arthropoda_Insecta_Odonata_Coenagrionidae_Enallagma_durum/b17a0989-8a7f-4c43-ad42-9e3307382b05.jpg,123,121,0.009857447579962798,False,False,"[121, 104, 15, 241, 469]"
val/02372_Animalia_Arthropoda_Insecta_Odonata_Coenagrionidae_Enallagma_durum/d3aa6012-eea7-4380-b398-80e6b20600b4.jpg,123,49,0.022285831357648538,False,False,"[49, 174, 319, 140, 62]"
val/02372_Animalia_Arthropoda_Insecta_Odonata_Coenagrionidae_Enallagma_durum/d849d654-3991-4971-bd16-31f84e05d012.jpg,123,135,0.014840796344112134,False,False,"[135, 127, 139, 41, 161]"
val/02372_Animalia_Arthropoda_Insecta_Odonata_Coenagrionidae_Enallagma_durum/fbe3a954-41da-41f6-88d8-3137955ebb20.jpg,123,172,0.01655218841332898,False,False,"[172, 120, 166, 334, 164]"
val/02406_Animalia_Arthropoda_Insecta_Odonata_Cordulegastridae_Cordulegaster_maculata/001434fb-eca2-4314-944a-92546efed8a8.jpg,124,239,0.015697523851846442,False,False,"[239, 265, 332, 326, 454]"
val/02406_Animalia_Arthropoda_Insecta_Odonata_Cordulegastridae_Cordulegaster_maculata/00cd2d12-81ec-4002-9ec6-7856865c8de7.jpg,124,238,0.009471790541150164,False,False,"[238, 157, 119, 64, 301]"
val/02406_Animalia_Arthropoda_Insecta_Odonata_Cordulegastridae_Cordulegaster_maculata/032501d7-73b1-4165-a5a6-7bf764f560c7.jpg,124,352,0.014571947189741535,False,False,"[352, 241, 142, 213, 334]"
val/02406_Animalia_Arthropoda_Insecta_Odonata_Cordulegastridae_Cordulegaster_maculata/11afd1fc-75c4-4486-ae43-54b641daac2e.jpg,124,228,0.012280458818784644,False,False,"[228, 62, 158, 247, 15]"
val/02406_Animalia_Arthropoda_Insecta_Odonata_Cordulegastridae_Cordulegaster_maculata/193f2c62-1b40-4a1b-bdb4-80a4e2d1c575.jpg,124,187,0.008997754402626039,False,False,"[187, 384, 499, 415, 146]"
val/02406_Animalia_Arthropoda_Insecta_Odonata_Cordulegastridae_Cordulegaster_maculata/7a717952-8ccf-4c22-9d5f-fb105057def9.jpg,124,449,0.010292793932722118,False,False,"[449, 340, 385, 437, 327]"
val/02406_Animalia_Arthropoda_Insecta_Odonata_Cordulegastridae_Cordulegaster_maculata/8b6bb8a3-8802-4ce9-87f5-b633e5afa30b.jpg,124,183,0.00918812645750751,False,False,"[183, 248, 132, 425, 329]"
val/02406_Animalia_Arthropoda_Insecta_Odonata_Cordulegastridae_Cordulegaster_maculata/a8d29cdf-0a08-4d41-b2af-0228acfd7c9c.jpg,124,5,0.015217252718100743,False,False,"[5, 44, 293, 90, 436]"
val/02406_Animalia_Arthropoda_Insecta_Odonata_Cordulegastridae_Cordulegaster_maculata/e79a5fa6-c9d6-4123-9323-84f2c186bc62.jpg,124,329,0.018893858601404287,False,False,"[329, 98, 313, 218, 496]"
val/02406_Animalia_Arthropoda_Insecta_Odonata_Cordulegastridae_Cordulegaster_maculata/e819b602-9bb1-4c49-9702-89cab6c727e8.jpg,124,236,0.012305726562089907,False,False,"[236, 31, 34, 180, 196]"
val/02421_Animalia_Arthropoda_Insecta_Odonata_Gomphidae_Aphylla_angustifolia/19b954ad-9f07-47e1-a003-3533f57cb7a3.jpg,125,253,0.015364807327722406,False,False,"[253, 83, 64, 45, 201]"
val/02421_Animalia_Arthropoda_Insecta_Odonata_Gomphidae_Aphylla_angustifolia/36b3995e-46a9-40d2-b422-689b8debbc1d.jpg,125,181,0.017844354792668604,False,False,"[181, 235, 262, 197, 252]"
val/02421_Animalia_Arthropoda_Insecta_Odonata_Gomphidae_Aphylla_angustifolia/3cc85b7d-274c-4105-962f-28f628f9bbd7.jpg,125,296,0.00981515737886114,False,False,"[296, 248, 139, 51, 327]"
val/02421_Animalia_Arthropoda_Insecta_Odonata_Gomphidae_Aphylla_angustifolia/3e3c919c-091e-403b-8969-73b3f7ca2802.jpg,125,335,0.009405044142331662,False,False,"[335, 126, 293, 153, 432]"
val/02421_Animalia_Arthropoda_Insecta_Odonata_Gomphidae_Aphylla_angustifolia/493991c0-1fbc-4856-a9a7-7c9b24092199.jpg,125,121,0.00948477109548113,False,False,"[121, 470, 495, 258, 209]"
val/02421_Animalia_Arthropoda_Insecta_Odonata_Gomphidae_Aphylla_angustifolia/5923eae5-f51b-4891-806e-7dafb65b3561.jpg,125,216,0.009606124933958253,False,False,"[216, 4, 272, 144, 86]"
val/02421_Animalia_Arthropoda_Insecta_Odonata_Gomphidae_Aphylla_angustifolia/79740f45-b53a-45ac-9e1c-6e3543fc1317.jpg,125,45,0.00917561726472934,False,False,"[45, 423, 299, 84, 258]"
val/02421_Animalia_Arthropoda_Insecta_Odonata_Gomphidae_Aphylla_angustifolia/eb36258e-66b2-422c-8876-6f9903bde223.jpg,125,380,0.0136095014373858,False,False,"[380, 311, 440, 220, 398]"
val/02421_Animalia_Arthropoda_Insecta_Odonata_Gomphidae_Aphylla_angustifolia/ef4543ce-c6e7-42d9-a294-7b97a54f8591.jpg,125,324,0.014252990239205324,False,False,"[324, 31, 140, 21, 135]"
val/02421_Animalia_Arthropoda_Insecta_Odonata_Gomphidae_Aphylla_angustifolia/f6f179af-4535-4dba-bcff-eb1eb4747a7e.jpg,125,15,0.010017310411714433,False,False,"[15, 62, 174, 116, 90]"
val/02453_Animalia_Arthropoda_Insecta_Odonata_Lestidae_Lestes_congener/05ed93c6-fc2f-4bdf-a788-7956f2c316c9.jpg,126,58,0.017142020932399606,False,True,"[58, 61, 284, 123, 126]"
val/02453_Animalia_Arthropoda_Insecta_Odonata_Lestidae_Lestes_congener/09ad9b4b-42f4-432a-81d9-65fdc8d30cca.jpg,126,387,0.012104736649158761,False,False,"[387, 13, 316, 469, 450]"
val/02453_Animalia_Arthropoda_Insecta_Odonata_Lestidae_Lestes_congener/1396cb74-475c-4b01-9291-b8cb4a390234.jpg,126,221,0.015324558912013527,False,False,"[221, 65, 219, 427, 207]"
val/02453_Animalia_Arthropoda_Insecta_Odonata_Lestidae_Lestes_congener/2402fbcb-7b4a-485d-af24-cf8af901c4a5.jpg,126,406,0.009791867783294226,False,False,"[406, 162, 224, 181, 165]"
val/02453_Animalia_Arthropoda_Insecta_Odonata_Lestidae_Lestes_congener/2e391451-315d-4f7d-bac7-5dbbaee6bc4a.jpg,126,151,0.016067967162789205,False,False,"[151, 242, 228, 104, 6]"
val/02453_Animalia_Arthropoda_Insecta_Odonata_Lestidae_Lestes_congener/70208059-ff91-48f6-9945-720bb5fc9caf.jpg,126,197,0.015785130288313267,False,False,"[197, 161, 125, 334, 242]"
val/02453_Animalia_Arthropoda_Insecta_Odonata_Lestidae_Lestes_congener/947302e6-1ba3-466b-8a5b-25204aad5165.jpg,126,127,0.018543674435893703,False,False,"[127, 142, 123, 174, 252]"
val/02453_Animalia_Arthropoda_Insecta_Odonata_Lestidae_Lestes_congener/b3c46919-9c02-432d-b1af-7d682e321284.jpg,126,165,0.016516656946070574,False,False,"[165, 422, 216, 115, 406]"
val/02453_Animalia_Arthropoda_Insecta_Odonata_Lestidae_Lestes_congener/c43f31d8-a8bb-4c56-b420-e60ada093331.jpg,126,413,0.0163557223951009,False,False,"[413, 341, 398, 407, 323]"
val/02453_Animalia_Arthropoda_Insecta_Odonata_Lestidae_Lestes_congener/d3acc3e7-9d45-48a4-8b84-9775dde34c3e.jpg,126,140,0.01620397051361819,False,False,"[140, 25, 282, 43, 4]"
val/02462_Animalia_Arthropoda_Insecta_Odonata_Lestidae_Lestes_vigilax/0ae15648-6da9-4aa0-8dff-9e3001f9d4da.jpg,127,142,0.017038543256254687,False,False,"[142, 183, 186, 133, 242]"
val/02462_Animalia_Arthropoda_Insecta_Odonata_Lestidae_Lestes_vigilax/70fe585b-0cf7-419a-86f2-bc4fbda82f61.jpg,127,18,0.010337145460096902,False,False,"[18, 184, 179, 55, 119]"
val/02462_Animalia_Arthropoda_Insecta_Odonata_Lestidae_Lestes_vigilax/7826057a-aa74-4e0c-8be2-f3d702c472c1.jpg,127,241,0.018919281371910863,False,False,"[241, 172, 161, 190, 243]"
val/02462_Animalia_Arthropoda_Insecta_Odonata_Lestidae_Lestes_vigilax/8c042456-e3c8-49de-b7ff-aeefcef1a7d8.jpg,127,66,0.016184255475094493,False,False,"[66, 22, 190, 43, 162]"
val/02462_Animalia_Arthropoda_Insecta_Odonata_Lestidae_Lestes_vigilax/96ac5db4-824b-4872-867f-033f9f80f16d.jpg,127,498,0.011151431910417741,False,False,"[498, 394, 327, 302, 306]"
val/02462_Animalia_Arthropoda_Insecta_Odonata_Lestidae_Lestes_vigilax/9a44cf3b-8ec6-4245-8c55-89fa33d159a8.jpg,127,130,0.009347173169438368,False,False,"[130, 12, 221, 201, 231]"
val/02462_Animalia_Arthropoda_Insecta_Odonata_Lestidae_Lestes_vigilax/a5c9bce6-7094-4aab-847b-ff90e0856972.jpg,127,135,0.02931127137534705,False,False,"[135, 414, 25, 13, 17]"
val/02462_Animalia_Arthropoda_Insecta_Odonata_Lestidae_Lestes_vigilax/b7e33127-c50e-4fa1-ad9c-c4326db379d1.jpg,127,239,0.015185528258250303,False,False,"[239, 136, 135, 242, 121]"
val/02462_Animalia_Arthropoda_Insecta_Odonata_Lestidae_Lestes_vigilax/ef62eb55-3f6f-4106-9d0d-3b68d133f96c.jpg,127,168,0.01136595287142775,False,True,"[168, 242, 127, 225, 185]"
val/02462_Animalia_Arthropoda_Insecta_Odonata_Lestidae_Lestes_vigilax/f6f35309-c537-4718-9679-4722432ea52a.jpg,127,135,0.03514741312797845,False,False,"[135, 248, 246, 233, 168]"
val/02473_Animalia_Arthropoda_Insecta_Odonata_Libellulidae_Brechmorhoga_mendax/0a284942-a862-4712-a2f6-3186d795cca5.jpg,128,168,0.01564015098352837,False,False,"[168, 123, 205, 235, 228]"
val/02473_Animalia_Arthropoda_Insecta_Odonata_Libellulidae_Brechmorhoga_mendax/29d262d3-72fd-4d1d-be1d-d42a8cdfbe47.jpg,128,327,0.012605495261544723,False,False,"[327, 434, 331, 475, 297]"
val/02473_Animalia_Arthropoda_Insecta_Odonata_Libellulidae_Brechmorhoga_mendax/35aa9eb9-82a1-4db9-9754-3657f2ff6841.jpg,128,271,0.013971388005380178,False,False,"[271, 228, 76, 328, 181]"
val/02473_Animalia_Arthropoda_Insecta_Odonata_Libellulidae_Brechmorhoga_mendax/4aefe618-5b93-427b-a122-b469386736e6.jpg,128,16,0.015357034930233916,False,False,"[16, 496, 142, 140, 136]"
val/02473_Animalia_Arthropoda_Insecta_Odonata_Libellulidae_Brechmorhoga_mendax/630d4345-f363-4a6a-9bf1-2fd0cee226c1.jpg,128,139,0.016333538163221913,False,False,"[139, 235, 293, 480, 393]"
val/02473_Animalia_Arthropoda_Insecta_Odonata_Libellulidae_Brechmorhoga_mendax/74960a38-1ad0-4483-bb2b-be3867d225bc.jpg,128,128,0.016757483425901765,True,True,"[128, 16, 158, 236, 17]"
val/02473_Animalia_Arthropoda_Insecta_Odonata_Libellulidae_Brechmorhoga_mendax/a1116cc5-be9a-4dcc-a295-974172ddf6e5.jpg,128,135,0.014725263703967947,False,False,"[135, 55, 184, 43, 241]"
val/02473_Animalia_Arthropoda_Insecta_Odonata_Libellulidae_Brechmorhoga_mendax/bc738ebf-edc0-4fb7-b80f-4e85bf611d1a.jpg,128,22,0.009079596104011932,False,False,"[22, 258, 146, 275, 174]"
val/02473_Animalia_Arthropoda_Insecta_Odonata_Libellulidae_Brechmorhoga_mendax/d29d48fc-967b-4847-a679-ac10c88e5916.jpg,128,126,0.025322615673972364,False,False,"[126, 5, 75, 185, 260]"
val/02473_Animalia_Arthropoda_Insecta_Odonata_Libellulidae_Brechmorhoga_mendax/e48a57ed-7689-431c-9501-5595dffbaee8.jpg,128,107,0.021727008774666122,False,False,"[107, 126, 142, 180, 140]"
val/02482_Animalia_Arthropoda_Insecta_Odonata_Libellulidae_Diplacodes_trivialis/002ec2e9-83d4-4b45-bae4-bbcfad219257.jpg,129,63,0.009999709308429573,False,False,"[63, 182, 211, 40, 6]"
val/02482_Animalia_Arthropoda_Insecta_Odonata_Libellulidae_Diplacodes_trivialis/0832fa05-a517-4e16-ad31-15eeac251787.jpg,129,494,0.015796930932102667,False,False,"[494, 314, 419, 195, 473]"
val/02482_Animalia_Arthropoda_Insecta_Odonata_Libellulidae_Diplacodes_trivialis/36bd4af8-0997-4ded-9cbe-0f7266b87b6b.jpg,129,219,0.010357730155873502,False,False,"[219, 81, 187, 423, 222]"
val/02482_Animalia_Arthropoda_Insecta_Odonata_Libellulidae_Diplacodes_trivialis/3a5cb083-4c08-4b58-ba79-984430adf36a.jpg,129,319,0.01047665937886069,False,False,"[319, 469, 383, 137, 272]"
val/02482_Animalia_Arthropoda_Insecta_Odonata_Libellulidae_Diplacodes_trivialis/460d3d84-9b52-4013-838b-8f539ca5e05c.jpg,129,147,0.015058741045129687,False,False,"[147, 316, 199, 309, 329]"
val/02482_Animalia_Arthropoda_Insecta_Odonata_Libellulidae_Diplacodes_trivialis/64dd0ad5-e3bb-460a-aa68-4bd8b207d093.jpg,129,338,0.009790971647403893,False,False,"[338, 28, 272, 469, 499]"
val/02482_Animalia_Arthropoda_Insecta_Odonata_Libellulidae_Diplacodes_trivialis/6b9d66fb-0e88-49f4-907a-98d0f131c09c.jpg,129,186,0.010310847586025705,False,False,"[186, 62, 51, 47, 53]"
val/02482_Animalia_Arthropoda_Insecta_Odonata_Libellulidae_Diplacodes_trivialis/deebf33b-9ca3-4466-8739-8f64a88a5a28.jpg,129,359,0.01115665542869069,False,False,"[359, 352, 138, 406, 182]"
val/02482_Animalia_Arthropoda_Insecta_Odonata_Libellulidae_Diplacodes_trivialis/ee1df470-3801-482a-a03f-d68aea7f4714.jpg,129,229,0.009516746284463628,False,False,"[229, 415, 282, 80, 316]"
val/02482_Animalia_Arthropoda_Insecta_Odonata_Libellulidae_Diplacodes_trivialis/f188576c-04d8-41ca-85e3-08743a617a89.jpg,129,76,0.024199022858738952,False,False,"[76, 55, 56, 22, 87]"
val/02500_Animalia_Arthropoda_Insecta_Odonata_Libellulidae_Leucorrhinia_hudsonica/21737eec-9426-4f73-8882-20696f56476b.jpg,130,99,0.015838420033429126,False,False,"[99, 488, 365, 437, 129]"
val/02500_Animalia_Arthropoda_Insecta_Odonata_Libellulidae_Leucorrhinia_hudsonica/2c450bb5-8e5e-40f0-980d-f5b324fc3eb1.jpg,130,29,0.009298540751104565,False,False,"[29, 337, 274, 33, 97]"
val/02500_Animalia_Arthropoda_Insecta_Odonata_Libellulidae_Leucorrhinia_hudsonica/50a7f500-9212-48aa-aeda-8cdaeab81d87.jpg,130,192,0.02304535861889806,False,False,"[192, 184, 160, 246, 205]"
val/02500_Animalia_Arthropoda_Insecta_Odonata_Libellulidae_Leucorrhinia_hudsonica/51c6529e-1912-4d58-8e4c-3b426d572019.jpg,130,176,0.010701074492378981,False,False,"[176, 73, 284, 169, 136]"
val/02500_Animalia_Arthropoda_Insecta_Odonata_Libellulidae_Leucorrhinia_hudsonica/6cc6ebc4-313a-440e-9cb6-baaf301b2901.jpg,130,495,0.010734071542462495,False,False,"[495, 311, 370, 318, 326]"
val/02500_Animalia_Arthropoda_Insecta_Odonata_Libellulidae_Leucorrhinia_hudsonica/a119a292-5a87-4db4-a003-9b433da298b8.jpg,130,238,0.009265709660346982,False,False,"[238, 20, 384, 70, 50]"
val/02500_Animalia_Arthropoda_Insecta_Odonata_Libellulidae_Leucorrhinia_hudsonica/c766230c-c8ba-47af-8a11-8596e761132d.jpg,130,128,0.022955937119361756,False,False,"[128, 13, 127, 28, 254]"
val/02500_Animalia_Arthropoda_Insecta_Odonata_Libellulidae_Leucorrhinia_hudsonica/d0743041-e887-4aef-a5c6-d9ffe4d749b3.jpg,130,216,0.015332891987186136,False,False,"[216, 182, 498, 449, 293]"
val/02500_Animalia_Arthropoda_Insecta_Odonata_Libellulidae_Leucorrhinia_hudsonica/f2092465-8cb8-4933-9698-033786814728.jpg,130,66,0.016953123447420917,False,False,"[66, 40, 140, 41, 231]"
val/02500_Animalia_Arthropoda_Insecta_Odonata_Libellulidae_Leucorrhinia_hudsonica/fc674b2d-f3e5-4439-9bf6-c66860dc2510.jpg,130,127,0.019399576460922576,False,False,"[127, 75, 126, 176, 243]"
val/02518_Animalia_Arthropoda_Insecta_Odonata_Libellulidae_Libellula_semifasciata/183f9c33-9413-4350-a55f-bc5846b6226a.jpg,131,314,0.011245432392288108,False,False,"[314, 262, 152, 178, 440]"
val/02518_Animalia_Arthropoda_Insecta_Odonata_Libellulidae_Libellula_semifasciata/1c361ffe-dccb-4d05-a7f1-fc1973a65f19.jpg,131,13,0.016379893587802435,False,False,"[13, 6, 241, 136, 216]"
val/02518_Animalia_Arthropoda_Insecta_Odonata_Libellulidae_Libellula_semifasciata/457242a9-2045-480f-8834-3b29a889a626.jpg,131,95,0.016339169763554356,False,False,"[95, 83, 465, 106, 337]"
val/02518_Animalia_Arthropoda_Insecta_Odonata_Libellulidae_Libellula_semifasciata/4b3eb6c9-e8e8-4b74-b919-616f7fc9aaca.jpg,131,205,0.015370455931754037,False,False,"[205, 125, 248, 28, 300]"
val/02518_Animalia_Arthropoda_Insecta_Odonata_Libellulidae_Libellula_semifasciata/5edc5c44-c557-46cc-a930-7485007bc807.jpg,131,390,0.010917798969589143,False,False,"[390, 483, 382, 470, 353]"
val/02518_Animalia_Arthropoda_Insecta_Odonata_Libellulidae_Libellula_semifasciata/6f0ca830-c84b-4270-93d0-67df521ac672.jpg,131,473,0.010583312542389235,False,False,"[473, 420, 418, 319, 488]"
val/02518_Animalia_Arthropoda_Insecta_Odonata_Libellulidae_Libellula_semifasciata/9577051f-1f6a-4957-9cc7-2020a8355144.jpg,131,34,0.018285500401204954,False,False,"[34, 57, 241, 174, 186]"
val/02518_Animalia_Arthropoda_Insecta_Odonata_Libellulidae_Libellula_semifasciata/9a67906f-4092-4aea-9224-e8a76635e993.jpg,131,55,0.015309429755847408,False,True,"[55, 235, 131, 11, 160]"
val/02518_Animalia_Arthropoda_Insecta_Odonata_Libellulidae_Libellula_semifasciata/ab923a49-966e-43e1-bdcd-b8917643ec5d.jpg,131,327,0.0114814146623016,False,False,"[327, 161, 309, 242, 262]"
val/02518_Animalia_Arthropoda_Insecta_Odonata_Libellulidae_Libellula_semifasciata/eff5ec31-9b99-4f15-9f6f-3783059a4bcc.jpg,131,475,0.009420880853772953,False,False,"[475, 120, 326, 394, 208]"
val/02527_Animalia_Arthropoda_Insecta_Odonata_Libellulidae_Neurothemis_taiwanensis/02b2c021-c50f-4897-a019-627c1589ad0b.jpg,132,291,0.009430773372215368,False,False,"[291, 240, 393, 255, 136]"
val/02527_Animalia_Arthropoda_Insecta_Odonata_Libellulidae_Neurothemis_taiwanensis/55000eb9-e506-40da-be22-5e70bda13ec8.jpg,132,381,0.01683087832773253,False,False,"[381, 10, 386, 15, 352]"
val/02527_Animalia_Arthropoda_Insecta_Odonata_Libellulidae_Neurothemis_taiwanensis/74b47154-23f9-4fd1-b3c9-446d55716bbf.jpg,132,52,0.014227051363596714,False,False,"[52, 56, 116, 62, 181]"
val/02527_Animalia_Arthropoda_Insecta_Odonata_Libellulidae_Neurothemis_taiwanensis/81867750-6d42-43a7-8d9a-50c85f24333c.jpg,132,19,0.015069972862698571,False,False,"[19, 170, 280, 143, 235]"
val/02527_Animalia_Arthropoda_Insecta_Odonata_Libellulidae_Neurothemis_taiwanensis/8867daf9-da8b-4923-b0bf-7017c7972183.jpg,132,113,0.009062334317778328,False,False,"[113, 97, 146, 180, 12]"
val/02527_Animalia_Arthropoda_Insecta_Odonata_Libellulidae_Neurothemis_taiwanensis/9e71810a-b360-420a-b202-52f54294bb14.jpg,132,359,0.010362361455712137,False,False,"[359, 154, 31, 246, 82]"
val/02527_Animalia_Arthropoda_Insecta_Odonata_Libellulidae_Neurothemis_taiwanensis/a30ce64f-a2e9-40ec-b090-e1d085c5f714.jpg,132,21,0.01511592388401668,False,False,"[21, 138, 49, 102, 10]"
val/02527_Animalia_Arthropoda_Insecta_Odonata_Libellulidae_Neurothemis_taiwanensis/a9dc7710-9033-422f-825a-a039df0d4806.jpg,132,180,0.010710321452104014,False,False,"[180, 181, 192, 3, 357]"
val/02527_Animalia_Arthropoda_Insecta_Odonata_Libellulidae_Neurothemis_taiwanensis/b1234649-9de0-47f1-909f-7fd8eda3a9bd.jpg,132,235,0.010975503129039494,False,False,"[235, 58, 143, 209, 17]"
val/02527_Animalia_Arthropoda_Insecta_Odonata_Libellulidae_Neurothemis_taiwanensis/f9fe8fb9-aa3b-4848-bbbb-40b516be8597.jpg,132,4,0.014579894734981978,False,False,"[4, 176, 118, 126, 172]"
val/02528_Animalia_Arthropoda_Insecta_Odonata_Libellulidae_Neurothemis_tullia/0c3dbb7f-aedf-4d8c-9f08-7436e1c0c60a.jpg,133,95,0.009417590685359842,False,False,"[95, 44, 70, 111, 28]"
val/02528_Animalia_Arthropoda_Insecta_Odonata_Libellulidae_Neurothemis_tullia/1c3aa258-a629-489d-bc45-fba962852473.jpg,133,493,0.008925759194371408,False,False,"[493, 418, 182, 236, 83]"
val/02528_Animalia_Arthropoda_Insecta_Odonata_Libellulidae_Neurothemis_tullia/2ce347b7-fc18-4903-a86a-496e1d94e294.jpg,133,13,0.015382732538634673,False,False,"[13, 176, 75, 235, 237]"
val/02528_Animalia_Arthropoda_Insecta_Odonata_Libellulidae_Neurothemis_tullia/483210a9-daf5-41f7-b69a-e8dde066c313.jpg,133,285,0.022794003535348644,False,False,"[285, 241, 88, 158, 14]"
val/02528_Animalia_Arthropoda_Insecta_Odonata_Libellulidae_Neurothemis_tullia/4df9cc4a-2c30-4b40-925b-2434002b0ca6.jpg,133,360,0.01208854078598031,False,False,"[360, 407, 405, 298, 291]"
val/02528_Animalia_Arthropoda_Insecta_Odonata_Libellulidae_Neurothemis_tullia/51ee3a59-9156-4df8-8076-7738b4035ab3.jpg,133,225,0.019465584158536813,False,False,"[225, 7, 191, 287, 244]"
val/02528_Animalia_Arthropoda_Insecta_Odonata_Libellulidae_Neurothemis_tullia/776f5c69-2518-4a9a-8abc-9fae417832a7.jpg,133,139,0.022281938183585794,False,False,"[139, 127, 260, 117, 398]"
val/02528_Animalia_Arthropoda_Insecta_Odonata_Libellulidae_Neurothemis_tullia/85c3aa7d-34d1-4073-bf25-4e29bb1b2d3d.jpg,133,46,0.015887077217229473,False,False,"[46, 179, 59, 96, 190]"
val/02528_Animalia_Arthropoda_Insecta_Odonata_Libellulidae_Neurothemis_tullia/a75ac9f6-600c-4bd4-8231-220b3c073357.jpg,133,327,0.02057784351514634,False,False,"[327, 306, 455, 273, 329]"
val/02528_Animalia_Arthropoda_Insecta_Odonata_Libellulidae_Neurothemis_tullia/ff4e505d-f1a0-4c81-a2ac-e7460dd030da.jpg,133,282,0.009001531258248815,False,False,"[282, 200, 296, 228, 76]"
val/02542_Animalia_Arthropoda_Insecta_Odonata_Libellulidae_Orthetrum_sabina/04aa465a-c513-440b-b0c8-5702f917e6b1.jpg,134,43,0.0096863070186693,False,False,"[43, 215, 68, 85, 66]"
val/02542_Animalia_Arthropoda_Insecta_Odonata_Libellulidae_Orthetrum_sabina/486fce9f-6424-4b00-b25d-7b7da578eb53.jpg,134,55,0.01329106568386818,False,False,"[55, 82, 160, 45, 34]"
val/02542_Animalia_Arthropoda_Insecta_Odonata_Libellulidae_Orthetrum_sabina/56648a65-2bb3-4254-8c4d-ee0cae962651.jpg,134,445,0.010380226318927413,False,False,"[445, 411, 269, 255, 348]"
val/02542_Animalia_Arthropoda_Insecta_Odonata_Libellulidae_Orthetrum_sabina/5bc17641-2082-4b42-a688-4db7c94d50b6.jpg,134,384,0.009200756439716523,False,False,"[384, 383, 315, 182, 294]"
val/02542_Animalia_Arthropoda_Insecta_Odonata_Libellulidae_Orthetrum_sabina/7b1ff73a-2c21-46f5-89b4-7da615da815a.jpg,134,444,0.016432264788358217,False,False,"[444, 69, 306, 93, 476]"
val/02542_Animalia_Arthropoda_Insecta_Odonata_Libellulidae_Orthetrum_sabina/a5f6d060-d5f1-4d3d-8d9f-56a73f555800.jpg,134,142,0.030159102119125515,False,False,"[142, 160, 35, 116, 171]"
val/02542_Animalia_Arthropoda_Insecta_Odonata_Libellulidae_Orthetrum_sabina/c9ef3fbf-9f05-4ae4-9c1b-362897771a1d.jpg,134,225,0.015472618016719153,False,False,"[225, 88, 283, 133, 344]"
val/02542_Animalia_Arthropoda_Insecta_Odonata_Libellulidae_Orthetrum_sabina/d8079c55-c849-4d91-a1a9-d1743550ba6b.jpg,134,438,0.009684374481541124,False,False,"[438, 221, 206, 300, 212]"
val/02542_Animalia_Arthropoda_Insecta_Odonata_Libellulidae_Orthetrum_sabina/f7d97856-4e4d-4134-ae02-0ead9692ed9c.jpg,134,407,0.02295094915092472,False,False,"[407, 394, 89, 25, 455]"
val/02542_Animalia_Arthropoda_Insecta_Odonata_Libellulidae_Orthetrum_sabina/fa517710-3881-4ab3-a43d-ec2a7abbbd82.jpg,134,415,0.009371159620404194,False,False,"[415, 253, 259, 198, 249]"
val/02594_Animalia_Arthropoda_Insecta_Odonata_Platycnemididae_Platycnemis_pennipes/5c96869e-acfd-4f82-aa8f-e27319954f84.jpg,135,94,0.01617785906008666,False,False,"[94, 121, 39, 70, 89]"
val/02594_Animalia_Arthropoda_Insecta_Odonata_Platycnemididae_Platycnemis_pennipes/5cee4175-d32c-4dad-a8f0-bbddc6bcd3e3.jpg,135,435,0.011421808682575474,False,False,"[435, 32, 335, 337, 450]"
val/02594_Animalia_Arthropoda_Insecta_Odonata_Platycnemididae_Platycnemis_pennipes/5f4248b3-8c28-40e3-b94b-78604b62b886.jpg,135,25,0.016756831739814803,False,False,"[25, 61, 127, 66, 116]"
val/02594_Animalia_Arthropoda_Insecta_Odonata_Platycnemididae_Platycnemis_pennipes/839d7622-313e-4c00-b015-389e414007a0.jpg,135,329,0.011582408386528572,False,False,"[329, 123, 414, 162, 23]"
val/02594_Animalia_Arthropoda_Insecta_Odonata_Platycnemididae_Platycnemis_pennipes/8ca6058c-856d-426f-84b5-249cc407dd3e.jpg,135,179,0.010494647981187483,False,False,"[179, 284, 25, 12, 51]"
val/02594_Animalia_Arthropoda_Insecta_Odonata_Platycnemididae_Platycnemis_pennipes/bd9aed80-8bfd-443f-a4f2-d56706518ac1.jpg,135,234,0.009118007967332193,False,False,"[234, 300, 74, 198, 440]"
val/02594_Animalia_Arthropoda_Insecta_Odonata_Platycnemididae_Platycnemis_pennipes/bfbf2b5e-9c9b-416b-a03d-87c7df437c7c.jpg,135,314,0.00997447171425858,False,False,"[314, 261, 271, 450, 151]"
val/02594_Animalia_Arthropoda_Insecta_Odonata_Platycnemididae_Platycnemis_pennipes/bfebd40f-29c3-4b2b-afee-23649874c7ef.jpg,135,332,0.021517393910176093,False,True,"[332, 242, 137, 135, 168]"
val/02594_Animalia_Arthropoda_Insecta_Odonata_Platycnemididae_Platycnemis_pennipes/d055a7cc-32ee-4bc5-b709-b59b1fb1f819.jpg,135,123,0.011157127657527115,False,False,"[123, 181, 63, 139, 161]"
val/02594_Animalia_Arthropoda_Insecta_Odonata_Platycnemididae_Platycnemis_pennipes/df1d09b5-e55d-452b-a39b-919e9bab1a9c.jpg,135,121,0.012446660574333867,False,True,"[121, 135, 122, 66, 61]"
val/02685_Animalia_Arthropoda_Insecta_Orthoptera_Tettigoniidae_Scudderia_furcata/09ecb644-d944-442a-9298-016466a93d1c.jpg,136,8,0.009344073182172619,False,False,"[8, 177, 259, 114, 48]"
val/02685_Animalia_Arthropoda_Insecta_Orthoptera_Tettigoniidae_Scudderia_furcata/257f0c88-3510-418a-abc2-abb5c27f8cfd.jpg,136,22,0.012323451978647496,False,False,"[22, 282, 170, 280, 258]"
val/02685_Animalia_Arthropoda_Insecta_Orthoptera_Tettigoniidae_Scudderia_furcata/26ab6467-1c77-4e38-92cc-f4f2e5c0de19.jpg,136,19,0.009469101374176751,False,False,"[19, 170, 248, 304, 278]"
val/02685_Animalia_Arthropoda_Insecta_Orthoptera_Tettigoniidae_Scudderia_furcata/6fdaa69a-f3c0-4018-90fb-208037ddc45e.jpg,136,237,0.015732519815486446,False,False,"[237, 422, 476, 259, 133]"
val/02685_Animalia_Arthropoda_Insecta_Orthoptera_Tettigoniidae_Scudderia_furcata/84f17335-97e6-401e-b98c-7e77c140691e.jpg,136,140,0.02297450671246508,False,False,"[140, 334, 185, 4, 34]"
val/02685_Animalia_Arthropoda_Insecta_Orthoptera_Tettigoniidae_Scudderia_furcata/8b822c53-d099-4823-ae66-32146f0be0c7.jpg,136,431,0.01134377123766996,False,False,"[431, 408, 400, 486, 438]"
val/02685_Animalia_Arthropoda_Insecta_Orthoptera_Tettigoniidae_Scudderia_furcata/94de5397-0bf4-424c-9af2-d156c23bc1a3.jpg,136,8,0.015805968539680484,False,False,"[8, 114, 382, 309, 147]"
val/02685_Animalia_Arthropoda_Insecta_Orthoptera_Tettigoniidae_Scudderia_furcata/a301b8ae-f5df-4f50-bc97-ee4a28a71aaf.jpg,136,197,0.03215296551478124,False,False,"[197, 241, 111, 196, 172]"
val/02685_Animalia_Arthropoda_Insecta_Orthoptera_Tettigoniidae_Scudderia_furcata/d5683513-1e11-4151-91cf-9e0c8d0e95db.jpg,136,309,0.009749798752147681,False,False,"[309, 258, 220, 394, 127]"
val/02685_Animalia_Arthropoda_Insecta_Orthoptera_Tettigoniidae_Scudderia_furcata/ee111ed3-e7ac-4ada-b8e5-cf1b283f0920.jpg,136,285,0.039349225987233026,False,False,"[285, 118, 176, 36, 180]"
val/02695_Animalia_Arthropoda_Insecta_Phasmida_Phasmatidae_Clitarchus_hookeri/0baa7c7c-dc1f-4c5c-956a-f48444836692.jpg,137,178,0.015784722437513547,False,False,"[178, 184, 267, 248, 271]"
val/02695_Animalia_Arthropoda_Insecta_Phasmida_Phasmatidae_Clitarchus_hookeri/5d441dc5-be2e-41df-ab31-8533a7c856e9.jpg,137,386,0.015171844444930367,False,False,"[386, 435, 217, 286, 494]"
val/02695_Animalia_Arthropoda_Insecta_Phasmida_Phasmatidae_Clitarchus_hookeri/6160f87b-f531-4e51-87af-d00d4c7eb1c4.jpg,137,401,0.00980250084321094,False,False,"[401, 284, 296, 288, 499]"
val/02695_Animalia_Arthropoda_Insecta_Phasmida_Phasmatidae_Clitarchus_hookeri/7996aad0-ebeb-403e-a8aa-3ef2b24a73bd.jpg,137,356,0.00934995551831504,False,False,"[356, 476, 471, 226, 321]"
val/02695_Animalia_Arthropoda_Insecta_Phasmida_Phasmatidae_Clitarchus_hookeri/8712e26b-53a7-4ef6-ad09-ee23b42c0570.jpg,137,20,0.010738741647645501,False,False,"[20, 163, 86, 73, 248]"
val/02695_Animalia_Arthropoda_Insecta_Phasmida_Phasmatidae_Clitarchus_hookeri/8fee9c92-725e-43ea-b865-6dbb99c9ea1d.jpg,137,121,0.012168906760770138,False,False,"[121, 235, 229, 212, 334]"
val/02695_Animalia_Arthropoda_Insecta_Phasmida_Phasmatidae_Clitarchus_hookeri/9180cb22-d730-40e0-a2e3-ea2815893157.jpg,137,85,0.00957236827688515,False,False,"[85, 115, 266, 130, 250]"
val/02695_Animalia_Arthropoda_Insecta_Phasmida_Phasmatidae_Clitarchus_hookeri/940c45b6-8dfb-4097-a985-2db2f6dcfd09.jpg,137,455,0.018387461238101553,False,False,"[455, 220, 290, 339, 206]"
val/02695_Animalia_Arthropoda_Insecta_Phasmida_Phasmatidae_Clitarchus_hookeri/b962c934-79c8-4c66-ade4-4c9abadba8c0.jpg,137,262,0.016226911150917064,False,False,"[262, 61, 86, 18, 260]"
val/02695_Animalia_Arthropoda_Insecta_Phasmida_Phasmatidae_Clitarchus_hookeri/f17e882b-a3e4-4b1f-9dee-baa86b942f33.jpg,137,491,0.014899706397861982,False,False,"[491, 314, 306, 495, 210]"
val/02745_Animalia_Arthropoda_Malacostraca_Isopoda_Armadillidiidae_Armadillidium_nasatum/042e3267-b426-42c5-b758-a8d8f4054ea0.jpg,138,398,0.017321662673949335,False,False,"[398, 380, 401, 495, 308]"
val/02745_Animalia_Arthropoda_Malacostraca_Isopoda_Armadillidiidae_Armadillidium_nasatum/06f91e84-4ffe-48ff-87d0-289323788f9c.jpg,138,112,0.009318466418258411,False,False,"[112, 97, 470, 447, 464]"
val/02745_Animalia_Arthropoda_Malacostraca_Isopoda_Armadillidiidae_Armadillidium_nasatum/08ecdd6d-d29f-44f5-8d00-ac44bea28fce.jpg,138,45,0.010380164298601906,False,False,"[45, 55, 93, 442, 235]"
val/02745_Animalia_Arthropoda_Malacostraca_Isopoda_Armadillidiidae_Armadillidium_nasatum/0ad19ce0-c2d1-4a68-8154-2ebc367aa467.jpg,138,47,0.00891240122109502,False,False,"[47, 37, 62, 226, 29]"
val/02745_Animalia_Arthropoda_Malacostraca_Isopoda_Armadillidiidae_Armadillidium_nasatum/2d8fd003-8ebf-40a8-99a3-fb56dc75c8e8.jpg,138,48,0.009383568619548798,False,False,"[48, 150, 13, 37, 370]"
val/02745_Animalia_Arthropoda_Malacostraca_Isopoda_Armadillidiidae_Armadillidium_nasatum/49114c89-1200-4b21-95b7-31404760b295.jpg,138,491,0.010372210472769518,False,False,"[491, 396, 379, 466, 392]"
val/02745_Animalia_Arthropoda_Malacostraca_Isopoda_Armadillidiidae_Armadillidium_nasatum/8216d449-067a-4db3-8969-ecbfc0524fb2.jpg,138,172,0.014677732795495698,False,False,"[172, 309, 173, 334, 196]"
val/02745_Animalia_Arthropoda_Malacostraca_Isopoda_Armadillidiidae_Armadillidium_nasatum/be7fe9b0-0656-4711-896f-28c6ef172599.jpg,138,464,0.010118496111222291,False,False,"[464, 72, 217, 349, 499]"
val/02745_Animalia_Arthropoda_Malacostraca_Isopoda_Armadillidiidae_Armadillidium_nasatum/d3de4917-44cb-487d-93e0-3165d4787a98.jpg,138,61,0.022338764792824393,False,False,"[61, 180, 92, 235, 283]"
val/02745_Animalia_Arthropoda_Malacostraca_Isopoda_Armadillidiidae_Armadillidium_nasatum/eae4813c-d8d1-47e8-9d96-7753071528ba.jpg,138,389,0.01027698591245235,False,False,"[389, 404, 77, 289, 84]"
val/02765_Animalia_Chordata_Actinopterygii_Cypriniformes_Cyprinidae_Cyprinus_rubrofuscus/02f3c56c-52db-422b-be98-eb5deeb52138.jpg,139,411,0.00936414868840257,False,False,"[411, 397, 369, 442, 294]"
val/02765_Animalia_Chordata_Actinopterygii_Cypriniformes_Cyprinidae_Cyprinus_rubrofuscus/07899c75-c604-4e03-b20e-f920c4f71977.jpg,139,193,0.0221720846067698,False,False,"[193, 187, 423, 281, 4]"
val/02765_Animalia_Chordata_Actinopterygii_Cypriniformes_Cyprinidae_Cyprinus_rubrofuscus/20b140d0-7025-471e-9a96-f9f02096ffe0.jpg,139,11,0.021244114632064416,False,False,"[11, 116, 121, 94, 345]"
val/02765_Animalia_Chordata_Actinopterygii_Cypriniformes_Cyprinidae_Cyprinus_rubrofuscus/325c9127-e588-425b-871e-0bbb75e3c7eb.jpg,139,180,0.024906532036068553,False,False,"[180, 62, 65, 183, 34]"
val/02765_Animalia_Chordata_Actinopterygii_Cypriniformes_Cyprinidae_Cyprinus_rubrofuscus/3af22db3-5c40-4b35-a54f-3b730d5e2c48.jpg,139,346,0.012158816120857658,False,False,"[346, 355, 313, 106, 448]"
val/02765_Animalia_Chordata_Actinopterygii_Cypriniformes_Cyprinidae_Cyprinus_rubrofuscus/a09e6f23-00c5-4073-9029-85d0105befb5.jpg,139,329,0.01829221031727734,False,False,"[329, 498, 449, 48, 217]"
val/02765_Animalia_Chordata_Actinopterygii_Cypriniformes_Cyprinidae_Cyprinus_rubrofuscus/a1778df8-3c4f-44bb-979f-6eac4fa52e1a.jpg,139,116,0.00908812111219591,False,False,"[116, 230, 316, 102, 247]"
val/02765_Animalia_Chordata_Actinopterygii_Cypriniformes_Cyprinidae_Cyprinus_rubrofuscus/c927817f-098d-455d-b863-92cd67f0a1e8.jpg,139,62,0.01938614863198465,False,False,"[62, 148, 135, 165, 142]"
val/02765_Animalia_Chordata_Actinopterygii_Cypriniformes_Cyprinidae_Cyprinus_rubrofuscus/d051d000-061b-4077-81ea-7fd22277f74a.jpg,139,148,0.02077534104265099,False,False,"[148, 180, 137, 242, 140]"
val/02765_Animalia_Chordata_Actinopterygii_Cypriniformes_Cyprinidae_Cyprinus_rubrofuscus/fc5dc2ea-1639-4dfb-88d1-0a8b5cd391da.jpg,139,334,0.04877557184241585,False,False,"[334, 496, 406, 329, 333]"
val/02789_Animalia_Chordata_Actinopterygii_Mugiliformes_Mugilidae_Mugil_cephalus/419f3ea0-afa2-487f-9d61-c06ad5195345.jpg,140,140,0.010483878899150464,True,True,"[140, 247, 248, 385, 188]"
val/02789_Animalia_Chordata_Actinopterygii_Mugiliformes_Mugilidae_Mugil_cephalus/49b6583f-6db9-4cb8-80b9-eb5a1715efb5.jpg,140,495,0.01594383776877711,False,False,"[495, 439, 448, 420, 418]"
val/02789_Animalia_Chordata_Actinopterygii_Mugiliformes_Mugilidae_Mugil_cephalus/6d15b551-adfd-43e8-821d-950b6a33fa17.jpg,140,241,0.011251555294430893,False,False,"[241, 216, 40, 184, 62]"
val/02789_Animalia_Chordata_Actinopterygii_Mugiliformes_Mugilidae_Mugil_cephalus/95f2dc77-c260-4b76-b2b2-b5a942fa6ba7.jpg,140,271,0.009659912526493541,False,False,"[271, 349, 102, 435, 217]"
val/02789_Animalia_Chordata_Actinopterygii_Mugiliformes_Mugilidae_Mugil_cephalus/967b41b1-a826-472c-9dba-4ba69957c57d.jpg,140,334,0.016288610519148542,False,False,"[334, 11, 116, 175, 247]"
val/02789_Animalia_Chordata_Actinopterygii_Mugiliformes_Mugilidae_Mugil_cephalus/9f847924-7d56-4720-b5fb-f2ef5385078d.jpg,140,90,0.018596006509543402,False,False,"[90, 63, 26, 84, 159]"
val/02789_Animalia_Chordata_Actinopterygii_Mugiliformes_Mugilidae_Mugil_cephalus/aa1a2098-357c-4daa-b083-f8e0c9a50061.jpg,140,142,0.030185928850078477,False,False,"[142, 228, 25, 17, 115]"
val/02789_Animalia_Chordata_Actinopterygii_Mugiliformes_Mugilidae_Mugil_cephalus/bee6b7b9-c379-4e1b-898c-4b6c6626f351.jpg,140,181,0.017755956046719878,False,False,"[181, 74, 192, 231, 123]"
val/02789_Animalia_Chordata_Actinopterygii_Mugiliformes_Mugilidae_Mugil_cephalus/e2c82428-a655-48d6-a7e2-4372876965fe.jpg,140,156,0.009635000928993777,False,False,"[156, 87, 451, 303, 315]"
val/02789_Animalia_Chordata_Actinopterygii_Mugiliformes_Mugilidae_Mugil_cephalus/f015b97e-d37d-48a3-95f8-8a788b2cc012.jpg,140,140,0.04552118032022376,True,True,"[140, 142, 180, 232, 175]"
val/02794_Animalia_Chordata_Actinopterygii_Perciformes_Acanthuridae_Naso_lituratus/52644ed5-db3e-4ab7-9e23-bb18bb02f16d.jpg,141,380,0.011295930816118113,False,False,"[380, 353, 145, 451, 402]"
val/02794_Animalia_Chordata_Actinopterygii_Perciformes_Acanthuridae_Naso_lituratus/75386278-252d-4bb6-acb3-a74206d67ac3.jpg,141,480,0.010273115731372157,False,False,"[480, 347, 341, 39, 205]"
val/02794_Animalia_Chordata_Actinopterygii_Perciformes_Acanthuridae_Naso_lituratus/8d7c329f-2646-46a3-b428-6e8b3050fa0c.jpg,141,52,0.011180178763146299,False,False,"[52, 385, 118, 226, 248]"
val/02794_Animalia_Chordata_Actinopterygii_Perciformes_Acanthuridae_Naso_lituratus/a43d3d4b-c5c1-4a21-88aa-a84f03cdd1d9.jpg,141,480,0.018937671235133326,False,False,"[480, 405, 477, 299, 79]"
val/02794_Animalia_Chordata_Actinopterygii_Perciformes_Acanthuridae_Naso_lituratus/afb89245-5da4-4525-a09d-549469a2cbe4.jpg,141,435,0.01029604046442881,False,False,"[435, 360, 461, 357, 464]"
val/02794_Animalia_Chordata_Actinopterygii_Perciformes_Acanthuridae_Naso_lituratus/bb4eb138-fb5d-454d-afce-0d569f12f89a.jpg,141,351,0.009669367183598872,False,False,"[351, 106, 103, 335, 436]"
val/02794_Animalia_Chordata_Actinopterygii_Perciformes_Acanthuridae_Naso_lituratus/ddc69726-6c00-4e72-b614-7a176b03d38c.jpg,141,417,0.00963605766936317,False,False,"[417, 338, 352, 10, 450]"
val/02794_Animalia_Chordata_Actinopterygii_Perciformes_Acanthuridae_Naso_lituratus/f762af18-08de-47cd-83ab-31a905f010f0.jpg,141,141,0.016156049130548272,True,True,"[141, 386, 432, 19, 409]"
val/02794_Animalia_Chordata_Actinopterygii_Perciformes_Acanthuridae_Naso_lituratus/fa905c52-5f21-4f30-b68b-4fdb81ef9b52.jpg,141,323,0.009203722990908492,False,False,"[323, 67, 158, 310, 97]"
val/02794_Animalia_Chordata_Actinopterygii_Perciformes_Acanthuridae_Naso_lituratus/ff6eebeb-2f30-4e83-a555-d286bbea082e.jpg,141,258,0.011545807697742641,False,False,"[258, 360, 405, 468, 414]"
val/02798_Animalia_Chordata_Actinopterygii_Perciformes_Carangidae_Trachurus_novaezelandiae/32f2d1bd-7c4e-46f6-b39b-222f5e792b7f.jpg,142,231,0.011335727551508886,False,False,"[231, 262, 209, 47, 130]"
val/02798_Animalia_Chordata_Actinopterygii_Perciformes_Carangidae_Trachurus_novaezelandiae/5f10e3d8-4137-401e-a95d-34c725f6f81b.jpg,142,268,0.009311359767800396,False,False,"[268, 250, 100, 256, 336]"
val/02798_Animalia_Chordata_Actinopterygii_Perciformes_Carangidae_Trachurus_novaezelandiae/8b942451-3a1d-49de-bf2b-5bde9a03a06b.jpg,142,88,0.019530516017826103,False,False,"[88, 18, 87, 140, 195]"
val/02798_Animalia_Chordata_Actinopterygii_Perciformes_Carangidae_Trachurus_novaezelandiae/8f88e814-a6c1-448d-9743-e355596d0f5d.jpg,142,157,0.009539205699758036,False,False,"[157, 181, 262, 194, 111]"
val/02798_Animalia_Chordata_Actinopterygii_Perciformes_Carangidae_Trachurus_novaezelandiae/9505e56d-4df8-422d-8722-a8607827b144.jpg,142,180,0.021355643925626812,False,False,"[180, 278, 116, 55, 169]"
val/02798_Animalia_Chordata_Actinopterygii_Perciformes_Carangidae_Trachurus_novaezelandiae/b3a928c9-03b6-4d04-a008-bd366f833a22.jpg,142,232,0.02215370608691197,False,False,"[232, 177, 171, 281, 331]"
val/02798_Animalia_Chordata_Actinopterygii_Perciformes_Carangidae_Trachurus_novaezelandiae/bdbf1126-908e-45e5-b001-67bfa229c999.jpg,142,180,0.05629090534747977,False,False,"[180, 241, 418, 17, 135]"
val/02798_Animalia_Chordata_Actinopterygii_Perciformes_Carangidae_Trachurus_novaezelandiae/cc4a30fa-3362-476d-9051-ef9d306814c4.jpg,142,175,0.02622709258401385,False,False,"[175, 107, 140, 139, 62]"
val/02798_Animalia_Chordata_Actinopterygii_Perciformes_Carangidae_Trachurus_novaezelandiae/e97f881e-a71f-4668-8f83-660243b6b75c.jpg,142,140,0.011852733274209817,False,False,"[140, 180, 241, 4, 34]"
val/02798_Animalia_Chordata_Actinopterygii_Perciformes_Carangidae_Trachurus_novaezelandiae/edb82cab-69d8-4c1d-9513-7f5aefae3e2b.jpg,142,146,0.029768042646378962,False,True,"[146, 140, 142, 162, 66]"
val/02799_Animalia_Chordata_Actinopterygii_Perciformes_Centrarchidae_Ambloplites_rupestris/07ea2ee7-1969-4c8e-9825-2a0b454fae69.jpg,143,145,0.009598498931554306,False,False,"[145, 100, 334, 294, 95]"
val/02799_Animalia_Chordata_Actinopterygii_Perciformes_Centrarchidae_Ambloplites_rupestris/1b2ead8f-5813-4832-a31c-5721a9cf38b8.jpg,143,104,0.00945210236070815,False,False,"[104, 56, 494, 16, 300]"
val/02799_Animalia_Chordata_Actinopterygii_Perciformes_Centrarchidae_Ambloplites_rupestris/34ca0a87-26ce-412f-be22-a71fc66d1e90.jpg,143,87,0.02190997827743593,False,False,"[87, 252, 45, 236, 89]"
val/02799_Animalia_Chordata_Actinopterygii_Perciformes_Centrarchidae_Ambloplites_rupestris/3c622541-985a-4cf2-9260-fbd72c47db64.jpg,143,295,0.014026977062562859,False,False,"[295, 283, 441, 167, 445]"
val/02799_Animalia_Chordata_Actinopterygii_Perciformes_Centrarchidae_Ambloplites_rupestris/4af14cd3-a40b-4889-8dad-c84e72edef46.jpg,143,333,0.01487999939649885,False,False,"[333, 224, 45, 92, 249]"
val/02799_Animalia_Chordata_Actinopterygii_Perciformes_Centrarchidae_Ambloplites_rupestris/a47cd962-698e-411c-b267-a186921efbc5.jpg,143,348,0.009971039091507539,False,False,"[348, 160, 386, 136, 344]"
val/02799_Animalia_Chordata_Actinopterygii_Perciformes_Centrarchidae_Ambloplites_rupestris/af2c7851-0291-4dcf-a481-05c0d3309d86.jpg,143,433,0.015500666316846467,False,False,"[433, 10, 271, 105, 200]"
val/02799_Animalia_Chordata_Actinopterygii_Perciformes_Centrarchidae_Ambloplites_rupestris/ef23ef2a-7992-46ca-81b3-095754f4bd13.jpg,143,410,0.015377881731374178,False,False,"[410, 335, 303, 464, 325]"
val/02799_Animalia_Chordata_Actinopterygii_Perciformes_Centrarchidae_Ambloplites_rupestris/f4b67739-0bd2-4949-9722-67fe8cb61cf4.jpg,143,82,0.01980978196829108,False,False,"[82, 64, 196, 52, 62]"
val/02799_Animalia_Chordata_Actinopterygii_Perciformes_Centrarchidae_Ambloplites_rupestris/fefeb990-5889-4858-9085-9167e3a8cf4a.jpg,143,337,0.015734779096292475,False,False,"[337, 432, 15, 257, 194]"
val/02811_Animalia_Chordata_Actinopterygii_Perciformes_Chaetodontidae_Chaetodon_auriga/24e82761-f5ed-4a39-8293-ae444763576f.jpg,144,274,0.021637691454057358,False,False,"[274, 308, 197, 172, 138]"
val/02811_Animalia_Chordata_Actinopterygii_Perciformes_Chaetodontidae_Chaetodon_auriga/33e04807-f912-4d69-abd3-3b1b40daf430.jpg,144,335,0.009300709688217152,False,False,"[335, 250, 249, 279, 261]"
val/02811_Animalia_Chordata_Actinopterygii_Perciformes_Chaetodontidae_Chaetodon_auriga/66bef39f-17bb-424c-8630-8755ae11e901.jpg,144,226,0.009339159215408344,False,False,"[226, 179, 328, 232, 359]"
val/02811_Animalia_Chordata_Actinopterygii_Perciformes_Chaetodontidae_Chaetodon_auriga/73087c34-0a9d-46b0-9031-7f397ec8f734.jpg,144,284,0.01562737460071896,False,False,"[284, 152, 258, 104, 20]"
val/02811_Animalia_Chordata_Actinopterygii_Perciformes_Chaetodontidae_Chaetodon_auriga/8c2a8302-96de-48d7-bdd3-925cbdad82a9.jpg,144,54,0.009169471688750722,False,False,"[54, 184, 242, 60, 14]"
val/02811_Animalia_Chordata_Actinopterygii_Perciformes_Chaetodontidae_Chaetodon_auriga/8fe359b5-75a9-4884-9a72-4a9cec471f98.jpg,144,146,0.015582391277138159,False,False,"[146, 352, 360, 448, 395]"
val/02811_Animalia_Chordata_Actinopterygii_Perciformes_Chaetodontidae_Chaetodon_auriga/936ae114-6aae-40c4-bd94-2c8b60106a53.jpg,144,40,0.026503664143943784,False,False,"[40, 248, 172, 191, 61]"
val/02811_Animalia_Chordata_Actinopterygii_Perciformes_Chaetodontidae_Chaetodon_auriga/d9a5360d-948f-4044-9fbb-ad0ab8363433.jpg,144,352,0.017116982522778657,False,False,"[352, 480, 403, 381, 326]"
val/02811_Animalia_Chordata_Actinopterygii_Perciformes_Chaetodontidae_Chaetodon_auriga/e1130931-51f1-4d5d-8400-2c5f4e07bfb0.jpg,144,491,0.010942475126496185,False,False,"[491, 480, 467, 354, 438]"
val/02811_Animalia_Chordata_Actinopterygii_Perciformes_Chaetodontidae_Chaetodon_auriga/f35ba298-5d7c-4db1-aaf9-a1d3e1639839.jpg,144,462,0.015289099456455573,False,False,"[462, 149, 282, 427, 460]"
val/02843_Animalia_Chordata_Actinopterygii_Perciformes_Labridae_Thalassoma_bifasciatum/2b000842-6212-4688-a6f1-3d99dca3b702.jpg,145,37,0.00956468694124244,False,False,"[37, 414, 301, 211, 134]"
val/02843_Animalia_Chordata_Actinopterygii_Perciformes_Labridae_Thalassoma_bifasciatum/3ff13a99-6051-4c0c-a8db-5d6367ca0b0f.jpg,145,343,0.009289314773716088,False,False,"[343, 242, 349, 486, 402]"
val/02843_Animalia_Chordata_Actinopterygii_Perciformes_Labridae_Thalassoma_bifasciatum/71062146-eee3-4853-a7e8-fd6c21a26c29.jpg,145,180,0.011851308163811386,False,False,"[180, 184, 76, 73, 203]"
val/02843_Animalia_Chordata_Actinopterygii_Perciformes_Labridae_Thalassoma_bifasciatum/8f6f326f-3a6e-42d1-9c9a-25de00eed0e8.jpg,145,384,0.009483832154388472,False,False,"[384, 392, 450, 101, 433]"
val/02843_Animalia_Chordata_Actinopterygii_Perciformes_Labridae_Thalassoma_bifasciatum/92325dc5-3b61-4e0f-8458-c8098e003e60.jpg,145,398,0.01480384533501895,False,False,"[398, 289, 410, 298, 386]"
val/02843_Animalia_Chordata_Actinopterygii_Perciformes_Labridae_Thalassoma_bifasciatum/987253c2-dd8a-4aa3-a96c-4da4ac0573cb.jpg,145,485,0.015459354425613095,False,False,"[485, 22, 289, 211, 35]"
val/02843_Animalia_Chordata_Actinopterygii_Perciformes_Labridae_Thalassoma_bifasciatum/ab6e5e87-3e4d-4958-8bbd-4c2f3f6c75e9.jpg,145,140,0.04614262379001072,False,False,"[140, 139, 120, 180, 159]"
val/02843_Animalia_Chordata_Actinopterygii_Perciformes_Labridae_Thalassoma_bifasciatum/da977606-0a40-4e49-a595-2b4ae5c9233b.jpg,145,471,0.00922274795205477,False,False,"[471, 404, 28, 413, 352]"
val/02843_Animalia_Chordata_Actinopterygii_Perciformes_Labridae_Thalassoma_bifasciatum/daf5d813-6ad0-41b0-ac86-6eff1e1e12e1.jpg,145,453,0.015572209339170794,False,True,"[453, 360, 145, 24, 352]"
val/02843_Animalia_Chordata_Actinopterygii_Perciformes_Labridae_Thalassoma_bifasciatum/e27a904e-4173-4035-8536-bdf0e9ebd6d5.jpg,145,80,0.015333057707637364,False,False,"[80, 362, 333, 338, 355]"
val/02844_Animalia_Chordata_Actinopterygii_Perciformes_Labridae_Thalassoma_hardwicke/0b0f511e-31ba-42d0-87fd-24c6f4d58cff.jpg,146,234,0.021430012372251613,False,False,"[234, 176, 140, 85, 130]"
val/02844_Animalia_Chordata_Actinopterygii_Perciformes_Labridae_Thalassoma_hardwicke/2c88d49f-c387-4347-b6cb-5427a704289e.jpg,146,377,0.01547086141165499,False,False,"[377, 420, 325, 341, 326]"
val/02844_Animalia_Chordata_Actinopterygii_Perciformes_Labridae_Thalassoma_hardwicke/321d8e63-b361-400c-80cd-8fe41bc7ace8.jpg,146,380,0.012069060444565698,False,False,"[380, 404, 453, 387, 413]"
val/02844_Animalia_Chordata_Actinopterygii_Perciformes_Labridae_Thalassoma_hardwicke/662a6860-abe1-4cec-bedf-3d3db0fdd8fa.jpg,146,412,0.024617208995322222,False,False,"[412, 403, 313, 327, 353]"
val/02844_Animalia_Chordata_Actinopterygii_Perciformes_Labridae_Thalassoma_hardwicke/8f945606-5e0e-4226-88e9-2d6b6623b982.jpg,146,174,0.01833278350719503,False,False,"[174, 162, 192, 225, 196]"
val/02844_Animalia_Chordata_Actinopterygii_Perciformes_Labridae_Thalassoma_hardwicke/96ae2516-541a-4675-9fd1-71d72568f5cb.jpg,146,410,0.018665889418751316,False,False,"[410, 398, 445, 413, 436]"
val/02844_Animalia_Chordata_Actinopterygii_Perciformes_Labridae_Thalassoma_hardwicke/ce51b36a-335c-49a2-9716-3a274f6eae92.jpg,146,21,0.00927625666271191,False,False,"[21, 443, 378, 141, 255]"
val/02844_Animalia_Chordata_Actinopterygii_Perciformes_Labridae_Thalassoma_hardwicke/ced25121-d970-4129-9654-88e15a85d795.jpg,146,384,0.009635069159294822,False,False,"[384, 413, 277, 341, 29]"
val/02844_Animalia_Chordata_Actinopterygii_Perciformes_Labridae_Thalassoma_hardwicke/d9f33d73-dff9-436b-a4e5-a905698860b2.jpg,146,447,0.015372720184971241,False,False,"[447, 141, 373, 308, 468]"
val/02844_Animalia_Chordata_Actinopterygii_Perciformes_Labridae_Thalassoma_hardwicke/df3b2545-946e-4125-ae1d-284b1613d63f.jpg,146,146,0.015435355504388132,True,True,"[146, 158, 28, 60, 307]"
val/02852_Animalia_Chordata_Actinopterygii_Perciformes_Moronidae_Morone_americana/16895d71-d4b8-4122-9825-434fc9732290.jpg,147,215,0.015621350175089456,False,False,"[215, 203, 90, 243, 269]"
val/02852_Animalia_Chordata_Actinopterygii_Perciformes_Moronidae_Morone_americana/4f252ef8-8073-4e1e-886e-2331fa6b41a3.jpg,147,62,0.010126521516310393,False,False,"[62, 188, 13, 283, 277]"
val/02852_Animalia_Chordata_Actinopterygii_Perciformes_Moronidae_Morone_americana/596b50a5-f8dc-4289-8525-c29f5e1bb4ab.jpg,147,87,0.016930980280807553,False,False,"[87, 62, 82, 119, 140]"
val/02852_Animalia_Chordata_Actinopterygii_Perciformes_Moronidae_Morone_americana/5a68e437-f745-4abe-956d-6e0f8cbeb3cb.jpg,147,237,0.008652854679652447,False,False,"[237, 190, 273, 121, 63]"
val/02852_Animalia_Chordata_Actinopterygii_Perciformes_Moronidae_Morone_americana/5f09de92-f9ee-4b87-919a-122477012247.jpg,147,134,0.016888002345701918,False,False,"[134, 151, 385, 53, 109]"
val/02852_Animalia_Chordata_Actinopterygii_Perciformes_Moronidae_Morone_americana/6da65a79-2920-416b-9ead-34dc699af6f3.jpg,147,422,0.022311317124147148,False,False,"[422, 334, 216, 406, 161]"
val/02852_Animalia_Chordata_Actinopterygii_Perciformes_Moronidae_Morone_americana/9f870fad-9c87-4dde-b170-9c31662ab4c8.jpg,147,236,0.01188846564341354,False,False,"[236, 113, 23, 226, 274]"
val/02852_Animalia_Chordata_Actinopterygii_Perciformes_Moronidae_Morone_americana/c4b811f2-1225-4f7f-add8-a60d5a617480.jpg,147,43,0.010263794689251244,False,False,"[43, 25, 136, 224, 44]"
val/02852_Animalia_Chordata_Actinopterygii_Perciformes_Moronidae_Morone_americana/ec7cad40-aad2-41db-9e3d-f3ab469574bd.jpg,147,243,0.01169061366947341,False,False,"[243, 185, 228, 169, 123]"
val/02852_Animalia_Chordata_Actinopterygii_Perciformes_Moronidae_Morone_americana/f01e9fc6-0e0a-4f29-ae29-6f77c91c343c.jpg,147,86,0.011388942030107404,False,False,"[86, 119, 188, 274, 286]"
val/02859_Animalia_Chordata_Actinopterygii_Perciformes_Percidae_Perca_fluviatilis/467d325b-1868-4efe-a273-d2b85a2c76e1.jpg,148,4,0.016632868715424236,False,False,"[4, 162, 345, 142, 178]"
val/02859_Animalia_Chordata_Actinopterygii_Perciformes_Percidae_Perca_fluviatilis/6ddce1c3-8c34-482a-87ac-944eab9137ee.jpg,148,241,0.021714014647390263,False,False,"[241, 180, 228, 203, 4]"
val/02859_Animalia_Chordata_Actinopterygii_Perciformes_Percidae_Perca_fluviatilis/8571df9c-698b-49a4-8dd9-f410ef6bb1cb.jpg,148,270,0.008885237941770537,False,False,"[270, 15, 425, 190, 234]"
val/02859_Animalia_Chordata_Actinopterygii_Perciformes_Percidae_Perca_fluviatilis/a2fc2ead-24cd-4cfc-9d87-d4cf61692937.jpg,148,325,0.009053534599013379,False,False,"[325, 350, 347, 297, 323]"
val/02859_Animalia_Chordata_Actinopterygii_Perciformes_Percidae_Perca_fluviatilis/a6084e42-1f91-4e68-af63-45b10712e8a3.jpg,148,221,0.009448856336380951,False,False,"[221, 161, 258, 240, 288]"
val/02859_Animalia_Chordata_Actinopterygii_Perciformes_Percidae_Perca_fluviatilis/a66ba8d5-4915-4ee0-bec9-43944d48fef7.jpg,148,185,0.04303349646279352,False,False,"[185, 172, 155, 171, 160]"
val/02859_Animalia_Chordata_Actinopterygii_Perciformes_Percidae_Perca_fluviatilis/b3332003-c9fc-439c-bebe-ee32fcc08938.jpg,148,438,0.010068383758180517,False,False,"[438, 315, 234, 469, 449]"
val/02859_Animalia_Chordata_Actinopterygii_Perciformes_Percidae_Perca_fluviatilis/d3e4b849-997b-4325-93f1-099b69e5cccc.jpg,148,63,0.02403836217155553,False,False,"[63, 6, 188, 66, 178]"
val/02859_Animalia_Chordata_Actinopterygii_Perciformes_Percidae_Perca_fluviatilis/e149e3fc-b0c6-4fa2-9d54-2fbcc08e69ed.jpg,148,53,0.017491871744599312,False,False,"[53, 242, 332, 135, 139]"
val/02859_Animalia_Chordata_Actinopterygii_Perciformes_Percidae_Perca_fluviatilis/e25c7135-108d-444b-88a5-f7524c8186ce.jpg,148,123,0.01484681523450423,False,False,"[123, 329, 125, 475, 324]"
val/02944_Animalia_Chordata_Amphibia_Anura_Bufonidae_Anaxyrus_cognatus/06a0551b-7c63-45c4-8167-8ba48c5a7ea8.jpg,149,19,0.015359824601911732,False,False,"[19, 499, 102, 167, 119]"
val/02944_Animalia_Chordata_Amphibia_Anura_Bufonidae_Anaxyrus_cognatus/0ea5eae2-7be7-4f83-ac58-c92d7b732255.jpg,149,86,0.014178377625564524,False,False,"[86, 90, 180, 153, 147]"
val/02944_Animalia_Chordata_Amphibia_Anura_Bufonidae_Anaxyrus_cognatus/1c3644dd-5e6a-46e1-a3ed-71bc703d21ba.jpg,149,479,0.009353659504865487,False,False,"[479, 493, 489, 101, 370]"
val/02944_Animalia_Chordata_Amphibia_Anura_Bufonidae_Anaxyrus_cognatus/1e075ae9-4730-4ba8-8674-b6a2753772d9.jpg,149,499,0.010178154803941308,False,False,"[499, 10, 68, 257, 100]"
val/02944_Animalia_Chordata_Amphibia_Anura_Bufonidae_Anaxyrus_cognatus/4af95ad9-b32e-4bff-9cae-a8e157e2c912.jpg,149,224,0.021848508061120122,False,False,"[224, 141, 232, 268, 270]"
val/02944_Animalia_Chordata_Amphibia_Anura_Bufonidae_Anaxyrus_cognatus/5e26e407-f335-4e3f-9076-0a764680f75d.jpg,149,334,0.033413402344817544,False,False,"[334, 216, 150, 18, 333]"
val/02944_Animalia_Chordata_Amphibia_Anura_Bufonidae_Anaxyrus_cognatus/82391f6c-4d97-416c-93f1-36503dd9e8da.jpg,149,374,0.009492809129134198,False,False,"[374, 472, 320, 426, 492]"
val/02944_Animalia_Chordata_Amphibia_Anura_Bufonidae_Anaxyrus_cognatus/b71f4e17-b499-4164-af59-0bf339e8d536.jpg,149,392,0.009854927165756647,False,False,"[392, 499, 405, 482, 369]"
val/02944_Animalia_Chordata_Amphibia_Anura_Bufonidae_Anaxyrus_cognatus/e0c754b5-7a90-4043-a379-3a48f595f384.jpg,149,92,0.012763272880816409,False,False,"[92, 49, 249, 253, 496]"
val/02944_Animalia_Chordata_Amphibia_Anura_Bufonidae_Anaxyrus_cognatus/fda94c7d-ec00-4d1c-9f80-0327764c3863.jpg,149,244,0.018039497605284543,False,False,"[244, 140, 142, 205, 139]"
val/02947_Animalia_Chordata_Amphibia_Anura_Bufonidae_Anaxyrus_quercicus/01d775c3-ec8f-4f16-9d39-e3a9b932273e.jpg,150,130,0.010000165897519009,False,False,"[130, 3, 333, 155, 481]"
val/02947_Animalia_Chordata_Amphibia_Anura_Bufonidae_Anaxyrus_quercicus/0f11aff0-e170-47bb-8a71-867d88579411.jpg,150,404,0.01618665723327293,False,False,"[404, 360, 365, 405, 459]"
val/02947_Animalia_Chordata_Amphibia_Anura_Bufonidae_Anaxyrus_quercicus/141529b5-d19e-4dc3-b965-579d4aa39dbb.jpg,150,55,0.012414756115011416,False,False,"[55, 51, 85, 23, 49]"
val/02947_Animalia_Chordata_Amphibia_Anura_Bufonidae_Anaxyrus_quercicus/23df4989-df5c-4d5b-bda9-cedcf009823e.jpg,150,41,0.010114297407079819,False,False,"[41, 249, 8, 163, 228]"
val/02947_Animalia_Chordata_Amphibia_Anura_Bufonidae_Anaxyrus_quercicus/29067a30-9457-4859-9f81-ec35640be655.jpg,150,327,0.011814641682477233,False,False,"[327, 246, 161, 73, 34]"
val/02947_Animalia_Chordata_Amphibia_Anura_Bufonidae_Anaxyrus_quercicus/5116c906-690a-4548-b85d-d1d354acacfc.jpg,150,476,0.019277780811288156,False,False,"[476, 306, 311, 434, 455]"
val/02947_Animalia_Chordata_Amphibia_Anura_Bufonidae_Anaxyrus_quercicus/561bd891-f82b-42a2-bd3e-03eed4da49fc.jpg,150,437,0.009988001539729114,False,False,"[437, 367, 444, 385, 314]"
val/02947_Animalia_Chordata_Amphibia_Anura_Bufonidae_Anaxyrus_quercicus/65ed9a8c-a774-4ad0-b888-1ecdc776ec4b.jpg,150,329,0.014181795240142143,False,False,"[329, 476, 314, 273, 139]"
val/02947_Animalia_Chordata_Amphibia_Anura_Bufonidae_Anaxyrus_quercicus/a3f44073-f8f8-4158-8885-0e27d48c1645.jpg,150,380,0.01990442438860927,False,False,"[380, 417, 373, 482, 494]"
val/02947_Animalia_Chordata_Amphibia_Anura_Bufonidae_Anaxyrus_quercicus/ef72aafb-fe4c-48ec-a578-088711db3b9b.jpg,150,303,0.00992171945753666,False,False,"[303, 27, 73, 182, 279]"
val/02973_Animalia_Chordata_Amphibia_Anura_Craugastoridae_Pristimantis_achatinus/0321d0ab-e89e-4498-880b-27b6c2c1fc90.jpg,151,55,0.011825870942215991,False,False,"[55, 82, 184, 87, 160]"
val/02973_Animalia_Chordata_Amphibia_Anura_Craugastoridae_Pristimantis_achatinus/0c84f3e9-bcb6-4827-abbf-1701fe3ba82a.jpg,151,86,0.019270179600097047,False,False,"[86, 55, 64, 92, 118]"
val/02973_Animalia_Chordata_Amphibia_Anura_Craugastoridae_Pristimantis_achatinus/1064d227-c1bc-4aca-8372-3c559c7cfa99.jpg,151,464,0.009907836826195374,False,False,"[464, 156, 273, 389, 53]"
val/02973_Animalia_Chordata_Amphibia_Anura_Craugastoridae_Pristimantis_achatinus/12d0f183-1f1e-417c-b54f-4559f67b123c.jpg,151,81,0.009499093675498217,False,False,"[81, 45, 19, 103, 244]"
val/02973_Animalia_Chordata_Amphibia_Anura_Craugastoridae_Pristimantis_achatinus/190bbddc-5ad1-4238-8666-f412d6e1eddc.jpg,151,154,0.015904239740517176,False,False,"[154, 415, 465, 466, 240]"
val/02973_Animalia_Chordata_Amphibia_Anura_Craugastoridae_Pristimantis_achatinus/46200390-14c0-4cb4-bd26-89d30c864f6f.jpg,151,335,0.010125273469285948,False,False,"[335, 259, 10, 221, 200]"
val/02973_Animalia_Chordata_Amphibia_Anura_Craugastoridae_Pristimantis_achatinus/5a4a443f-c67a-4d89-84c6-89afebd54ca8.jpg,151,297,0.010066486047267403,False,False,"[297, 259, 295, 494, 499]"
val/02973_Animalia_Chordata_Amphibia_Anura_Craugastoridae_Pristimantis_achatinus/6a66b043-4499-49db-aa22-40aa36093359.jpg,151,56,0.016692539214583232,False,False,"[56, 374, 119, 92, 129]"
val/02973_Animalia_Chordata_Amphibia_Anura_Craugastoridae_Pristimantis_achatinus/6ad502df-2987-4611-83b4-adc2f9385def.jpg,151,179,0.009834914592617504,False,False,"[179, 206, 130, 423, 27]"
val/02973_Animalia_Chordata_Amphibia_Anura_Craugastoridae_Pristimantis_achatinus/70d85b2b-0728-4b61-aeb1-f9164fb4c85c.jpg,151,469,0.010071824008113467,False,False,"[469, 405, 426, 431, 42]"
val/02974_Animalia_Chordata_Amphibia_Anura_Dendrobatidae_Dendrobates_auratus/31098f4f-e75c-4250-8981-eb5532476c21.jpg,152,373,0.01699029891799691,False,False,"[373, 421, 36, 315, 262]"
val/02974_Animalia_Chordata_Amphibia_Anura_Dendrobatidae_Dendrobates_auratus/61e7fc93-4498-45f8-8e96-24e0d65e0738.jpg,152,409,0.009536587750974752,False,False,"[409, 301, 414, 454, 383]"
val/02974_Animalia_Chordata_Amphibia_Anura_Dendrobatidae_Dendrobates_auratus/6ca2b6b8-5db3-4849-b4a5-e7728401942d.jpg,152,47,0.02809980162412735,False,False,"[47, 86, 9, 62, 279]"
val/02974_Animalia_Chordata_Amphibia_Anura_Dendrobatidae_Dendrobates_auratus/932c1b91-2d33-4567-bbdd-00c691b50dcc.jpg,152,410,0.01607973565977179,False,False,"[410, 370, 390, 493, 107]"
val/02974_Animalia_Chordata_Amphibia_Anura_Dendrobatidae_Dendrobates_auratus/aacc11e8-365d-48ed-8dd3-6d3703fad2b9.jpg,152,255,0.009372940716851751,False,False,"[255, 239, 302, 338, 257]"
val/02974_Animalia_Chordata_Amphibia_Anura_Dendrobatidae_Dendrobates_auratus/b82d02b9-8809-4d27-aff4-68f541492447.jpg,152,222,0.01599910742949591,False,False,"[222, 13, 210, 273, 426]"
val/02974_Animalia_Chordata_Amphibia_Anura_Dendrobatidae_Dendrobates_auratus/c80b3195-788c-46ad-bed8-768db0b13d77.jpg,152,304,0.009582532605730694,False,False,"[304, 316, 167, 79, 436]"
val/02974_Animalia_Chordata_Amphibia_Anura_Dendrobatidae_Dendrobates_auratus/d1833801-286a-4e90-ae95-850f723a37b5.jpg,152,405,0.015288371084690852,False,False,"[405, 103, 465, 340, 112]"
val/02974_Animalia_Chordata_Amphibia_Anura_Dendrobatidae_Dendrobates_auratus/f7671b2f-066d-413f-b500-f15adc2fd468.jpg,152,360,0.010224901887866093,False,False,"[360, 375, 338, 398, 263]"
val/02974_Animalia_Chordata_Amphibia_Anura_Dendrobatidae_Dendrobates_auratus/ff71f734-1ed5-48af-ab1e-c42ae6ef0342.jpg,152,326,0.015930224957031273,False,False,"[326, 303, 456, 450, 100]"
val/03005_Animalia_Chordata_Amphibia_Anura_Hylidae_Trachycephalus_typhonius/223dd2ff-ea03-4cd0-8935-2b0a0d121255.jpg,153,114,0.01537233911745054,False,False,"[114, 62, 247, 163, 81]"
val/03005_Animalia_Chordata_Amphibia_Anura_Hylidae_Trachycephalus_typhonius/377f7f19-9be4-45d5-830f-819c7ea62d1b.jpg,153,87,0.03700234740129267,False,False,"[87, 56, 84, 117, 92]"
val/03005_Animalia_Chordata_Amphibia_Anura_Hylidae_Trachycephalus_typhonius/75644f18-e74c-4501-8bb0-e0a294184517.jpg,153,466,0.02178997945986367,False,False,"[466, 92, 473, 207, 340]"
val/03005_Animalia_Chordata_Amphibia_Anura_Hylidae_Trachycephalus_typhonius/9b467ee2-1ac0-4d1a-a04a-92debb2a3f52.jpg,153,85,0.00970018928803511,False,True,"[85, 159, 169, 135, 153]"
val/03005_Animalia_Chordata_Amphibia_Anura_Hylidae_Trachycephalus_typhonius/9bb2875b-e58c-46e4-b569-5aaae8ceefc0.jpg,153,147,0.015993603653508225,False,False,"[147, 62, 128, 182, 129]"
val/03005_Animalia_Chordata_Amphibia_Anura_Hylidae_Trachycephalus_typhonius/be410064-d781-4c7d-bf0a-2082259e517e.jpg,153,40,0.018855438775027124,False,False,"[40, 123, 181, 26, 147]"
val/03005_Animalia_Chordata_Amphibia_Anura_Hylidae_Trachycephalus_typhonius/e0123241-67f7-47d0-9696-3a0e0bf7fc8e.jpg,153,122,0.0164286130546705,False,False,"[122, 264, 311, 133, 183]"
val/03005_Animalia_Chordata_Amphibia_Anura_Hylidae_Trachycephalus_typhonius/e375a33d-b2d0-4362-bead-cc6fd1b0f92a.jpg,153,115,0.009511494856483277,False,False,"[115, 222, 96, 282, 253]"
val/03005_Animalia_Chordata_Amphibia_Anura_Hylidae_Trachycephalus_typhonius/ede0bfdb-37fa-44f1-85d4-7499146803f9.jpg,153,18,0.017493620966117285,False,False,"[18, 160, 148, 5, 196]"
val/03005_Animalia_Chordata_Amphibia_Anura_Hylidae_Trachycephalus_typhonius/f2ba76c0-8c73-4002-a5d3-3692e537712f.jpg,153,178,0.010045306590357123,False,False,"[178, 264, 251, 442, 138]"
val/03085_Animalia_Chordata_Amphibia_Caudata_Plethodontidae_Eurycea_lucifuga/0c4666a1-0994-4204-a412-feb88f9e8a05.jpg,154,75,0.017890653012336732,False,False,"[75, 236, 159, 174, 281]"
val/03085_Animalia_Chordata_Amphibia_Caudata_Plethodontidae_Eurycea_lucifuga/44a73a59-5941-4ff8-b942-d6e3620b27f8.jpg,154,158,0.0152680185568624,False,False,"[158, 272, 269, 9, 276]"
val/03085_Animalia_Chordata_Amphibia_Caudata_Plethodontidae_Eurycea_lucifuga/65d76daa-1e63-4c53-88ab-87c09636238f.jpg,154,213,0.01606172800317065,False,False,"[213, 139, 174, 181, 176]"
val/03085_Animalia_Chordata_Amphibia_Caudata_Plethodontidae_Eurycea_lucifuga/669ad711-a8e9-4671-b753-fdb2a32a46de.jpg,154,156,0.010070666984797395,False,False,"[156, 45, 136, 234, 176]"
val/03085_Animalia_Chordata_Amphibia_Caudata_Plethodontidae_Eurycea_lucifuga/9350f72c-1583-46d8-a9f2-ceb4a8c3d74e.jpg,154,177,0.010421083121023304,False,False,"[177, 385, 198, 261, 173]"
val/03085_Animalia_Chordata_Amphibia_Caudata_Plethodontidae_Eurycea_lucifuga/c9a04ffe-edf9-4db0-80a9-8bd28fbf6afe.jpg,154,219,0.010746791335229275,False,False,"[219, 240, 32, 129, 262]"
val/03085_Animalia_Chordata_Amphibia_Caudata_Plethodontidae_Eurycea_lucifuga/d2f30968-0b59-42db-a606-f18cc39c4f6d.jpg,154,228,0.014011795302467194,False,False,"[228, 377, 371, 268, 447]"
val/03085_Animalia_Chordata_Amphibia_Caudata_Plethodontidae_Eurycea_lucifuga/d4b38590-a031-45a1-a370-12e2a422ca56.jpg,154,141,0.009493360952981705,False,False,"[141, 256, 416, 322, 366]"
val/03085_Animalia_Chordata_Amphibia_Caudata_Plethodontidae_Eurycea_lucifuga/e6fc9d31-c524-4aef-a9d2-ba9fc5899c09.jpg,154,169,0.009909570522259627,False,False,"[169, 117, 57, 270, 64]"
val/03085_Animalia_Chordata_Amphibia_Caudata_Plethodontidae_Eurycea_lucifuga/f498e7c0-9944-47b7-9a6c-468fa79b9ef8.jpg,154,453,0.024527579500643593,False,False,"[453, 369, 290, 131, 409]"
val/03090_Animalia_Chordata_Amphibia_Caudata_Plethodontidae_Plethodon_cinereus/1b256cc1-cdc0-4a33-b285-20b825c4a7a4.jpg,155,218,0.015460800359744349,False,False,"[218, 400, 387, 401, 415]"
val/03090_Animalia_Chordata_Amphibia_Caudata_Plethodontidae_Plethodon_cinereus/1f995f41-2d7e-4131-ba93-44ac40c1eda8.jpg,155,71,0.01561827124332199,False,False,"[71, 293, 321, 25, 19]"
val/03090_Animalia_Chordata_Amphibia_Caudata_Plethodontidae_Plethodon_cinereus/4e026e83-8b34-4640-9317-bcf46aeee941.jpg,155,45,0.014981607661329601,False,False,"[45, 303, 240, 202, 493]"
val/03090_Animalia_Chordata_Amphibia_Caudata_Plethodontidae_Plethodon_cinereus/4e737434-64bd-4a4f-9dd0-63e4a1138ae6.jpg,155,466,0.009280981940304365,False,False,"[466, 259, 220, 243, 209]"
val/03090_Animalia_Chordata_Amphibia_Caudata_Plethodontidae_Plethodon_cinereus/69c567e5-4188-446e-998e-010baa5cef05.jpg,155,354,0.011174395801558119,False,False,"[354, 460, 430, 336, 316]"
val/03090_Animalia_Chordata_Amphibia_Caudata_Plethodontidae_Plethodon_cinereus/7aed249e-83ae-41da-aae4-088a3161dece.jpg,155,299,0.016667931005518995,False,False,"[299, 479, 478, 143, 27]"
val/03090_Animalia_Chordata_Amphibia_Caudata_Plethodontidae_Plethodon_cinereus/873e4f21-bd62-48d0-bd4b-52ac7409f278.jpg,155,368,0.009655913571291676,False,False,"[368, 307, 333, 342, 191]"
val/03090_Animalia_Chordata_Amphibia_Caudata_Plethodontidae_Plethodon_cinereus/8b032fa0-88ae-4f8f-ad45-96fb05c79dcb.jpg,155,147,0.010213190527744189,False,False,"[147, 213, 189, 113, 198]"
val/03090_Animalia_Chordata_Amphibia_Caudata_Plethodontidae_Plethodon_cinereus/9698a2e2-0365-43ce-835b-bff05cfea800.jpg,155,235,0.00916217550046705,False,False,"[235, 82, 46, 193, 78]"
val/03090_Animalia_Chordata_Amphibia_Caudata_Plethodontidae_Plethodon_cinereus/eb63b104-d814-4909-a0da-01f0e87af6d0.jpg,155,53,0.009271294939774462,False,False,"[53, 409, 196, 20, 459]"
val/03092_Animalia_Chordata_Amphibia_Caudata_Plethodontidae_Plethodon_dorsalis/1d85e5af-2d83-4e1d-99a0-3daac6a643d5.jpg,156,334,0.028207379654592822,False,False,"[334, 248, 406, 197, 242]"
val/03092_Animalia_Chordata_Amphibia_Caudata_Plethodontidae_Plethodon_dorsalis/22a73cbf-91ab-4732-8014-73b01ab40c83.jpg,156,301,0.00997416962073646,False,False,"[301, 490, 484, 375, 130]"
val/03092_Animalia_Chordata_Amphibia_Caudata_Plethodontidae_Plethodon_dorsalis/2d49edc0-7a6a-41a9-baf2-719f1787eb31.jpg,156,295,0.009572815704574947,False,False,"[295, 422, 141, 224, 240]"
val/03092_Animalia_Chordata_Amphibia_Caudata_Plethodontidae_Plethodon_dorsalis/4932bce4-95f9-4673-972b-1d4ce47e13e8.jpg,156,167,0.009312535711882876,False,False,"[167, 177, 186, 165, 247]"
val/03092_Animalia_Chordata_Amphibia_Caudata_Plethodontidae_Plethodon_dorsalis/7fc12664-b58f-4656-b498-df5f447041ee.jpg,156,299,0.009379430137226343,False,False,"[299, 415, 409, 287, 436]"
val/03092_Animalia_Chordata_Amphibia_Caudata_Plethodontidae_Plethodon_dorsalis/8cd4e8d0-9dfa-4fa4-8ef2-ad207251f330.jpg,156,485,0.01038782593870637,False,False,"[485, 337, 308, 359, 361]"
val/03092_Animalia_Chordata_Amphibia_Caudata_Plethodontidae_Plethodon_dorsalis/adec7bd7-13fc-4327-a3d8-e24fe08837b6.jpg,156,221,0.008490250014948826,False,False,"[221, 13, 165, 301, 449]"
val/03092_Animalia_Chordata_Amphibia_Caudata_Plethodontidae_Plethodon_dorsalis/b8bbe15d-651a-42f6-99a6-5fbac44827a2.jpg,156,259,0.009703388555276365,False,False,"[259, 399, 319, 462, 33]"
val/03092_Animalia_Chordata_Amphibia_Caudata_Plethodontidae_Plethodon_dorsalis/e6404fa5-664d-4a3b-9c7b-e59c7792cd3a.jpg,156,153,0.009329743894922037,False,False,"[153, 287, 247, 52, 21]"
val/03092_Animalia_Chordata_Amphibia_Caudata_Plethodontidae_Plethodon_dorsalis/ed385c26-3b74-471a-80a4-b19583a9f18e.jpg,156,75,0.01171988990546601,False,False,"[75, 252, 49, 66, 62]"
val/03103_Animalia_Chordata_Amphibia_Caudata_Salamandridae_Salamandrina_perspicillata/23e36ffa-eb5b-4169-96d0-79e730a3a9ce.jpg,157,251,0.015612196754617258,False,False,"[251, 268, 279, 319, 458]"
val/03103_Animalia_Chordata_Amphibia_Caudata_Salamandridae_Salamandrina_perspicillata/25cf0270-d8bf-4cde-b119-725a226fc6f9.jpg,157,470,0.011119203323467686,False,False,"[470, 141, 451, 350, 322]"
val/03103_Animalia_Chordata_Amphibia_Caudata_Salamandridae_Salamandrina_perspicillata/45a5ce67-e135-43a7-8e97-f784707e4292.jpg,157,495,0.006965782926437083,False,False,"[495, 329, 327, 334, 221]"
val/03103_Animalia_Chordata_Amphibia_Caudata_Salamandridae_Salamandrina_perspicillata/51572d54-9c8f-4cdc-b227-2374f1cc0dcd.jpg,157,407,0.015044769990262014,False,False,"[407, 295, 479, 210, 460]"
val/03103_Animalia_Chordata_Amphibia_Caudata_Salamandridae_Salamandrina_perspicillata/76a24775-8a02-4175-8e83-f8f298779691.jpg,157,85,0.011246762970690077,False,False,"[85, 211, 230, 212, 130]"
val/03103_Animalia_Chordata_Amphibia_Caudata_Salamandridae_Salamandrina_perspicillata/7a1a1a53-4673-474b-8443-27a979e61888.jpg,157,94,0.009190495645969257,False,False,"[94, 179, 20, 79, 392]"
val/03103_Animalia_Chordata_Amphibia_Caudata_Salamandridae_Salamandrina_perspicillata/b76d295d-541a-4011-b3a7-064396a933d3.jpg,157,116,0.009836081147160027,False,False,"[116, 118, 384, 106, 190]"
val/03103_Animalia_Chordata_Amphibia_Caudata_Salamandridae_Salamandrina_perspicillata/cb480304-c1f1-47f9-9b64-46e677780f25.jpg,157,138,0.009669031853287657,False,False,"[138, 487, 399, 177, 31]"
val/03103_Animalia_Chordata_Amphibia_Caudata_Salamandridae_Salamandrina_perspicillata/e32ad762-2906-41a5-bd1c-1e68a9bb1054.jpg,157,60,0.010236560473397823,False,False,"[60, 6, 249, 83, 253]"
val/03103_Animalia_Chordata_Amphibia_Caudata_Salamandridae_Salamandrina_perspicillata/e87b5a21-cd3f-4cbb-9710-2d03db1ded2d.jpg,157,497,0.009444475712194617,False,False,"[497, 36, 337, 101, 31]"
val/03122_Animalia_Chordata_Aves_Accipitriformes_Accipitridae_Aquila_rapax/1db1ae0e-9f92-4121-9c4e-3810783ef8fb.jpg,158,176,0.018937006090898174,False,False,"[176, 75, 186, 118, 225]"
val/03122_Animalia_Chordata_Aves_Accipitriformes_Accipitridae_Aquila_rapax/3cabcfac-b7a0-4556-8066-a1e3711c2932.jpg,158,316,0.009428351579806179,False,False,"[316, 200, 459, 448, 223]"
val/03122_Animalia_Chordata_Aves_Accipitriformes_Accipitridae_Aquila_rapax/45331b7e-3a16-4981-8373-49984befb167.jpg,158,277,0.02183399043201011,False,False,"[277, 428, 373, 442, 19]"
val/03122_Animalia_Chordata_Aves_Accipitriformes_Accipitridae_Aquila_rapax/4c108c92-1208-40d1-975b-766264fdf68f.jpg,158,57,0.010056083677959885,False,False,"[57, 45, 83, 406, 269]"
val/03122_Animalia_Chordata_Aves_Accipitriformes_Accipitridae_Aquila_rapax/65b7c902-468b-4ed2-b6e5-db1820ca0901.jpg,158,205,0.012464872509649004,False,True,"[205, 238, 158, 51, 25]"
val/03122_Animalia_Chordata_Aves_Accipitriformes_Accipitridae_Aquila_rapax/963b5cb6-9b5d-4c13-967c-23ab6c8a8d3c.jpg,158,428,0.010056378568357368,False,False,"[428, 474, 217, 468, 414]"
val/03122_Animalia_Chordata_Aves_Accipitriformes_Accipitridae_Aquila_rapax/d03c9f7e-4f00-49a5-a720-98dd625a5e45.jpg,158,331,0.021366482086036184,False,False,"[331, 212, 419, 379, 437]"
val/03122_Animalia_Chordata_Aves_Accipitriformes_Accipitridae_Aquila_rapax/d8201864-1c18-47d1-b160-ea99287548df.jpg,158,55,0.01709030617837423,False,False,"[55, 90, 60, 45, 29]"
val/03122_Animalia_Chordata_Aves_Accipitriformes_Accipitridae_Aquila_rapax/eb592ecd-8392-4f9b-9081-ba810145f060.jpg,158,461,0.015133010019653908,False,False,"[461, 491, 250, 466, 441]"
val/03122_Animalia_Chordata_Aves_Accipitriformes_Accipitridae_Aquila_rapax/fe3e4f86-2f67-4a8d-87cf-e4ed35bac21b.jpg,158,241,0.01046730352725755,False,False,"[241, 40, 96, 236, 278]"
val/03132_Animalia_Chordata_Aves_Accipitriformes_Accipitridae_Buteo_regalis/05577081-d70a-49e9-a0d2-f1c323e35443.jpg,159,246,0.015342365975144275,False,False,"[246, 415, 450, 57, 75]"
val/03132_Animalia_Chordata_Aves_Accipitriformes_Accipitridae_Buteo_regalis/09da3478-70c5-406d-a419-643a578cf326.jpg,159,180,0.047511684934866724,False,False,"[180, 34, 171, 23, 192]"
val/03132_Animalia_Chordata_Aves_Accipitriformes_Accipitridae_Buteo_regalis/1770fa70-2ddd-447f-804d-6dfccc868cee.jpg,159,140,0.011852733274209817,False,False,"[140, 180, 241, 4, 34]"
val/03132_Animalia_Chordata_Aves_Accipitriformes_Accipitridae_Buteo_regalis/22f3aa72-222c-4a94-9701-d91073357f02.jpg,159,59,0.01686467654102706,False,False,"[59, 220, 171, 62, 40]"
val/03132_Animalia_Chordata_Aves_Accipitriformes_Accipitridae_Buteo_regalis/68f147aa-bffb-4805-b355-f592ece6d3f9.jpg,159,88,0.016119843787208238,False,False,"[88, 241, 228, 205, 266]"
val/03132_Animalia_Chordata_Aves_Accipitriformes_Accipitridae_Buteo_regalis/6b93d43f-c435-4492-a3db-1e6d12108339.jpg,159,40,0.01816619808908843,False,False,"[40, 228, 205, 126, 197]"
val/03132_Animalia_Chordata_Aves_Accipitriformes_Accipitridae_Buteo_regalis/8e681501-a9d6-4fe6-ac4d-a7ab1fc81841.jpg,159,176,0.013004259362581982,False,False,"[176, 162, 171, 193, 25]"
val/03132_Animalia_Chordata_Aves_Accipitriformes_Accipitridae_Buteo_regalis/b320d82e-0705-4c40-93b1-c2acb9cf8bcc.jpg,159,235,0.015427913390810595,False,False,"[235, 62, 85, 41, 180]"
val/03132_Animalia_Chordata_Aves_Accipitriformes_Accipitridae_Buteo_regalis/b90eea40-b45e-43c9-b6ff-6c18e1a29d1f.jpg,159,11,0.016163186374336145,False,False,"[11, 169, 55, 57, 224]"
val/03132_Animalia_Chordata_Aves_Accipitriformes_Accipitridae_Buteo_regalis/eaa1ff59-a882-46c3-be3d-bc9b2ac26986.jpg,159,171,0.0871880696399863,False,False,"[171, 160, 180, 36, 23]"
val/03160_Animalia_Chordata_Aves_Accipitriformes_Accipitridae_Haliaeetus_albicilla/02394e50-660a-416a-80e7-9e593ce1921f.jpg,160,227,0.01959038698861889,False,False,"[227, 162, 159, 75, 18]"
val/03160_Animalia_Chordata_Aves_Accipitriformes_Accipitridae_Haliaeetus_albicilla/06f7d170-5453-4993-95ec-cc5a4568935b.jpg,160,159,0.012997767577191602,False,False,"[159, 118, 55, 52, 30]"
val/03160_Animalia_Chordata_Aves_Accipitriformes_Accipitridae_Haliaeetus_albicilla/0a4b5be7-e0e3-456e-9e19-4bcad5cda14e.jpg,160,277,0.015543148424185237,False,False,"[277, 182, 75, 117, 61]"
val/03160_Animalia_Chordata_Aves_Accipitriformes_Accipitridae_Haliaeetus_albicilla/11441194-9b21-4426-a02e-8ba7dca1ea9a.jpg,160,172,0.02724951631908839,False,False,"[172, 241, 247, 197, 216]"
val/03160_Animalia_Chordata_Aves_Accipitriformes_Accipitridae_Haliaeetus_albicilla/789f2781-50ba-49e1-8f3b-fa8bf025df1c.jpg,160,51,0.009099242790730539,False,False,"[51, 179, 360, 240, 423]"
val/03160_Animalia_Chordata_Aves_Accipitriformes_Accipitridae_Haliaeetus_albicilla/7f02c7c7-b434-4c59-8ff1-7dedca33a057.jpg,160,171,0.08909635730350751,False,True,"[171, 160, 180, 58, 34]"
val/03160_Animalia_Chordata_Aves_Accipitriformes_Accipitridae_Haliaeetus_albicilla/b050c36b-44c0-43c7-a2c3-45f5702d05d7.jpg,160,287,0.01665167907746905,False,False,"[287, 63, 62, 117, 181]"
val/03160_Animalia_Chordata_Aves_Accipitriformes_Accipitridae_Haliaeetus_albicilla/bd64a408-8e32-4d29-807a-dd510b993035.jpg,160,221,0.009893173817384722,False,False,"[221, 235, 121, 43, 284]"
val/03160_Animalia_Chordata_Aves_Accipitriformes_Accipitridae_Haliaeetus_albicilla/f2a3c307-2f4c-4804-bbba-4cbb6ba083f4.jpg,160,160,0.3170543055920497,True,True,"[160, 194, 171, 36, 34]"
val/03160_Animalia_Chordata_Aves_Accipitriformes_Accipitridae_Haliaeetus_albicilla/f53843c6-7556-4331-8280-1ccbea0a4899.jpg,160,58,0.02453757365747864,False,False,"[58, 119, 11, 108, 51]"
val/03193_Animalia_Chordata_Aves_Anseriformes_Anatidae_Anas_castanea/0c831eae-5d22-482a-93a7-ab5e9e3bf984.jpg,161,241,0.0257212560817882,False,True,"[241, 161, 242, 304, 334]"
val/03193_Animalia_Chordata_Aves_Anseriformes_Anatidae_Anas_castanea/38d85898-96ce-4d30-b16b-a6c772fdd41f.jpg,161,75,0.011988944504701414,False,False,"[75, 90, 52, 236, 25]"
val/03193_Animalia_Chordata_Aves_Anseriformes_Anatidae_Anas_castanea/5c955fa8-cda6-479d-8baf-baa639bf20a2.jpg,161,224,0.010337998193777754,False,False,"[224, 280, 182, 185, 174]"
val/03193_Animalia_Chordata_Aves_Anseriformes_Anatidae_Anas_castanea/68f40e92-8247-4106-b1cc-8da493e1a596.jpg,161,196,0.018292839564910165,False,False,"[196, 181, 334, 34, 73]"
val/03193_Animalia_Chordata_Aves_Anseriformes_Anatidae_Anas_castanea/78e53926-d11f-4605-a6d2-3c026d5428ab.jpg,161,266,0.016026588648676343,False,False,"[266, 213, 185, 247, 197]"
val/03193_Animalia_Chordata_Aves_Anseriformes_Anatidae_Anas_castanea/800602f0-0b1f-4d05-886a-30ab789444a9.jpg,161,368,0.010296659403123834,False,False,"[368, 314, 353, 402, 495]"
val/03193_Animalia_Chordata_Aves_Anseriformes_Anatidae_Anas_castanea/842716cc-e0c3-4f90-9ae6-c839563a503c.jpg,161,177,0.009564716281638437,False,False,"[177, 249, 213, 51, 281]"
val/03193_Animalia_Chordata_Aves_Anseriformes_Anatidae_Anas_castanea/dc4f7737-cb2f-4bb3-8149-30d80d0ceff4.jpg,161,409,0.015220945285509272,False,False,"[409, 314, 186, 234, 496]"
val/03193_Animalia_Chordata_Aves_Anseriformes_Anatidae_Anas_castanea/de19fe01-c446-4ad1-9d55-2177d22d0820.jpg,161,200,0.015448073655591517,False,False,"[200, 334, 48, 221, 194]"
val/03193_Animalia_Chordata_Aves_Anseriformes_Anatidae_Anas_castanea/f707ced4-8a35-423d-bb76-1be041266c17.jpg,161,457,0.011289807155054071,False,False,"[457, 350, 346, 100, 357]"
val/03202_Animalia_Chordata_Aves_Anseriformes_Anatidae_Anas_poecilorhyncha/15990228-3452-4081-b6f3-f4cf5cb8764a.jpg,162,4,0.010335865279998156,False,False,"[4, 142, 140, 192, 385]"
val/03202_Animalia_Chordata_Aves_Anseriformes_Anatidae_Anas_poecilorhyncha/1cbec45a-d4ee-44b9-859b-9c1c2c63158d.jpg,162,174,0.015793249724645318,False,False,"[174, 93, 186, 196, 57]"
val/03202_Animalia_Chordata_Aves_Anseriformes_Anatidae_Anas_poecilorhyncha/3853db06-490f-4df3-a038-1a0176e7c650.jpg,162,140,0.0913123705964255,False,False,"[140, 158, 11, 34, 66]"
val/03202_Animalia_Chordata_Aves_Anseriformes_Anatidae_Anas_poecilorhyncha/5291b7de-cc2b-40d6-8344-cdedb19207e6.jpg,162,159,0.009246056981913992,False,False,"[159, 8, 99, 39, 24]"
val/03202_Animalia_Chordata_Aves_Anseriformes_Anatidae_Anas_poecilorhyncha/5d0c34dc-9add-4ddb-9aae-99541ccc6587.jpg,162,113,0.015445012763418085,False,False,"[113, 237, 291, 77, 14]"
val/03202_Animalia_Chordata_Aves_Anseriformes_Anatidae_Anas_poecilorhyncha/6928fba3-1eea-4730-8cd5-bd0edd00f972.jpg,162,160,0.09275600646819909,False,False,"[160, 171, 192, 142, 159]"
val/03202_Animalia_Chordata_Aves_Anseriformes_Anatidae_Anas_poecilorhyncha/8c85d08f-8ab6-41af-8dcb-02ae58406298.jpg,162,241,0.021328816219766678,False,True,"[241, 23, 228, 162, 180]"
val/03202_Animalia_Chordata_Aves_Anseriformes_Anatidae_Anas_poecilorhyncha/9dff1345-e6df-414b-aa5b-4cf91ad59ab8.jpg,162,196,0.009548270540726829,False,False,"[196, 309, 83, 65, 385]"
val/03202_Animalia_Chordata_Aves_Anseriformes_Anatidae_Anas_poecilorhyncha/bda9fa94-f979-443e-8704-62b1ae47754f.jpg,162,380,0.029789698917950157,False,False,"[380, 433, 250, 330, 309]"
val/03202_Animalia_Chordata_Aves_Anseriformes_Anatidae_Anas_poecilorhyncha/d4bd6825-f6c0-444a-8145-7f8d14e9c2cf.jpg,162,140,0.017855453027457027,False,False,"[140, 4, 205, 116, 88]"
val/03222_Animalia_Chordata_Aves_Anseriformes_Anatidae_Aythya_novaeseelandiae/1484d8c6-c936-4772-975d-07a0cd8d7b8d.jpg,163,139,0.02514521166528242,False,False,"[139, 145, 40, 205, 216]"
val/03222_Animalia_Chordata_Aves_Anseriformes_Anatidae_Aythya_novaeseelandiae/3fc73c3d-b3da-48e1-aafa-f194f279ba69.jpg,163,23,0.01615260509912504,False,False,"[23, 162, 237, 496, 179]"
val/03222_Animalia_Chordata_Aves_Anseriformes_Anatidae_Aythya_novaeseelandiae/45a76951-df19-4c2a-9f81-940af8d167e7.jpg,163,196,0.037954938009990315,False,False,"[196, 86, 174, 197, 172]"
val/03222_Animalia_Chordata_Aves_Anseriformes_Anatidae_Aythya_novaeseelandiae/665bb11d-409e-4249-b943-1eb3c0df0e26.jpg,163,56,0.017098156282919563,False,False,"[56, 159, 60, 19, 18]"
val/03222_Animalia_Chordata_Aves_Anseriformes_Anatidae_Aythya_novaeseelandiae/83a6f2f1-7e98-4926-909c-94deeaf15b5f.jpg,163,18,0.024606454610850332,False,False,"[18, 162, 244, 176, 34]"
val/03222_Animalia_Chordata_Aves_Anseriformes_Anatidae_Aythya_novaeseelandiae/9117df8a-5079-4f33-be7d-5c3ef0bfb8c3.jpg,163,435,0.0086559917586689,False,False,"[435, 36, 140, 237, 494]"
val/03222_Animalia_Chordata_Aves_Anseriformes_Anatidae_Aythya_novaeseelandiae/ca28ebc2-d222-47c7-b3ea-d9593263fac4.jpg,163,334,0.03519579245370981,False,True,"[334, 216, 242, 197, 163]"
val/03222_Animalia_Chordata_Aves_Anseriformes_Anatidae_Aythya_novaeseelandiae/e7a7580e-8878-4ae4-a131-9e7a4c0518be.jpg,163,164,0.024471866497519285,False,False,"[164, 62, 17, 241, 196]"
val/03222_Animalia_Chordata_Aves_Anseriformes_Anatidae_Aythya_novaeseelandiae/eca3c632-b49f-482c-a4e4-acdceb368a6f.jpg,163,276,0.00995137859116091,False,False,"[276, 84, 29, 304, 330]"
val/03222_Animalia_Chordata_Aves_Anseriformes_Anatidae_Aythya_novaeseelandiae/ecda4501-a606-4a56-a8a4-909497d7a3de.jpg,163,196,0.030980885880844806,False,False,"[196, 241, 52, 334, 55]"
val/03255_Animalia_Chordata_Aves_Anseriformes_Anatidae_Mareca_strepera/0f49db75-fa79-42e8-b2e0-2c29c3d81623.jpg,164,161,0.014362801908191732,False,False,"[161, 172, 186, 121, 142]"
val/03255_Animalia_Chordata_Aves_Anseriformes_Anatidae_Mareca_strepera/132c9b71-6361-42bb-95ef-439c05bd0c4f.jpg,164,171,0.0520861414128661,False,False,"[171, 142, 180, 236, 58]"
val/03255_Animalia_Chordata_Aves_Anseriformes_Anatidae_Mareca_strepera/1d8e36d0-bfeb-4434-a502-a5b17815623e.jpg,164,182,0.0297824421551934,False,False,"[182, 196, 184, 270, 172]"
val/03255_Animalia_Chordata_Aves_Anseriformes_Anatidae_Mareca_strepera/318d6649-7e56-466e-a312-c754c718c557.jpg,164,182,0.01624176730632908,False,False,"[182, 204, 186, 162, 172]"
val/03255_Animalia_Chordata_Aves_Anseriformes_Anatidae_Mareca_strepera/3773bb85-4942-4c24-b686-79539c2ffa73.jpg,164,216,0.026474239058328065,False,False,"[216, 40, 161, 242, 385]"
val/03255_Animalia_Chordata_Aves_Anseriformes_Anatidae_Mareca_strepera/4ebbb212-a04a-4ddf-a26e-3c3b9fe2bc8c.jpg,164,40,0.020715798565393947,False,False,"[40, 236, 132, 241, 172]"
val/03255_Animalia_Chordata_Aves_Anseriformes_Anatidae_Mareca_strepera/64414725-c6dc-4210-93a7-ebc0f64da62a.jpg,164,241,0.018578302622595907,False,False,"[241, 161, 334, 111, 74]"
val/03255_Animalia_Chordata_Aves_Anseriformes_Anatidae_Mareca_strepera/917b72c3-1bfd-4ab7-bc66-ac2c33d9c08c.jpg,164,34,0.020147179752092764,False,False,"[34, 35, 4, 237, 203]"
val/03255_Animalia_Chordata_Aves_Anseriformes_Anatidae_Mareca_strepera/d841149c-b86c-4e26-ae43-e2d2d4c095f1.jpg,164,221,0.009676779012730553,False,False,"[221, 238, 7, 485, 213]"
val/03255_Animalia_Chordata_Aves_Anseriformes_Anatidae_Mareca_strepera/f07dbb5b-5236-4149-908d-14a7be00690d.jpg,164,241,0.038609826087793626,False,False,"[241, 159, 180, 160, 244]"
val/03270_Animalia_Chordata_Aves_Anseriformes_Anatidae_Spatula_discors/0bbf39b2-e5bd-4ea6-888d-245b80b46c2c.jpg,165,285,0.024793573654554375,False,False,"[285, 76, 83, 22, 55]"
val/03270_Animalia_Chordata_Aves_Anseriformes_Anatidae_Spatula_discors/0eca385d-0f04-423d-bd5c-4b86da1cb6b5.jpg,165,176,0.009577000229509768,False,False,"[176, 45, 194, 276, 414]"
val/03270_Animalia_Chordata_Aves_Anseriformes_Anatidae_Spatula_discors/258400a5-f2bc-4f52-a298-ce4d6acd5719.jpg,165,277,0.014991257587327105,False,False,"[277, 140, 48, 146, 142]"
val/03270_Animalia_Chordata_Aves_Anseriformes_Anatidae_Spatula_discors/2cb585ae-d122-4a04-b680-4b1b964cdd87.jpg,165,142,0.018777504146454637,False,False,"[142, 364, 241, 160, 162]"
val/03270_Animalia_Chordata_Aves_Anseriformes_Anatidae_Spatula_discors/534fbbf3-724f-40d9-9243-48f1c37b231e.jpg,165,489,0.009622460028379439,False,False,"[489, 376, 349, 77, 352]"
val/03270_Animalia_Chordata_Aves_Anseriformes_Anatidae_Spatula_discors/7ff04f1c-8da1-4e89-bce2-b014c44e997f.jpg,165,496,0.009785156687155383,False,False,"[496, 280, 436, 465, 377]"
val/03270_Animalia_Chordata_Aves_Anseriformes_Anatidae_Spatula_discors/8eb3b748-5531-497f-923b-2e72fae5d45b.jpg,165,307,0.012624548229926038,False,False,"[307, 402, 440, 322, 343]"
val/03270_Animalia_Chordata_Aves_Anseriformes_Anatidae_Spatula_discors/aef62a9b-a6dc-416b-96d2-5d263477f313.jpg,165,442,0.01070855933127637,False,False,"[442, 306, 340, 489, 97]"
val/03270_Animalia_Chordata_Aves_Anseriformes_Anatidae_Spatula_discors/bd6dd48f-9770-46a9-bd50-d489ca00b316.jpg,165,159,0.031631019213763684,False,False,"[159, 228, 236, 237, 196]"
val/03270_Animalia_Chordata_Aves_Anseriformes_Anatidae_Spatula_discors/c8c79e4d-23bb-488e-aaa9-5b6f2c1922e4.jpg,165,453,0.011267228290206713,False,False,"[453, 331, 309, 221, 349]"
val/03290_Animalia_Chordata_Aves_Caprimulgiformes_Caprimulgidae_Caprimulgus_europaeus/16f40be5-07d0-4c16-9e16-f29d6b80165a.jpg,166,304,0.009710216740441396,False,False,"[304, 461, 362, 167, 306]"
val/03290_Animalia_Chordata_Aves_Caprimulgiformes_Caprimulgidae_Caprimulgus_europaeus/21137415-fb58-4a0a-80ce-8c443f91c2ef.jpg,166,66,0.01611710311693197,False,False,"[66, 84, 148, 176, 175]"
val/03290_Animalia_Chordata_Aves_Caprimulgiformes_Caprimulgidae_Caprimulgus_europaeus/5be58caf-adbd-4955-99a4-a456a48dd39f.jpg,166,329,0.01077006631476249,False,False,"[329, 327, 333, 309, 255]"
val/03290_Animalia_Chordata_Aves_Caprimulgiformes_Caprimulgidae_Caprimulgus_europaeus/63ab3938-f5ee-4e48-9c8a-377cf9520eeb.jpg,166,180,0.022567432644203824,False,False,"[180, 139, 117, 141, 146]"
val/03290_Animalia_Chordata_Aves_Caprimulgiformes_Caprimulgidae_Caprimulgus_europaeus/65bb0e56-0ab5-4df1-adb5-5e8050cf7084.jpg,166,332,0.01064686427974883,False,False,"[332, 206, 215, 309, 238]"
val/03290_Animalia_Chordata_Aves_Caprimulgiformes_Caprimulgidae_Caprimulgus_europaeus/67025a27-8b1a-4052-be04-6a1a64fb7c46.jpg,166,335,0.010123034632987082,False,False,"[335, 456, 326, 19, 493]"
val/03290_Animalia_Chordata_Aves_Caprimulgiformes_Caprimulgidae_Caprimulgus_europaeus/6f08be7c-4498-4668-aac1-842d41e17932.jpg,166,307,0.0218432887038236,False,False,"[307, 452, 410, 440, 351]"
val/03290_Animalia_Chordata_Aves_Caprimulgiformes_Caprimulgidae_Caprimulgus_europaeus/d0bbf599-748d-4e99-b268-3a6b09bca5fa.jpg,166,45,0.016170342105953073,False,False,"[45, 164, 172, 185, 170]"
val/03290_Animalia_Chordata_Aves_Caprimulgiformes_Caprimulgidae_Caprimulgus_europaeus/d2f0d6c0-4dd0-474c-ac06-5647c146c4dd.jpg,166,380,0.0127892222630878,False,False,"[380, 341, 370, 37, 352]"
val/03290_Animalia_Chordata_Aves_Caprimulgiformes_Caprimulgidae_Caprimulgus_europaeus/ffb2e26f-da0e-4a94-bc4c-ad6799ea693d.jpg,166,201,0.009343356880478255,False,False,"[201, 126, 229, 206, 221]"
val/03295_Animalia_Chordata_Aves_Caprimulgiformes_Nyctibiidae_Nyctibius_griseus/0b1ca240-fdab-4660-9c26-dbc5aa6e7556.jpg,167,398,0.01775295281670117,False,False,"[398, 380, 386, 343, 480]"
val/03295_Animalia_Chordata_Aves_Caprimulgiformes_Nyctibiidae_Nyctibius_griseus/0c877148-5333-4ef1-9a13-a2c3006411a6.jpg,167,219,0.01307056750160691,False,False,"[219, 229, 221, 228, 241]"
val/03295_Animalia_Chordata_Aves_Caprimulgiformes_Nyctibiidae_Nyctibius_griseus/10d0bcba-1dca-4bfe-b506-ab5c4b109b49.jpg,167,238,0.010208274110536323,False,False,"[238, 436, 415, 210, 104]"
val/03295_Animalia_Chordata_Aves_Caprimulgiformes_Nyctibiidae_Nyctibius_griseus/11a46055-2f0c-413c-ad82-f03011882b41.jpg,167,147,0.010486583872567819,False,False,"[147, 64, 389, 143, 82]"
val/03295_Animalia_Chordata_Aves_Caprimulgiformes_Nyctibiidae_Nyctibius_griseus/67e3ed2b-8c9e-4e7b-b62a-c68751088480.jpg,167,41,0.02228736656517703,False,False,"[41, 64, 140, 309, 334]"
val/03295_Animalia_Chordata_Aves_Caprimulgiformes_Nyctibiidae_Nyctibius_griseus/7431b3fd-f61a-4276-857d-b41a34a84d6e.jpg,167,140,0.024037481905516606,False,False,"[140, 169, 287, 142, 25]"
val/03295_Animalia_Chordata_Aves_Caprimulgiformes_Nyctibiidae_Nyctibius_griseus/7c02e66a-72bd-4420-937c-0f1f042c546a.jpg,167,172,0.018603195783761576,False,False,"[172, 75, 242, 40, 406]"
val/03295_Animalia_Chordata_Aves_Caprimulgiformes_Nyctibiidae_Nyctibius_griseus/8bb98450-91ab-4d15-9846-9118465375c5.jpg,167,320,0.015336272426603046,False,False,"[320, 231, 47, 125, 329]"
val/03295_Animalia_Chordata_Aves_Caprimulgiformes_Nyctibiidae_Nyctibius_griseus/9648e54a-978e-4315-a56a-2f81dbd67e2f.jpg,167,39,0.014919819813282427,False,False,"[39, 274, 326, 304, 250]"
val/03295_Animalia_Chordata_Aves_Caprimulgiformes_Nyctibiidae_Nyctibius_griseus/a3e9abe1-2f29-4f65-bfd4-05740aceb00f.jpg,167,319,0.008899639790819995,False,False,"[319, 445, 169, 98, 315]"
val/03303_Animalia_Chordata_Aves_Caprimulgiformes_Trochilidae_Amazilia_yucatanensis/08f3fa1a-d1f0-43b9-99a8-47af69344e8f.jpg,168,346,0.013146236823377672,False,False,"[346, 417, 407, 245, 360]"
val/03303_Animalia_Chordata_Aves_Caprimulgiformes_Trochilidae_Amazilia_yucatanensis/1d7c8a08-cb36-4768-8d98-156db596d0c9.jpg,168,33,0.01488589435350069,False,False,"[33, 151, 70, 211, 428]"
val/03303_Animalia_Chordata_Aves_Caprimulgiformes_Trochilidae_Amazilia_yucatanensis/511eaf5e-1b0e-468d-909e-92708fca0575.jpg,168,66,0.012718399743944538,False,False,"[66, 87, 51, 59, 235]"
val/03303_Animalia_Chordata_Aves_Caprimulgiformes_Trochilidae_Amazilia_yucatanensis/61ea23af-e1b8-4dc2-8bb5-313cad941f9a.jpg,168,47,0.009430972324958318,False,False,"[47, 43, 121, 151, 248]"
val/03303_Animalia_Chordata_Aves_Caprimulgiformes_Trochilidae_Amazilia_yucatanensis/62ee9526-3341-4a52-a3a7-9628ddf78ae2.jpg,168,135,0.015066155714717139,False,False,"[135, 58, 242, 228, 128]"
val/03303_Animalia_Chordata_Aves_Caprimulgiformes_Trochilidae_Amazilia_yucatanensis/794c39db-a527-4770-bf25-fca064d9a4c2.jpg,168,281,0.01574222462297191,False,False,"[281, 91, 124, 406, 41]"
val/03303_Animalia_Chordata_Aves_Caprimulgiformes_Trochilidae_Amazilia_yucatanensis/b315c4f4-3011-493f-955c-b6a59fdfdbf7.jpg,168,154,0.01774023238555159,False,False,"[154, 247, 223, 288, 384]"
val/03303_Animalia_Chordata_Aves_Caprimulgiformes_Trochilidae_Amazilia_yucatanensis/d5edaefe-1949-4c3b-9dac-6d59885e2289.jpg,168,349,0.00976626176702431,False,False,"[349, 195, 345, 290, 341]"
val/03303_Animalia_Chordata_Aves_Caprimulgiformes_Trochilidae_Amazilia_yucatanensis/df7fe348-3b46-4c69-85ca-ed56dbc23b55.jpg,168,13,0.01101390389668664,False,False,"[13, 74, 182, 53, 399]"
val/03303_Animalia_Chordata_Aves_Caprimulgiformes_Trochilidae_Amazilia_yucatanensis/e69559b8-8f9a-4e04-b818-01b183a2591c.jpg,168,43,0.010717200438571611,False,False,"[43, 248, 163, 183, 385]"
val/03308_Animalia_Chordata_Aves_Caprimulgiformes_Trochilidae_Boissonneaua_flavescens/01d481a9-8520-4a1a-b897-1374febfd632.jpg,169,115,0.023486908577550623,False,False,"[115, 74, 29, 134, 170]"
val/03308_Animalia_Chordata_Aves_Caprimulgiformes_Trochilidae_Boissonneaua_flavescens/0d71cb52-3a30-487f-bdd4-0fc6739223de.jpg,169,125,0.015677532965028305,False,False,"[125, 288, 148, 227, 143]"
val/03308_Animalia_Chordata_Aves_Caprimulgiformes_Trochilidae_Boissonneaua_flavescens/28a351ac-f93f-42c0-ab81-4b3758bfed01.jpg,169,317,0.009378951683995954,False,False,"[317, 293, 380, 346, 401]"
val/03308_Animalia_Chordata_Aves_Caprimulgiformes_Trochilidae_Boissonneaua_flavescens/2d37761c-9b25-4c3f-94c0-7707fbe1050d.jpg,169,123,0.017037599587442543,False,False,"[123, 83, 25, 63, 237]"
val/03308_Animalia_Chordata_Aves_Caprimulgiformes_Trochilidae_Boissonneaua_flavescens/3fd9070a-18ff-475a-92b0-cc1dfa72776c.jpg,169,430,0.009713308800303518,False,False,"[430, 445, 15, 494, 308]"
val/03308_Animalia_Chordata_Aves_Caprimulgiformes_Trochilidae_Boissonneaua_flavescens/7c3e7f1c-9527-4050-9ff4-eaf0078250af.jpg,169,230,0.015993931557191834,False,False,"[230, 217, 238, 222, 221]"
val/03308_Animalia_Chordata_Aves_Caprimulgiformes_Trochilidae_Boissonneaua_flavescens/84886b9d-d887-45bc-a8f6-6cacfde617b9.jpg,169,135,0.010538357146463454,False,False,"[135, 142, 41, 133, 180]"
val/03308_Animalia_Chordata_Aves_Caprimulgiformes_Trochilidae_Boissonneaua_flavescens/b06083a2-2a18-4a3b-ae07-8db6cb2d6a14.jpg,169,121,0.01746527534584071,False,False,"[121, 332, 135, 115, 4]"
val/03308_Animalia_Chordata_Aves_Caprimulgiformes_Trochilidae_Boissonneaua_flavescens/d828e370-93ee-4e39-8543-51cbf3751a03.jpg,169,32,0.00897063149609075,False,False,"[32, 435, 251, 107, 64]"
val/03308_Animalia_Chordata_Aves_Caprimulgiformes_Trochilidae_Boissonneaua_flavescens/e837746b-8cea-4e2f-8d38-0068521e1976.jpg,169,16,0.022773932598080863,False,False,"[16, 227, 285, 61, 75]"
val/03315_Animalia_Chordata_Aves_Caprimulgiformes_Trochilidae_Colibri_coruscans/00faf7c4-6ab1-40ae-921b-06c94c61bcbe.jpg,170,186,0.009330255522518831,False,False,"[186, 184, 25, 51, 125]"
val/03315_Animalia_Chordata_Aves_Caprimulgiformes_Trochilidae_Colibri_coruscans/02e38afe-3314-4c23-aedf-8165e949a6d6.jpg,170,18,0.015317089430294863,False,False,"[18, 79, 387, 221, 422]"
val/03315_Animalia_Chordata_Aves_Caprimulgiformes_Trochilidae_Colibri_coruscans/2448d65d-1e0c-4be2-b8e4-3fda4f45e965.jpg,170,322,0.015465406324181584,False,False,"[322, 335, 457, 213, 350]"
val/03315_Animalia_Chordata_Aves_Caprimulgiformes_Trochilidae_Colibri_coruscans/2b73d9f5-8977-4d12-a1f9-1d61477e747b.jpg,170,56,0.00952469588515587,False,False,"[56, 12, 132, 91, 293]"
val/03315_Animalia_Chordata_Aves_Caprimulgiformes_Trochilidae_Colibri_coruscans/2cd57da1-0c26-4ae8-b17b-d5ea0188ecc7.jpg,170,152,0.010013879373142992,False,False,"[152, 143, 412, 314, 384]"
val/03315_Animalia_Chordata_Aves_Caprimulgiformes_Trochilidae_Colibri_coruscans/51031414-94d3-4aef-aa17-cf0d5ec7595a.jpg,170,0,0.016047268138808364,False,False,"[0, 158, 241, 190, 406]"
val/03315_Animalia_Chordata_Aves_Caprimulgiformes_Trochilidae_Colibri_coruscans/54fb91fa-e6dc-468f-98ba-a9a548dce1d6.jpg,170,90,0.00971985280523954,False,False,"[90, 385, 267, 490, 160]"
val/03315_Animalia_Chordata_Aves_Caprimulgiformes_Trochilidae_Colibri_coruscans/675065f9-6e6b-4206-8a43-75ed97668de2.jpg,170,19,0.009840236825156464,False,False,"[19, 119, 71, 96, 189]"
val/03315_Animalia_Chordata_Aves_Caprimulgiformes_Trochilidae_Colibri_coruscans/86d1eb8a-624b-4772-8524-cead2e922ca0.jpg,170,290,0.016207544448243242,False,False,"[290, 449, 486, 335, 420]"
val/03315_Animalia_Chordata_Aves_Caprimulgiformes_Trochilidae_Colibri_coruscans/b9314727-aeb8-4682-b219-2d13c992e746.jpg,170,210,0.01596965118798728,False,False,"[210, 122, 124, 230, 227]"
val/03335_Animalia_Chordata_Aves_Cathartiformes_Cathartidae_Sarcoramphus_papa/0c086d54-39c3-4dbe-8ffb-c205b6285dc0.jpg,171,341,0.009827418095726953,False,False,"[341, 470, 157, 373, 325]"
val/03335_Animalia_Chordata_Aves_Cathartiformes_Cathartidae_Sarcoramphus_papa/13fc34c9-e42e-4364-bdf4-964d049be59c.jpg,171,18,0.05475640280540412,False,True,"[18, 171, 160, 23, 73]"
val/03335_Animalia_Chordata_Aves_Cathartiformes_Cathartidae_Sarcoramphus_papa/2b85a5ab-c27c-4e22-9357-3e1b50d13afe.jpg,171,171,0.03802645447981027,True,True,"[171, 190, 160, 66, 186]"
val/03335_Animalia_Chordata_Aves_Cathartiformes_Cathartidae_Sarcoramphus_papa/355506b3-435c-426c-a6c0-25a80e06e4c4.jpg,171,171,0.05299115198867731,True,True,"[171, 244, 55, 118, 160]"
val/03335_Animalia_Chordata_Aves_Cathartiformes_Cathartidae_Sarcoramphus_papa/45c92891-c00e-4192-8332-e0a91636f30e.jpg,171,198,0.012290261883909236,False,False,"[198, 174, 247, 73, 129]"
val/03335_Animalia_Chordata_Aves_Cathartiformes_Cathartidae_Sarcoramphus_papa/965a32f3-7643-44d2-9fc6-a81b8f6a4b18.jpg,171,375,0.010200574671104606,False,False,"[375, 400, 354, 106, 213]"
val/03335_Animalia_Chordata_Aves_Cathartiformes_Cathartidae_Sarcoramphus_papa/cf4f3d6a-d0e9-4b19-baf2-d3a0eb0c22f4.jpg,171,270,0.01570725476894221,False,False,"[270, 303, 384, 267, 161]"
val/03335_Animalia_Chordata_Aves_Cathartiformes_Cathartidae_Sarcoramphus_papa/d0b671a9-578f-4885-bdd5-efc0d8816cde.jpg,171,173,0.009366822111775457,False,False,"[173, 100, 472, 365, 240]"
val/03335_Animalia_Chordata_Aves_Cathartiformes_Cathartidae_Sarcoramphus_papa/dac74a26-56d2-4bb9-a6df-63c4dab578f4.jpg,171,397,0.009387323622395555,False,False,"[397, 54, 306, 287, 223]"
val/03335_Animalia_Chordata_Aves_Cathartiformes_Cathartidae_Sarcoramphus_papa/f4e4f257-9379-48cb-ad61-86d7fd604c50.jpg,171,268,0.009257538604872544,False,False,"[268, 490, 289, 238, 265]"
val/03339_Animalia_Chordata_Aves_Charadriiformes_Alcidae_Cepphus_columba/12a4e066-364f-4179-a70e-ef1977e2bda0.jpg,172,30,0.01857184526682545,False,False,"[30, 62, 162, 237, 235]"
val/03339_Animalia_Chordata_Aves_Charadriiformes_Alcidae_Cepphus_columba/12b6908f-636d-4366-9f19-e0c66665eeba.jpg,172,164,0.034204116795716104,False,False,"[164, 248, 197, 241, 163]"
val/03339_Animalia_Chordata_Aves_Charadriiformes_Alcidae_Cepphus_columba/53c2973b-603a-4abc-be96-0439f248c4fa.jpg,172,83,0.01057986844698474,False,False,"[83, 278, 50, 384, 119]"
val/03339_Animalia_Chordata_Aves_Charadriiformes_Alcidae_Cepphus_columba/5c5fef1b-7c53-47d9-839a-128c3c92f62a.jpg,172,453,0.021305840771101706,False,False,"[453, 138, 264, 480, 375]"
val/03339_Animalia_Chordata_Aves_Charadriiformes_Alcidae_Cepphus_columba/61e1f85c-c86e-4ec3-acac-c1d10627809a.jpg,172,43,0.010233427325429869,False,False,"[43, 384, 101, 196, 462]"
val/03339_Animalia_Chordata_Aves_Charadriiformes_Alcidae_Cepphus_columba/67cda05b-b892-45b8-b417-6bf1f514a69a.jpg,172,197,0.015710624757963892,False,False,"[197, 252, 196, 185, 99]"
val/03339_Animalia_Chordata_Aves_Charadriiformes_Alcidae_Cepphus_columba/79974bad-a1e0-48df-a759-1485d0e1392c.jpg,172,258,0.009511496314790237,False,False,"[258, 92, 169, 251, 47]"
val/03339_Animalia_Chordata_Aves_Charadriiformes_Alcidae_Cepphus_columba/bc7953a8-a077-41ff-9e0e-c1175c4f3dc3.jpg,172,172,0.03302038695624911,True,True,"[172, 241, 135, 262, 236]"
val/03339_Animalia_Chordata_Aves_Charadriiformes_Alcidae_Cepphus_columba/de750b24-e656-421b-9216-4b59731615c2.jpg,172,116,0.01772093433231431,False,False,"[116, 40, 244, 196, 34]"
val/03339_Animalia_Chordata_Aves_Charadriiformes_Alcidae_Cepphus_columba/f79395d0-885c-4930-8e81-988fec802a64.jpg,172,91,0.017506906895406783,False,False,"[91, 56, 6, 149, 192]"
val/03347_Animalia_Chordata_Aves_Charadriiformes_Burhinidae_Burhinus_vermiculatus/07610b54-3cd9-4ff0-a61c-3e1281683060.jpg,173,81,0.015230001816286523,False,False,"[81, 146, 34, 281, 214]"
val/03347_Animalia_Chordata_Aves_Charadriiformes_Burhinidae_Burhinus_vermiculatus/1e45b148-5164-4032-8484-996f3e985b55.jpg,173,57,0.016926664190523397,False,False,"[57, 82, 56, 65, 52]"
val/03347_Animalia_Chordata_Aves_Charadriiformes_Burhinidae_Burhinus_vermiculatus/77f85ed7-d9a9-4a47-ae2c-b804289ce28a.jpg,173,22,0.015419958715402885,False,False,"[22, 373, 105, 392, 394]"
val/03347_Animalia_Chordata_Aves_Charadriiformes_Burhinidae_Burhinus_vermiculatus/7a59b6ba-229c-4093-b823-d7837d1e19b1.jpg,173,306,0.011227772088392984,False,False,"[306, 369, 455, 476, 274]"
val/03347_Animalia_Chordata_Aves_Charadriiformes_Burhinidae_Burhinus_vermiculatus/8d278ace-fc0c-45c7-ab5d-04ab32e9fc94.jpg,173,31,0.016166365821086798,False,False,"[31, 328, 116, 142, 18]"
val/03347_Animalia_Chordata_Aves_Charadriiformes_Burhinidae_Burhinus_vermiculatus/9b67b45d-063d-4ced-8515-25e6841a0d87.jpg,173,334,0.010223940731584478,False,False,"[334, 211, 237, 236, 12]"
val/03347_Animalia_Chordata_Aves_Charadriiformes_Burhinidae_Burhinus_vermiculatus/b92ef12e-93ee-43ba-a484-6a451f61abf9.jpg,173,140,0.01015573147729914,False,False,"[140, 257, 180, 30, 62]"
val/03347_Animalia_Chordata_Aves_Charadriiformes_Burhinidae_Burhinus_vermiculatus/def13858-3710-4ac1-84c9-6c76731f7e39.jpg,173,44,0.01487279040000843,False,False,"[44, 359, 24, 79, 37]"
val/03347_Animalia_Chordata_Aves_Charadriiformes_Burhinidae_Burhinus_vermiculatus/eaf018ab-4d72-41e8-b9bd-cf8a8bf8c675.jpg,173,45,0.008958925296023757,False,False,"[45, 184, 423, 137, 72]"
val/03347_Animalia_Chordata_Aves_Charadriiformes_Burhinidae_Burhinus_vermiculatus/f3c91df9-e444-4ed0-b5e9-47e868ea8318.jpg,173,327,0.010822277602715808,False,False,"[327, 112, 42, 357, 163]"
val/03356_Animalia_Chordata_Aves_Charadriiformes_Charadriidae_Charadrius_mongolus/31d837e3-97c0-43e0-bb85-73acdead830c.jpg,174,426,0.009329901474071629,False,False,"[426, 278, 96, 257, 368]"
val/03356_Animalia_Chordata_Aves_Charadriiformes_Charadriidae_Charadrius_mongolus/380f0b18-c8ab-4f77-8fed-ac401bf4cf12.jpg,174,164,0.024322409092358742,False,False,"[164, 197, 334, 182, 247]"
val/03356_Animalia_Chordata_Aves_Charadriiformes_Charadriidae_Charadrius_mongolus/53e3c3b3-dd0e-42b0-b9da-6223fda7539e.jpg,174,175,0.009631531437183498,False,True,"[175, 164, 174, 93, 456]"
val/03356_Animalia_Chordata_Aves_Charadriiformes_Charadriidae_Charadrius_mongolus/655ac35e-28da-44c7-95a9-df1f02cf3591.jpg,174,175,0.018235960347695316,False,False,"[175, 35, 235, 59, 197]"
val/03356_Animalia_Chordata_Aves_Charadriiformes_Charadriidae_Charadrius_mongolus/6efd66dc-6edc-47ed-8fda-b17518f6fdee.jpg,174,241,0.02116603874011763,False,False,"[241, 162, 197, 40, 164]"
val/03356_Animalia_Chordata_Aves_Charadriiformes_Charadriidae_Charadrius_mongolus/9494e85d-431c-4c87-b227-46f36564e5d1.jpg,174,19,0.016283132370542807,False,False,"[19, 159, 62, 244, 177]"
val/03356_Animalia_Chordata_Aves_Charadriiformes_Charadriidae_Charadrius_mongolus/ae79412a-7615-4d18-8fc5-6d8efe13bf99.jpg,174,172,0.04253717628189214,False,False,"[172, 241, 197, 196, 185]"
val/03356_Animalia_Chordata_Aves_Charadriiformes_Charadriidae_Charadrius_mongolus/afde7658-52bc-4678-b4d4-db9211f8a702.jpg,174,45,0.017812868203763908,False,False,"[45, 237, 56, 105, 181]"
val/03356_Animalia_Chordata_Aves_Charadriiformes_Charadriidae_Charadrius_mongolus/b1987533-8c0f-4fd2-a6a2-508196b4606c.jpg,174,262,0.015536979254047699,False,False,"[262, 221, 219, 412, 69]"
val/03356_Animalia_Chordata_Aves_Charadriiformes_Charadriidae_Charadrius_mongolus/db63de44-0847-4674-9792-655d5bab3a2c.jpg,174,218,0.010214887764356088,False,False,"[218, 498, 351, 434, 133]"
val/03361_Animalia_Chordata_Aves_Charadriiformes_Charadriidae_Charadrius_semipalmatus/3026433a-21ec-4639-a44c-d0418c2f5380.jpg,175,171,0.05267406004314842,False,False,"[171, 176, 160, 236, 180]"
val/03361_Animalia_Chordata_Aves_Charadriiformes_Charadriidae_Charadrius_semipalmatus/436b499d-fea6-4fdf-9899-52637f910835.jpg,175,82,0.009634498741927915,False,False,"[82, 247, 168, 4, 493]"
val/03361_Animalia_Chordata_Aves_Charadriiformes_Charadriidae_Charadrius_semipalmatus/61004945-d127-42ab-8ca0-ffc11474b07d.jpg,175,414,0.008714554076503617,False,False,"[414, 406, 381, 449, 355]"
val/03361_Animalia_Chordata_Aves_Charadriiformes_Charadriidae_Charadrius_semipalmatus/8785bf5e-23c9-424c-8f7d-668fa23149fb.jpg,175,8,0.010867966850561961,False,False,"[8, 157, 275, 375, 409]"
val/03361_Animalia_Chordata_Aves_Charadriiformes_Charadriidae_Charadrius_semipalmatus/91f210e6-1cd8-4177-a74a-8cacbe0928f9.jpg,175,185,0.030188340928889546,False,False,"[185, 164, 196, 216, 40]"
val/03361_Animalia_Chordata_Aves_Charadriiformes_Charadriidae_Charadrius_semipalmatus/af8d4ac0-1133-4990-b1af-75deae7179d4.jpg,175,40,0.017746336726149954,False,False,"[40, 123, 127, 180, 135]"
val/03361_Animalia_Chordata_Aves_Charadriiformes_Charadriidae_Charadrius_semipalmatus/d7d5bf63-eb38-44ac-ac8a-9f450b054d85.jpg,175,390,0.01104890646520076,False,False,"[390, 419, 417, 420, 416]"
val/03361_Animalia_Chordata_Aves_Charadriiformes_Charadriidae_Charadrius_semipalmatus/df2239f4-4715-4e0a-9110-3f91ffb80d5b.jpg,175,367,0.010091352893183992,False,False,"[367, 83, 325, 11, 37]"
val/03361_Animalia_Chordata_Aves_Charadriiformes_Charadriidae_Charadrius_semipalmatus/fcad6c06-aeed-4a9c-a377-1da1089ddc87.jpg,175,164,0.012646201976427376,False,False,"[164, 270, 239, 220, 107]"
val/03361_Animalia_Chordata_Aves_Charadriiformes_Charadriidae_Charadrius_semipalmatus/fe04d101-b1e1-48d8-9a79-08fe8f6428a9.jpg,175,178,0.010253011257849193,False,True,"[178, 175, 275, 2, 186]"
val/03364_Animalia_Chordata_Aves_Charadriiformes_Charadriidae_Charadrius_wilsonia/111e51ff-a1e6-4c3c-8b94-4597c9440583.jpg,176,116,0.020889125918287264,False,True,"[116, 176, 34, 231, 126]"
val/03364_Animalia_Chordata_Aves_Charadriiformes_Charadriidae_Charadrius_wilsonia/15c22595-a199-4fa2-b9de-06ffbe7b21ea.jpg,176,171,0.19016442687420948,False,False,"[171, 36, 160, 142, 194]"
val/03364_Animalia_Chordata_Aves_Charadriiformes_Charadriidae_Charadrius_wilsonia/2bc63049-96ea-4d54-a50a-feaf1854e9e2.jpg,176,119,0.010702219698916512,False,False,"[119, 45, 16, 285, 94]"
val/03364_Animalia_Chordata_Aves_Charadriiformes_Charadriidae_Charadrius_wilsonia/4adadc10-03dd-4243-9588-a3b0acbec765.jpg,176,202,0.014748827730163982,False,False,"[202, 4, 179, 184, 246]"
val/03364_Animalia_Chordata_Aves_Charadriiformes_Charadriidae_Charadrius_wilsonia/4db53458-476f-4582-a9c0-249d425c6cc4.jpg,176,40,0.021924804915280757,False,False,"[40, 175, 241, 165, 162]"
val/03364_Animalia_Chordata_Aves_Charadriiformes_Charadriidae_Charadrius_wilsonia/5a797d4a-c256-4bf7-841f-b37c0107e8d4.jpg,176,41,0.012980956730684133,False,False,"[41, 117, 209, 213, 183]"
val/03364_Animalia_Chordata_Aves_Charadriiformes_Charadriidae_Charadrius_wilsonia/8987a474-82d5-407e-ba86-7e71b6c0b28d.jpg,176,183,0.016632836384045967,False,False,"[183, 235, 236, 180, 248]"
val/03364_Animalia_Chordata_Aves_Charadriiformes_Charadriidae_Charadrius_wilsonia/8a596c65-2a7a-4e54-a333-08db055843e6.jpg,176,174,0.018033770255782976,False,False,"[174, 7, 4, 131, 142]"
val/03364_Animalia_Chordata_Aves_Charadriiformes_Charadriidae_Charadrius_wilsonia/e080e8f5-4324-4c06-b26d-b22196b49816.jpg,176,228,0.012560014318034073,False,False,"[228, 175, 61, 227, 50]"
val/03364_Animalia_Chordata_Aves_Charadriiformes_Charadriidae_Charadrius_wilsonia/f1ba1c60-fbee-4b1d-8987-53240cfdc12a.jpg,176,180,0.012797604528213194,False,False,"[180, 40, 186, 179, 131]"
val/03365_Animalia_Chordata_Aves_Charadriiformes_Charadriidae_Elseyornis_melanops/3847521c-c2ad-43e7-a796-7a7a90b880e6.jpg,177,225,0.01201215612830488,False,False,"[225, 246, 236, 163, 406]"
val/03365_Animalia_Chordata_Aves_Charadriiformes_Charadriidae_Elseyornis_melanops/5fd2837e-6d1f-4e5c-a5ca-31e62f576024.jpg,177,197,0.01809643139688836,False,False,"[197, 235, 334, 164, 496]"
val/03365_Animalia_Chordata_Aves_Charadriiformes_Charadriidae_Elseyornis_melanops/60626c1c-465e-4a3b-af62-f44bf93badcc.jpg,177,83,0.01600304810756712,False,False,"[83, 281, 88, 237, 31]"
val/03365_Animalia_Chordata_Aves_Charadriiformes_Charadriidae_Elseyornis_melanops/6323b0cb-6344-46f9-b8e5-d8835d388fe9.jpg,177,40,0.03501107208973947,False,False,"[40, 9, 116, 172, 197]"
val/03365_Animalia_Chordata_Aves_Charadriiformes_Charadriidae_Elseyornis_melanops/69a18714-afb0-4a1d-8036-73cea886d6de.jpg,177,158,0.015453005534380173,False,False,"[158, 81, 87, 277, 178]"
val/03365_Animalia_Chordata_Aves_Charadriiformes_Charadriidae_Elseyornis_melanops/6a0cebcd-b1a6-4c91-8382-89ddb342c60b.jpg,177,37,0.015227901471659045,False,False,"[37, 241, 270, 6, 235]"
val/03365_Animalia_Chordata_Aves_Charadriiformes_Charadriidae_Elseyornis_melanops/7895584b-fe2a-451e-9ad6-a6b37aee7c86.jpg,177,146,0.017756898464737707,False,False,"[146, 57, 18, 118, 34]"
val/03365_Animalia_Chordata_Aves_Charadriiformes_Charadriidae_Elseyornis_melanops/7e6227b0-569d-43f1-a090-7a61e67fef93.jpg,177,96,0.011529276339504407,False,False,"[96, 62, 190, 229, 11]"
val/03365_Animalia_Chordata_Aves_Charadriiformes_Charadriidae_Elseyornis_melanops/d585d263-1bac-4f67-94b3-a35cc136f7fd.jpg,177,240,0.016266617307008208,False,False,"[240, 196, 252, 266, 74]"
val/03365_Animalia_Chordata_Aves_Charadriiformes_Charadriidae_Elseyornis_melanops/d8320020-4497-4452-b919-0539b2eca63c.jpg,177,233,0.016118724272889438,False,False,"[233, 184, 216, 185, 187]"
val/03370_Animalia_Chordata_Aves_Charadriiformes_Charadriidae_Vanellus_armatus/0cd3e73d-b592-4dc0-bbe6-a9267bccbb5e.jpg,178,101,0.010115094483782274,False,False,"[101, 36, 89, 378, 339]"
val/03370_Animalia_Chordata_Aves_Charadriiformes_Charadriidae_Vanellus_armatus/176bff18-995d-4ee4-94bf-9f0364ea93be.jpg,178,180,0.009910470410807936,False,False,"[180, 40, 334, 162, 244]"
val/03370_Animalia_Chordata_Aves_Charadriiformes_Charadriidae_Vanellus_armatus/3679b32c-3dc0-4ebc-a3a9-5f5b93463099.jpg,178,364,0.011240668523795289,False,False,"[364, 355, 397, 361, 161]"
val/03370_Animalia_Chordata_Aves_Charadriiformes_Charadriidae_Vanellus_armatus/5c213ec1-8d85-4464-9a4d-90b91e826e02.jpg,178,382,0.010831942717705195,False,False,"[382, 467, 455, 309, 305]"
val/03370_Animalia_Chordata_Aves_Charadriiformes_Charadriidae_Vanellus_armatus/6b627b79-703a-4d95-9a30-8d796991deab.jpg,178,48,0.01785932584181336,False,False,"[48, 79, 177, 250, 83]"
val/03370_Animalia_Chordata_Aves_Charadriiformes_Charadriidae_Vanellus_armatus/a2d9ba89-e4ec-42be-b30e-277f5b74e963.jpg,178,221,0.010227248079532653,False,False,"[221, 240, 81, 95, 284]"
val/03370_Animalia_Chordata_Aves_Charadriiformes_Charadriidae_Vanellus_armatus/b1962703-5cc1-42d4-afa3-dd5f3372dfca.jpg,178,141,0.02157904393679463,False,False,"[141, 192, 51, 73, 92]"
val/03370_Animalia_Chordata_Aves_Charadriiformes_Charadriidae_Vanellus_armatus/c3127bf0-cd9a-472c-a900-75edf838d3ce.jpg,178,219,0.009231786190243032,False,False,"[219, 202, 245, 106, 430]"
val/03370_Animalia_Chordata_Aves_Charadriiformes_Charadriidae_Vanellus_armatus/d7f92284-bc54-4e77-b469-08c40a4a4ed7.jpg,178,333,0.010418451010006316,False,False,"[333, 453, 390, 475, 422]"
val/03370_Animalia_Chordata_Aves_Charadriiformes_Charadriidae_Vanellus_armatus/f7a07402-3116-4799-bf63-8a11fcb7adfd.jpg,178,81,0.009561162112652882,False,False,"[81, 204, 179, 5, 112]"
val/03400_Animalia_Chordata_Aves_Charadriiformes_Laridae_Chroicocephalus_novaehollandiae/0c98f115-574c-47ce-8628-988e6deb30b5.jpg,179,179,0.01107981801056519,True,True,"[179, 142, 169, 117, 182]"
val/03400_Animalia_Chordata_Aves_Charadriiformes_Laridae_Chroicocephalus_novaehollandiae/1c94d3f2-6f4f-4030-b1e6-c02b46d9921d.jpg,179,51,0.01622848471747574,False,False,"[51, 205, 41, 6, 67]"
val/03400_Animalia_Chordata_Aves_Charadriiformes_Laridae_Chroicocephalus_novaehollandiae/694bdab0-28dd-4ee4-b377-50f910286d88.jpg,179,488,0.01568788922284386,False,False,"[488, 258, 200, 235, 98]"
val/03400_Animalia_Chordata_Aves_Charadriiformes_Laridae_Chroicocephalus_novaehollandiae/71514e18-dff3-4a94-b2a9-49df52f755d4.jpg,179,58,0.016603890716991903,False,False,"[58, 280, 202, 116, 85]"
val/03400_Animalia_Chordata_Aves_Charadriiformes_Laridae_Chroicocephalus_novaehollandiae/83d65093-5ce8-437f-876b-0c26589b7b32.jpg,179,180,0.012324610073874235,False,False,"[180, 73, 28, 131, 211]"
val/03400_Animalia_Chordata_Aves_Charadriiformes_Laridae_Chroicocephalus_novaehollandiae/a92a9e81-5e9c-494e-bd20-c4a6e37ce8a8.jpg,179,297,0.009561267132996746,False,False,"[297, 206, 254, 292, 335]"
val/03400_Animalia_Chordata_Aves_Charadriiformes_Laridae_Chroicocephalus_novaehollandiae/bfe9a33f-ac14-415b-a661-60f016648764.jpg,179,123,0.030424646971719954,False,False,"[123, 83, 391, 192, 82]"
val/03400_Animalia_Chordata_Aves_Charadriiformes_Laridae_Chroicocephalus_novaehollandiae/c24e680e-a863-4d0b-8a45-3431e9f3f533.jpg,179,172,0.023433969029248384,False,False,"[172, 40, 252, 185, 164]"
val/03400_Animalia_Chordata_Aves_Charadriiformes_Laridae_Chroicocephalus_novaehollandiae/d5d4dcea-f1c1-433f-a669-889ff45df814.jpg,179,95,0.015599992238635764,False,False,"[95, 180, 192, 158, 22]"
val/03400_Animalia_Chordata_Aves_Charadriiformes_Laridae_Chroicocephalus_novaehollandiae/ec7da011-3d38-418f-bb69-3b75e8a618e3.jpg,179,34,0.043478373664093774,False,False,"[34, 171, 160, 180, 190]"
val/03407_Animalia_Chordata_Aves_Charadriiformes_Laridae_Ichthyaetus_ichthyaetus/0db382cc-5e79-492c-aee9-f167385d6649.jpg,180,180,0.025625200662826846,True,True,"[180, 172, 160, 163, 179]"
val/03407_Animalia_Chordata_Aves_Charadriiformes_Laridae_Ichthyaetus_ichthyaetus/17e91b2e-03d5-4ea4-99ce-50901ce324ec.jpg,180,292,0.018720299672596388,False,False,"[292, 435, 457, 395, 300]"
val/03407_Animalia_Chordata_Aves_Charadriiformes_Laridae_Ichthyaetus_ichthyaetus/2a67517f-1490-494d-903e-de71c1191384.jpg,180,4,0.018783816857565496,False,False,"[4, 236, 369, 204, 334]"
val/03407_Animalia_Chordata_Aves_Charadriiformes_Laridae_Ichthyaetus_ichthyaetus/44200192-56aa-4327-bfe0-0e7cf861b90f.jpg,180,180,0.040365264109861396,True,True,"[180, 167, 178, 244, 171]"
val/03407_Animalia_Chordata_Aves_Charadriiformes_Laridae_Ichthyaetus_ichthyaetus/5b0ff70b-366c-41b6-a3c0-93d4b6e55b86.jpg,180,197,0.03225653035964615,False,False,"[197, 172, 241, 216, 162]"
val/03407_Animalia_Chordata_Aves_Charadriiformes_Laridae_Ichthyaetus_ichthyaetus/5b3cdff3-e67d-458a-bd72-2a6bbee45300.jpg,180,151,0.016465687674042568,False,False,"[151, 96, 57, 276, 257]"
val/03407_Animalia_Chordata_Aves_Charadriiformes_Laridae_Ichthyaetus_ichthyaetus/7447c73a-f468-422e-8ff3-137c54b13d87.jpg,180,283,0.009496047313343896,False,False,"[283, 189, 80, 108, 240]"
val/03407_Animalia_Chordata_Aves_Charadriiformes_Laridae_Ichthyaetus_ichthyaetus/904c21a9-4b40-4d25-b0c9-4d14aecedae0.jpg,180,438,0.012375840951719234,False,False,"[438, 218, 355, 26, 387]"
val/03407_Animalia_Chordata_Aves_Charadriiformes_Laridae_Ichthyaetus_ichthyaetus/9e047a09-46c5-4ab5-ad60-26d25d55179e.jpg,180,436,0.04709689924497826,False,False,"[436, 23, 237, 64, 34]"
val/03407_Animalia_Chordata_Aves_Charadriiformes_Laridae_Ichthyaetus_ichthyaetus/fd0d0499-a310-4be6-a2fd-f0c82223e92f.jpg,180,180,0.06895388341443744,True,True,"[180, 140, 175, 181, 139]"
val/03422_Animalia_Chordata_Aves_Charadriiformes_Laridae_Larus_marinus/20abe51d-12c5-437e-aeb8-bb22778abeb5.jpg,181,413,0.010957458037176146,False,False,"[413, 451, 434, 458, 491]"
val/03422_Animalia_Chordata_Aves_Charadriiformes_Laridae_Larus_marinus/5a8cc169-8edf-4012-9246-3dff63c416e3.jpg,181,129,0.016093162784549985,False,False,"[129, 43, 252, 13, 44]"
val/03422_Animalia_Chordata_Aves_Charadriiformes_Laridae_Larus_marinus/723a554f-93bd-4120-8d92-376a99834119.jpg,181,197,0.02368879331903658,False,False,"[197, 196, 198, 172, 164]"
val/03422_Animalia_Chordata_Aves_Charadriiformes_Laridae_Larus_marinus/80fa939a-41f3-4e72-9019-7f9a4e26023f.jpg,181,62,0.01713571041560698,False,True,"[62, 40, 196, 181, 163]"
val/03422_Animalia_Chordata_Aves_Charadriiformes_Laridae_Larus_marinus/a170a6e7-a305-4948-a916-4b521dd84e28.jpg,181,212,0.017839310432217266,False,False,"[212, 45, 21, 200, 99]"
val/03422_Animalia_Chordata_Aves_Charadriiformes_Laridae_Larus_marinus/a50705bd-04e7-4501-96c3-0a0b7ce65bad.jpg,181,338,0.016448798053279184,False,False,"[338, 37, 15, 441, 158]"
val/03422_Animalia_Chordata_Aves_Charadriiformes_Laridae_Larus_marinus/b108ad5c-9d7e-4963-82e4-032a16fdc18d.jpg,181,64,0.020800201136661714,False,False,"[64, 51, 191, 74, 116]"
val/03422_Animalia_Chordata_Aves_Charadriiformes_Laridae_Larus_marinus/be096004-20ad-4bc8-8aed-2a5d23730946.jpg,181,55,0.01437223390080791,False,False,"[55, 46, 73, 64, 63]"
val/03422_Animalia_Chordata_Aves_Charadriiformes_Laridae_Larus_marinus/db02b7c1-8752-4aea-a24e-0be3e842e72b.jpg,181,197,0.020934284644063893,False,False,"[197, 45, 161, 334, 304]"
val/03422_Animalia_Chordata_Aves_Charadriiformes_Laridae_Larus_marinus/fbd1569c-1244-4c3b-bc20-b6b2182e7f8b.jpg,181,285,0.03789950775920053,False,False,"[285, 46, 227, 192, 175]"
val/03423_Animalia_Chordata_Aves_Charadriiformes_Laridae_Larus_michahellis/06d786c6-7b2f-448e-a0ff-4779d5fdf0d7.jpg,182,37,0.015628632495389056,False,False,"[37, 9, 44, 107, 80]"
val/03423_Animalia_Chordata_Aves_Charadriiformes_Laridae_Larus_michahellis/22563ed7-69b5-4264-bf90-4d5e2671919c.jpg,182,233,0.015995294682954745,False,False,"[233, 163, 181, 329, 197]"
val/03423_Animalia_Chordata_Aves_Charadriiformes_Laridae_Larus_michahellis/307a4da6-4928-4d9c-aad6-f21cf7903484.jpg,182,140,0.019753489503231324,False,False,"[140, 27, 47, 242, 235]"
val/03423_Animalia_Chordata_Aves_Charadriiformes_Laridae_Larus_michahellis/4689ec83-35f2-4789-8d93-c59fbb7af2c5.jpg,182,51,0.016195110065275686,False,False,"[51, 373, 237, 178, 189]"
val/03423_Animalia_Chordata_Aves_Charadriiformes_Laridae_Larus_michahellis/5038eebf-4502-465c-82ba-33f948e96cb9.jpg,182,379,0.010224491740898114,False,False,"[379, 320, 488, 369, 410]"
val/03423_Animalia_Chordata_Aves_Charadriiformes_Laridae_Larus_michahellis/54f00302-8ebf-4242-89d5-693700afff58.jpg,182,174,0.017112604470193617,False,False,"[174, 263, 225, 63, 5]"
val/03423_Animalia_Chordata_Aves_Charadriiformes_Laridae_Larus_michahellis/a8ef2847-f7a2-40c9-a6e0-b5d74030d219.jpg,182,87,0.030154989470812743,False,False,"[87, 86, 73, 90, 284]"
val/03423_Animalia_Chordata_Aves_Charadriiformes_Laridae_Larus_michahellis/c40b2a80-52fe-49f6-901a-b2ffade17933.jpg,182,250,0.009075345701022463,False,False,"[250, 114, 127, 92, 317]"
val/03423_Animalia_Chordata_Aves_Charadriiformes_Laridae_Larus_michahellis/d039acba-ef1d-49ed-a5e8-4239903c9e89.jpg,182,278,0.010116189855131786,False,False,"[278, 436, 351, 93, 299]"
val/03423_Animalia_Chordata_Aves_Charadriiformes_Laridae_Larus_michahellis/d395c4b7-5e97-4e3a-8e90-6c740f40a626.jpg,182,84,0.009545056074234531,False,False,"[84, 105, 404, 293, 283]"
val/03429_Animalia_Chordata_Aves_Charadriiformes_Laridae_Rissa_tridactyla/09da2fc2-d7ee-42ef-879f-a7aad4249a18.jpg,183,499,0.009881701603824858,False,False,"[499, 347, 283, 257, 424]"
val/03429_Animalia_Chordata_Aves_Charadriiformes_Laridae_Rissa_tridactyla/0ace02e3-e0a2-4297-8fb1-166a796314fb.jpg,183,346,0.010472532633064545,False,False,"[346, 469, 359, 414, 134]"
val/03429_Animalia_Chordata_Aves_Charadriiformes_Laridae_Rissa_tridactyla/35054742-79e2-42c5-b23e-d602dc2bebd9.jpg,183,258,0.01627529972869639,False,False,"[258, 169, 451, 379, 167]"
val/03429_Animalia_Chordata_Aves_Charadriiformes_Laridae_Rissa_tridactyla/38162410-2d34-45cb-acca-2c62eaa4fc0e.jpg,183,334,0.011612492842767295,False,False,"[334, 123, 239, 177, 185]"
val/03429_Animalia_Chordata_Aves_Charadriiformes_Laridae_Rissa_tridactyla/742dda62-5175-4945-933a-dd77d11debb6.jpg,183,106,0.009380959238217268,False,False,"[106, 78, 43, 461, 293]"
val/03429_Animalia_Chordata_Aves_Charadriiformes_Laridae_Rissa_tridactyla/849e6263-8f5c-47fb-a9bc-7e77b150ab7f.jpg,183,40,0.01337896067636251,False,False,"[40, 25, 236, 196, 165]"
val/03429_Animalia_Chordata_Aves_Charadriiformes_Laridae_Rissa_tridactyla/93e3c974-865e-447c-9acd-256deb40f9c2.jpg,183,4,0.019577689584293612,False,False,"[4, 328, 18, 31, 46]"
val/03429_Animalia_Chordata_Aves_Charadriiformes_Laridae_Rissa_tridactyla/b60ed7af-595e-4e69-96a3-b8a31a7daf0a.jpg,183,13,0.017885848901071342,False,False,"[13, 209, 133, 135, 241]"
val/03429_Animalia_Chordata_Aves_Charadriiformes_Laridae_Rissa_tridactyla/f310ad05-6c78-4c2b-9209-5bbd2ba4f38f.jpg,183,226,0.014509278733872213,False,False,"[226, 238, 221, 441, 3]"
val/03429_Animalia_Chordata_Aves_Charadriiformes_Laridae_Rissa_tridactyla/fcc7ffe6-d8e2-4017-b657-a078396c2aa9.jpg,183,140,0.03520961738469711,False,False,"[140, 232, 260, 139, 319]"
val/03458_Animalia_Chordata_Aves_Charadriiformes_Scolopacidae_Calidris_fuscicollis/343bc50e-02d0-4be8-b162-cddc79f93543.jpg,184,186,0.011255393569585576,False,False,"[186, 175, 246, 197, 211]"
val/03458_Animalia_Chordata_Aves_Charadriiformes_Scolopacidae_Calidris_fuscicollis/38ff6cd4-ff2f-4ccc-9983-25b01f10bb30.jpg,184,115,0.010705791924292739,False,False,"[115, 241, 183, 95, 164]"
val/03458_Animalia_Chordata_Aves_Charadriiformes_Scolopacidae_Calidris_fuscicollis/47b5f7e3-b42e-4a2e-9d56-d594379592ce.jpg,184,435,0.009612890284262854,False,False,"[435, 353, 468, 492, 314]"
val/03458_Animalia_Chordata_Aves_Charadriiformes_Scolopacidae_Calidris_fuscicollis/4e9ac2c2-fefc-4aa6-bb21-01ec7a573a3b.jpg,184,196,0.02843883218198138,False,False,"[196, 197, 242, 406, 172]"
val/03458_Animalia_Chordata_Aves_Charadriiformes_Scolopacidae_Calidris_fuscicollis/8698cc90-273c-45b8-b54f-d7b8946bd4b7.jpg,184,334,0.027005941431557375,False,False,"[334, 242, 59, 172, 197]"
val/03458_Animalia_Chordata_Aves_Charadriiformes_Scolopacidae_Calidris_fuscicollis/bd8b8c71-c87b-4631-afcd-74baed3d6fc3.jpg,184,180,0.03090003505392442,False,False,"[180, 241, 237, 176, 160]"
val/03458_Animalia_Chordata_Aves_Charadriiformes_Scolopacidae_Calidris_fuscicollis/dba26a60-1844-427f-af8f-094c070fc622.jpg,184,256,0.016076424245224017,False,False,"[256, 422, 268, 262, 428]"
val/03458_Animalia_Chordata_Aves_Charadriiformes_Scolopacidae_Calidris_fuscicollis/e359c1d4-9f2b-4a2b-931f-0932637d36d7.jpg,184,128,0.009268856713695416,False,False,"[128, 35, 60, 62, 309]"
val/03458_Animalia_Chordata_Aves_Charadriiformes_Scolopacidae_Calidris_fuscicollis/ed523079-56cc-4fa9-9afc-4447081d45a2.jpg,184,172,0.043947301302233156,False,False,"[172, 241, 197, 248, 40]"
val/03458_Animalia_Chordata_Aves_Charadriiformes_Scolopacidae_Calidris_fuscicollis/fa22a798-d2dd-46f8-b709-7441b1352bbd.jpg,184,180,0.02605847266886773,False,False,"[180, 185, 237, 40, 228]"
val/03482_Animalia_Chordata_Aves_Charadriiformes_Scolopacidae_Numenius_phaeopus/1f7847b2-afc3-4309-aa2a-d7f0066a6669.jpg,185,475,0.011204043554501598,False,False,"[475, 402, 365, 437, 245]"
val/03482_Animalia_Chordata_Aves_Charadriiformes_Scolopacidae_Numenius_phaeopus/316bc67f-acc6-40af-9285-6c654e95cbc0.jpg,185,6,0.012086316333353523,False,False,"[6, 74, 231, 219, 228]"
val/03482_Animalia_Chordata_Aves_Charadriiformes_Scolopacidae_Numenius_phaeopus/330bfe70-81ee-4a24-88a7-37be4471eb54.jpg,185,334,0.01570802597143788,False,False,"[334, 131, 145, 31, 46]"
val/03482_Animalia_Chordata_Aves_Charadriiformes_Scolopacidae_Numenius_phaeopus/3590bce5-a4d7-4d68-8777-05ae65aa66a9.jpg,185,66,0.044193060454807837,False,False,"[66, 163, 88, 140, 41]"
val/03482_Animalia_Chordata_Aves_Charadriiformes_Scolopacidae_Numenius_phaeopus/3d7c7f8e-4c66-49a4-a41e-f2c98f65fd83.jpg,185,136,0.010777201611330722,False,False,"[136, 184, 428, 162, 414]"
val/03482_Animalia_Chordata_Aves_Charadriiformes_Scolopacidae_Numenius_phaeopus/45bd75d4-e6d5-4f7d-a495-052bae6912a8.jpg,185,345,0.010181887866902896,False,False,"[345, 72, 384, 228, 314]"
val/03482_Animalia_Chordata_Aves_Charadriiformes_Scolopacidae_Numenius_phaeopus/539249b3-cdfb-4567-94fb-7ef5964dbb72.jpg,185,228,0.03646445218458668,False,False,"[228, 170, 252, 242, 4]"
val/03482_Animalia_Chordata_Aves_Charadriiformes_Scolopacidae_Numenius_phaeopus/66ed121e-ca7d-4a90-8fad-bd5b5c66adc3.jpg,185,75,0.010972581555935246,False,False,"[75, 133, 485, 252, 56]"
val/03482_Animalia_Chordata_Aves_Charadriiformes_Scolopacidae_Numenius_phaeopus/c0a5e61f-3d0d-479b-b1b3-c83f8a0d1397.jpg,185,93,0.015648258860449463,False,False,"[93, 205, 118, 64, 184]"
val/03482_Animalia_Chordata_Aves_Charadriiformes_Scolopacidae_Numenius_phaeopus/df30c02d-e0c8-4bf9-9498-42bf1bf65d03.jpg,185,211,0.011027875662335906,False,False,"[211, 177, 252, 57, 45]"
val/03495_Animalia_Chordata_Aves_Charadriiformes_Scolopacidae_Tringa_semipalmata/11104c17-fa94-45e3-9568-7e87a0a896a2.jpg,186,135,0.01878168714228077,False,False,"[135, 241, 6, 281, 172]"
val/03495_Animalia_Chordata_Aves_Charadriiformes_Scolopacidae_Tringa_semipalmata/203410df-1cc1-4f79-85aa-725180b7f5c3.jpg,186,304,0.019412449517095788,False,False,"[304, 242, 329, 314, 164]"
val/03495_Animalia_Chordata_Aves_Charadriiformes_Scolopacidae_Tringa_semipalmata/22e5a60d-aa95-4e60-89f4-e8dae903e152.jpg,186,176,0.02084725550533258,False,True,"[176, 186, 62, 162, 34]"
val/03495_Animalia_Chordata_Aves_Charadriiformes_Scolopacidae_Tringa_semipalmata/95ec76a0-a948-4c47-aba2-851955a29969.jpg,186,0,0.013593421661166808,False,False,"[0, 180, 140, 41, 136]"
val/03495_Animalia_Chordata_Aves_Charadriiformes_Scolopacidae_Tringa_semipalmata/9fed409e-1904-409c-ad1b-8e3d88ca24a3.jpg,186,197,0.03917109424467537,False,False,"[197, 172, 241, 252, 40]"
val/03495_Animalia_Chordata_Aves_Charadriiformes_Scolopacidae_Tringa_semipalmata/a0fbf10b-c8a9-4eaa-8092-1c180fe25c1d.jpg,186,255,0.014140756804383979,False,False,"[255, 197, 233, 40, 164]"
val/03495_Animalia_Chordata_Aves_Charadriiformes_Scolopacidae_Tringa_semipalmata/b2d6136e-2f56-40dc-92de-eac2a44408ff.jpg,186,94,0.008876673680323409,False,False,"[94, 311, 119, 437, 449]"
val/03495_Animalia_Chordata_Aves_Charadriiformes_Scolopacidae_Tringa_semipalmata/b30104fb-7abf-4154-a7a9-11d73aa89309.jpg,186,185,0.010980249789037144,False,False,"[185, 236, 175, 22, 154]"
val/03495_Animalia_Chordata_Aves_Charadriiformes_Scolopacidae_Tringa_semipalmata/c33c2d68-771c-4a17-94e4-60c3187e4fd6.jpg,186,174,0.017970651100895865,False,False,"[174, 66, 4, 87, 62]"
val/03495_Animalia_Chordata_Aves_Charadriiformes_Scolopacidae_Tringa_semipalmata/c3ea08d4-f541-4231-853a-586959c20a7e.jpg,186,146,0.01562843871699906,False,False,"[146, 245, 21, 166, 156]"
val/03535_Animalia_Chordata_Aves_Columbiformes_Columbidae_Streptopelia_chinensis/04584960-cf8a-4b7d-9bfb-f0176e033700.jpg,187,376,0.012474231731602703,False,False,"[376, 390, 268, 324, 489]"
val/03535_Animalia_Chordata_Aves_Columbiformes_Columbidae_Streptopelia_chinensis/2314c6a6-9403-4164-ac27-caa8ef7c8a1a.jpg,187,62,0.012701651904425338,False,False,"[62, 228, 164, 197, 185]"
val/03535_Animalia_Chordata_Aves_Columbiformes_Columbidae_Streptopelia_chinensis/33c7c820-b24a-432f-8c75-b85a56d416d6.jpg,187,99,0.022001157093646046,False,False,"[99, 309, 334, 297, 476]"
val/03535_Animalia_Chordata_Aves_Columbiformes_Columbidae_Streptopelia_chinensis/3b3971e5-25d3-4015-af4e-cf7e2638e851.jpg,187,229,0.009256441177340284,False,False,"[229, 115, 9, 236, 61]"
val/03535_Animalia_Chordata_Aves_Columbiformes_Columbidae_Streptopelia_chinensis/6d89250d-cf0a-474a-86d5-3467c305a990.jpg,187,215,0.015137321688662147,False,False,"[215, 186, 401, 342, 338]"
val/03535_Animalia_Chordata_Aves_Columbiformes_Columbidae_Streptopelia_chinensis/6eda7aa4-26e5-4c8a-bde0-c70d3babda29.jpg,187,306,0.016532136320665483,False,False,"[306, 361, 455, 380, 305]"
val/03535_Animalia_Chordata_Aves_Columbiformes_Columbidae_Streptopelia_chinensis/910a6f4e-a5eb-4e3a-a758-41d3d4037317.jpg,187,80,0.008882476772136515,False,False,"[80, 470, 186, 323, 449]"
val/03535_Animalia_Chordata_Aves_Columbiformes_Columbidae_Streptopelia_chinensis/a39a8bf9-ddd5-4d1f-88e1-79a08a02d13f.jpg,187,475,0.015127640615733072,False,False,"[475, 401, 308, 167, 258]"
val/03535_Animalia_Chordata_Aves_Columbiformes_Columbidae_Streptopelia_chinensis/caff59e4-6ff9-4891-a494-aef14880f353.jpg,187,328,0.020133845774337446,False,False,"[328, 58, 241, 203, 231]"
val/03535_Animalia_Chordata_Aves_Columbiformes_Columbidae_Streptopelia_chinensis/d98d2507-d399-4e27-bc9e-383ca2c2c621.jpg,187,164,0.01682257785511924,False,False,"[164, 62, 176, 179, 58]"
val/03538_Animalia_Chordata_Aves_Columbiformes_Columbidae_Streptopelia_semitorquata/01c82b22-2ec8-43e9-9961-457fabb96a25.jpg,188,415,0.009632831635749272,False,True,"[415, 95, 106, 188, 283]"
val/03538_Animalia_Chordata_Aves_Columbiformes_Columbidae_Streptopelia_semitorquata/1a8fddeb-8953-4fcc-bee1-863ca19c6880.jpg,188,34,0.039138440281211065,False,False,"[34, 160, 227, 116, 241]"
val/03538_Animalia_Chordata_Aves_Columbiformes_Columbidae_Streptopelia_semitorquata/34c9e14c-7b27-469d-9a8f-b93253b3787d.jpg,188,228,0.009657702476943312,False,False,"[228, 422, 136, 465, 36]"
val/03538_Animalia_Chordata_Aves_Columbiformes_Columbidae_Streptopelia_semitorquata/a1ad6b2b-73e5-4553-acdf-7a64f0cee4f8.jpg,188,228,0.029758477909589777,False,False,"[228, 243, 406, 185, 205]"
val/03538_Animalia_Chordata_Aves_Columbiformes_Columbidae_Streptopelia_semitorquata/ab148c4e-2d50-491f-ada1-981583802002.jpg,188,87,0.01120000289760926,False,False,"[87, 58, 96, 117, 186]"
val/03538_Animalia_Chordata_Aves_Columbiformes_Columbidae_Streptopelia_semitorquata/ad45744f-5e23-4036-8d6e-29560ec36a0c.jpg,188,241,0.02131792584942891,False,False,"[241, 248, 216, 161, 234]"
val/03538_Animalia_Chordata_Aves_Columbiformes_Columbidae_Streptopelia_semitorquata/c438effd-592c-4595-97bc-3eb8d74fc610.jpg,188,206,0.012494072016428352,False,False,"[206, 409, 215, 106, 173]"
val/03538_Animalia_Chordata_Aves_Columbiformes_Columbidae_Streptopelia_semitorquata/c8de9996-6ad4-4775-83b3-35c033532938.jpg,188,52,0.012205937570298083,False,False,"[52, 61, 73, 57, 415]"
val/03538_Animalia_Chordata_Aves_Columbiformes_Columbidae_Streptopelia_semitorquata/ce2d20f7-ac0a-41ba-8024-434a8ea3de9b.jpg,188,177,0.023150277338157523,False,False,"[177, 186, 55, 75, 241]"
val/03538_Animalia_Chordata_Aves_Columbiformes_Columbidae_Streptopelia_semitorquata/e4ead236-8307-4e03-9eb2-25e0cb2bcfa9.jpg,188,136,0.012641084728942289,False,False,"[136, 182, 85, 183, 224]"
val/03545_Animalia_Chordata_Aves_Columbiformes_Columbidae_Zenaida_auriculata/10b7b29d-4f7c-4d4b-ae8c-606581d59323.jpg,189,228,0.04195397341010531,False,False,"[228, 275, 192, 0, 4]"
val/03545_Animalia_Chordata_Aves_Columbiformes_Columbidae_Zenaida_auriculata/1d0bdafc-d5a8-4cef-ae65-2ef9ee59cef3.jpg,189,193,0.01569523717534216,False,False,"[193, 137, 211, 5, 205]"
val/03545_Animalia_Chordata_Aves_Columbiformes_Columbidae_Zenaida_auriculata/38fa8817-962f-4c86-852d-6af0ec7e6b13.jpg,189,39,0.022426067204374,False,False,"[39, 192, 36, 111, 285]"
val/03545_Animalia_Chordata_Aves_Columbiformes_Columbidae_Zenaida_auriculata/39d1b2d3-19e7-4543-af95-e264e09c5d5f.jpg,189,324,0.010184429899726928,False,False,"[324, 32, 462, 112, 371]"
val/03545_Animalia_Chordata_Aves_Columbiformes_Columbidae_Zenaida_auriculata/436a5005-42cf-4495-a446-41fcef4cd5f6.jpg,189,449,0.009149378175116492,False,False,"[449, 38, 361, 95, 472]"
val/03545_Animalia_Chordata_Aves_Columbiformes_Columbidae_Zenaida_auriculata/97eb28bc-d588-4063-8f95-0fa9e5c92228.jpg,189,205,0.01351074511818014,False,False,"[205, 228, 225, 113, 266]"
val/03545_Animalia_Chordata_Aves_Columbiformes_Columbidae_Zenaida_auriculata/9ede7f8f-d3eb-4f17-8ffe-b6c6fe8e3dc2.jpg,189,189,0.01536561595095607,True,True,"[189, 442, 182, 406, 60]"
val/03545_Animalia_Chordata_Aves_Columbiformes_Columbidae_Zenaida_auriculata/ab44295a-e1d6-4da6-a896-7a360d8a3673.jpg,189,142,0.021816918613535838,False,False,"[142, 171, 34, 285, 4]"
val/03545_Animalia_Chordata_Aves_Columbiformes_Columbidae_Zenaida_auriculata/ab6716a1-f3fa-4e74-8a7d-f7e4cbeffb6e.jpg,189,189,0.01581449931848418,True,True,"[189, 63, 61, 132, 252]"
val/03545_Animalia_Chordata_Aves_Columbiformes_Columbidae_Zenaida_auriculata/dfc158bd-d63d-4b55-a695-077d7a2d2712.jpg,189,329,0.00958728242051185,False,False,"[329, 130, 368, 62, 498]"
val/03564_Animalia_Chordata_Aves_Coraciiformes_Coraciidae_Coracias_benghalensis/0c585ebb-74e0-4db2-94fe-8ec4b1bf646b.jpg,190,55,0.026279146901818703,False,False,"[55, 92, 57, 64, 86]"
val/03564_Animalia_Chordata_Aves_Coraciiformes_Coraciidae_Coracias_benghalensis/108c6618-c5ba-4a3e-af49-e91e3e157ab3.jpg,190,5,0.011598307786060273,False,False,"[5, 159, 268, 189, 23]"
val/03564_Animalia_Chordata_Aves_Coraciiformes_Coraciidae_Coracias_benghalensis/19fc6c31-b5ae-4872-98a4-4427c3143873.jpg,190,229,0.01381892274392755,False,False,"[229, 442, 201, 206, 124]"
val/03564_Animalia_Chordata_Aves_Coraciiformes_Coraciidae_Coracias_benghalensis/8a9b4297-ff11-4743-86fc-573405362255.jpg,190,31,0.016880124541326143,False,False,"[31, 180, 241, 51, 228]"
val/03564_Animalia_Chordata_Aves_Coraciiformes_Coraciidae_Coracias_benghalensis/8e377ea9-a929-4388-afcc-7fa8d0a1e61b.jpg,190,51,0.018832155205716402,False,False,"[51, 224, 23, 118, 86]"
val/03564_Animalia_Chordata_Aves_Coraciiformes_Coraciidae_Coracias_benghalensis/b11899e6-925e-4c49-b23a-9d83544b5257.jpg,190,17,0.02941513560560945,False,False,"[17, 113, 138, 235, 25]"
val/03564_Animalia_Chordata_Aves_Coraciiformes_Coraciidae_Coracias_benghalensis/c85f6444-7fb4-4dbd-a633-d2982dd3d717.jpg,190,171,0.01895292658843841,False,True,"[171, 402, 87, 190, 182]"
val/03564_Animalia_Chordata_Aves_Coraciiformes_Coraciidae_Coracias_benghalensis/d50770aa-6878-42af-936c-3b9cd7cb06bc.jpg,190,197,0.04139953133272819,False,False,"[197, 40, 179, 248, 172]"
val/03564_Animalia_Chordata_Aves_Coraciiformes_Coraciidae_Coracias_benghalensis/db100aef-d7c4-4bd6-b678-320b57f047f5.jpg,190,64,0.01907581347616532,False,False,"[64, 160, 140, 61, 39]"
val/03564_Animalia_Chordata_Aves_Coraciiformes_Coraciidae_Coracias_benghalensis/dc4cd8cd-e3b3-415d-8d71-25dc464f67cb.jpg,190,171,0.0181632199292928,False,False,"[171, 228, 159, 75, 23]"
val/03592_Animalia_Chordata_Aves_Falconiformes_Falconidae_Caracara_cheriway/266188ee-7980-451f-852e-503cc2283a7c.jpg,191,402,0.013807755198219678,False,False,"[402, 235, 252, 126, 116]"
val/03592_Animalia_Chordata_Aves_Falconiformes_Falconidae_Caracara_cheriway/2677bdcc-d37d-45da-a357-0ad7c6bb7f02.jpg,191,160,0.325394465677467,False,False,"[160, 171, 194, 192, 159]"
val/03592_Animalia_Chordata_Aves_Falconiformes_Falconidae_Caracara_cheriway/34c1cd55-03ca-45c5-a580-8500746f37ca.jpg,191,442,0.015040118742887607,False,False,"[442, 467, 431, 240, 222]"
val/03592_Animalia_Chordata_Aves_Falconiformes_Falconidae_Caracara_cheriway/40d59c30-e79d-4404-8e81-f0bff09bd1e9.jpg,191,90,0.011949454386322767,False,False,"[90, 55, 56, 6, 147]"
val/03592_Animalia_Chordata_Aves_Falconiformes_Falconidae_Caracara_cheriway/4eec9082-fc6e-4dd2-9345-46c211dfa40f.jpg,191,52,0.014648648990278419,False,False,"[52, 251, 355, 201, 342]"
val/03592_Animalia_Chordata_Aves_Falconiformes_Falconidae_Caracara_cheriway/68afa692-a453-4e14-bfc1-026e3f1618c3.jpg,191,181,0.02478206092129838,False,False,"[181, 23, 121, 180, 140]"
val/03592_Animalia_Chordata_Aves_Falconiformes_Falconidae_Caracara_cheriway/7ad047e0-4121-449f-8203-f48a7b71c22d.jpg,191,276,0.02253330870450439,False,False,"[276, 167, 66, 61, 119]"
val/03592_Animalia_Chordata_Aves_Falconiformes_Falconidae_Caracara_cheriway/b71274c1-138a-4358-b87b-d1e6458db229.jpg,191,50,0.010091459961610193,False,False,"[50, 471, 45, 52, 144]"
val/03592_Animalia_Chordata_Aves_Falconiformes_Falconidae_Caracara_cheriway/cfcc32fb-49f2-46ce-a71b-0b092fd7fd29.jpg,191,18,0.02759758499620033,False,False,"[18, 73, 180, 92, 56]"
val/03592_Animalia_Chordata_Aves_Falconiformes_Falconidae_Caracara_cheriway/edac2573-14ca-4bad-abeb-2309dc74dd9e.jpg,191,88,0.015082778004227781,False,False,"[88, 96, 55, 64, 61]"
val/03603_Animalia_Chordata_Aves_Falconiformes_Falconidae_Falco_rupicolus/08744756-ccf4-41ec-a803-963c156fcbcf.jpg,192,287,0.00968435739344898,False,False,"[287, 92, 250, 244, 168]"
val/03603_Animalia_Chordata_Aves_Falconiformes_Falconidae_Falco_rupicolus/4592ee7d-76c2-4b84-a020-60a5ef4b686e.jpg,192,55,0.018741260830826743,False,False,"[55, 46, 34, 86, 73]"
val/03603_Animalia_Chordata_Aves_Falconiformes_Falconidae_Falco_rupicolus/754c8409-f7bc-4fca-860e-18799e408804.jpg,192,228,0.012962065676947495,False,False,"[228, 75, 243, 57, 249]"
val/03603_Animalia_Chordata_Aves_Falconiformes_Falconidae_Falco_rupicolus/9f9dc275-2211-4705-a51b-b63d60129fbf.jpg,192,73,0.022967629951610384,False,False,"[73, 86, 55, 65, 87]"
val/03603_Animalia_Chordata_Aves_Falconiformes_Falconidae_Falco_rupicolus/a25d260e-5089-42c0-b957-3189cbde9d7f.jpg,192,174,0.02373539245993372,False,False,"[174, 88, 334, 175, 237]"
val/03603_Animalia_Chordata_Aves_Falconiformes_Falconidae_Falco_rupicolus/b6cc954d-01c0-49a4-8c9f-c6a953a296f0.jpg,192,180,0.053399626334528376,False,False,"[180, 244, 162, 37, 116]"
val/03603_Animalia_Chordata_Aves_Falconiformes_Falconidae_Falco_rupicolus/c55202cb-27b7-4018-8b24-f75126bec25e.jpg,192,34,0.045599296883960215,False,False,"[34, 88, 54, 171, 118]"
val/03603_Animalia_Chordata_Aves_Falconiformes_Falconidae_Falco_rupicolus/eb4a11bd-b571-4434-9540-84f6ed0fca3b.jpg,192,374,0.009238924791591116,False,False,"[374, 396, 414, 440, 249]"
val/03603_Animalia_Chordata_Aves_Falconiformes_Falconidae_Falco_rupicolus/f25ecc6d-9c5b-4eff-9a07-b3a95ee4872e.jpg,192,18,0.015873212646727235,False,False,"[18, 65, 367, 168, 147]"
val/03603_Animalia_Chordata_Aves_Falconiformes_Falconidae_Falco_rupicolus/fac75e2c-fb7a-4dc4-bb04-1069a040b780.jpg,192,172,0.018899473462067277,False,False,"[172, 162, 196, 243, 241]"
val/03610_Animalia_Chordata_Aves_Falconiformes_Falconidae_Milvago_chimango/113c80c4-9874-48a4-888e-1e988f2db289.jpg,193,303,0.01119829511343242,False,False,"[303, 97, 460, 352, 22]"
val/03610_Animalia_Chordata_Aves_Falconiformes_Falconidae_Milvago_chimango/3703dbd0-263c-490a-bfda-903de422abc1.jpg,193,138,0.009760402707622233,False,False,"[138, 88, 214, 192, 194]"
val/03610_Animalia_Chordata_Aves_Falconiformes_Falconidae_Milvago_chimango/3888f483-0ffb-4689-a4f0-5abeb4d4bf62.jpg,193,83,0.023383716338528045,False,False,"[83, 370, 271, 88, 499]"
val/03610_Animalia_Chordata_Aves_Falconiformes_Falconidae_Milvago_chimango/771f69da-0d5f-46c6-8b4a-c280b7895898.jpg,193,223,0.028854841034447506,False,False,"[223, 455, 445, 46, 402]"
val/03610_Animalia_Chordata_Aves_Falconiformes_Falconidae_Milvago_chimango/8c14d398-0da0-4243-9dae-9d5b80fb4ac8.jpg,193,54,0.009215131880724186,False,False,"[54, 495, 207, 45, 482]"
val/03610_Animalia_Chordata_Aves_Falconiformes_Falconidae_Milvago_chimango/9c7c023d-e136-4028-95a3-6bfe1eb307cc.jpg,193,135,0.015909449989218807,False,False,"[135, 40, 43, 123, 45]"
val/03610_Animalia_Chordata_Aves_Falconiformes_Falconidae_Milvago_chimango/b35e34ea-3c07-4b7a-b1b6-d95052394c1a.jpg,193,62,0.032556042844477676,False,False,"[62, 328, 246, 4, 241]"
val/03610_Animalia_Chordata_Aves_Falconiformes_Falconidae_Milvago_chimango/bf88752c-ee9a-4233-90d5-6af21f59cbc0.jpg,193,235,0.01702122133443972,False,False,"[235, 166, 71, 75, 53]"
val/03610_Animalia_Chordata_Aves_Falconiformes_Falconidae_Milvago_chimango/dc80e55a-29f4-4d73-87c9-e861726d68fb.jpg,193,176,0.013339102922928175,False,False,"[176, 25, 64, 148, 232]"
val/03610_Animalia_Chordata_Aves_Falconiformes_Falconidae_Milvago_chimango/e203fa7e-9e8b-4b5e-87e6-1406ab4e8ed6.jpg,193,265,0.015895988193872095,False,False,"[265, 244, 83, 241, 37]"
val/03625_Animalia_Chordata_Aves_Galliformes_Phasianidae_Alectoris_chukar/00f9d027-ae31-437e-b5cf-2e53e1a2e9d6.jpg,194,28,0.017082437092432252,False,False,"[28, 13, 281, 22, 43]"
val/03625_Animalia_Chordata_Aves_Galliformes_Phasianidae_Alectoris_chukar/053e0693-deab-4e80-8953-5bfc97b1d341.jpg,194,176,0.0090882138856027,False,False,"[176, 80, 436, 381, 151]"
val/03625_Animalia_Chordata_Aves_Galliformes_Phasianidae_Alectoris_chukar/0b21a9fb-3378-4c29-81f8-d014fdc360fe.jpg,194,314,0.013334033170345068,False,False,"[314, 306, 484, 444, 396]"
val/03625_Animalia_Chordata_Aves_Galliformes_Phasianidae_Alectoris_chukar/2d83a93f-5930-4e43-8bb9-efab5305943d.jpg,194,335,0.009755340622207615,False,False,"[335, 25, 73, 277, 145]"
val/03625_Animalia_Chordata_Aves_Galliformes_Phasianidae_Alectoris_chukar/57ed19d6-ea6b-4d44-84f2-7f6fdb96dc3e.jpg,194,219,0.009406155631748006,False,False,"[219, 225, 261, 41, 208]"
val/03625_Animalia_Chordata_Aves_Galliformes_Phasianidae_Alectoris_chukar/87e69431-f146-4232-a67b-57396fe53f1a.jpg,194,22,0.01506786826768122,False,False,"[22, 374, 219, 464, 158]"
val/03625_Animalia_Chordata_Aves_Galliformes_Phasianidae_Alectoris_chukar/8cf23c92-9cc0-46e7-8738-984cc37857f9.jpg,194,162,0.01677439270821434,False,False,"[162, 84, 217, 406, 125]"
val/03625_Animalia_Chordata_Aves_Galliformes_Phasianidae_Alectoris_chukar/a01561cf-bce3-47ab-93ca-f5d3b75b3e82.jpg,194,418,0.01332409881157714,False,False,"[418, 455, 392, 306, 356]"
val/03625_Animalia_Chordata_Aves_Galliformes_Phasianidae_Alectoris_chukar/aa715309-d72f-4f22-af1e-d8ba34d8f4ee.jpg,194,485,0.010398368330843993,False,False,"[485, 307, 94, 308, 102]"
val/03625_Animalia_Chordata_Aves_Galliformes_Phasianidae_Alectoris_chukar/bf5b044c-cbb1-482a-8b78-617a873075c4.jpg,194,252,0.012329740458021066,False,False,"[252, 165, 236, 196, 241]"
val/03653_Animalia_Chordata_Aves_Gruiformes_Rallidae_Aramides_albiventris/47861caa-cdc7-4e48-8210-4ee566742e70.jpg,195,174,0.015381231875074253,False,False,"[174, 216, 271, 65, 198]"
val/03653_Animalia_Chordata_Aves_Gruiformes_Rallidae_Aramides_albiventris/48e2133d-be80-47d0-80fd-8f0b8cb141a8.jpg,195,359,0.01119460372277806,False,False,"[359, 467, 374, 401, 446]"
val/03653_Animalia_Chordata_Aves_Gruiformes_Rallidae_Aramides_albiventris/54c8c469-b099-41af-be41-b7c776c439c1.jpg,195,341,0.0093823833044305,False,False,"[341, 256, 89, 427, 15]"
val/03653_Animalia_Chordata_Aves_Gruiformes_Rallidae_Aramides_albiventris/5913d443-d087-42ae-8516-535fe19a697a.jpg,195,381,0.009171331564662554,False,False,"[381, 472, 297, 283, 8]"
val/03653_Animalia_Chordata_Aves_Gruiformes_Rallidae_Aramides_albiventris/66ab401b-715f-4407-8079-8eaccf3c5469.jpg,195,467,0.01044394192441576,False,False,"[467, 343, 305, 458, 318]"
val/03653_Animalia_Chordata_Aves_Gruiformes_Rallidae_Aramides_albiventris/7cca7f6b-b5be-4081-b3f6-8ee249baacb1.jpg,195,327,0.009853747992240447,False,False,"[327, 413, 256, 206, 345]"
val/03653_Animalia_Chordata_Aves_Gruiformes_Rallidae_Aramides_albiventris/926e6e9c-69be-4f9a-949a-91b5341d5ee3.jpg,195,355,0.009712919374334923,False,False,"[355, 461, 468, 433, 387]"
val/03653_Animalia_Chordata_Aves_Gruiformes_Rallidae_Aramides_albiventris/a1e51b12-c6f0-4444-912a-21c792142744.jpg,195,273,0.015781646254599064,False,False,"[273, 156, 467, 311, 178]"
val/03653_Animalia_Chordata_Aves_Gruiformes_Rallidae_Aramides_albiventris/ae74b2eb-9f35-4dcf-8fb8-3d2df7cae31f.jpg,195,498,0.010180151047660962,False,False,"[498, 491, 483, 495, 338]"
val/03653_Animalia_Chordata_Aves_Gruiformes_Rallidae_Aramides_albiventris/e5d18ab0-82dd-4432-8d08-b20b1951c7ce.jpg,195,394,0.010570549113007283,False,False,"[394, 426, 168, 253, 271]"
val/03657_Animalia_Chordata_Aves_Gruiformes_Rallidae_Fulica_armillata/0a9d1eca-a7e2-4446-8890-aa086d273acc.jpg,196,496,0.011751899437795931,False,False,"[496, 295, 461, 300, 446]"
val/03657_Animalia_Chordata_Aves_Gruiformes_Rallidae_Fulica_armillata/1591b161-830e-4bc8-9f21-237baabdfb2e.jpg,196,242,0.01863908465408431,False,False,"[242, 216, 135, 172, 125]"
val/03657_Animalia_Chordata_Aves_Gruiformes_Rallidae_Fulica_armillata/1ca434b8-09eb-4688-986c-8244801ad013.jpg,196,172,0.034013741924372676,False,False,"[172, 180, 197, 241, 334]"
val/03657_Animalia_Chordata_Aves_Gruiformes_Rallidae_Fulica_armillata/5ba0b3f8-ebf9-4a82-bb7a-52c4a3edd321.jpg,196,87,0.026321470994637705,False,False,"[87, 31, 74, 64, 55]"
val/03657_Animalia_Chordata_Aves_Gruiformes_Rallidae_Fulica_armillata/88a21604-875f-4eb5-99ae-04a12add99f1.jpg,196,148,0.01669142906908806,False,False,"[148, 23, 25, 111, 185]"
val/03657_Animalia_Chordata_Aves_Gruiformes_Rallidae_Fulica_armillata/b50e8cc6-df11-4216-8a57-df749443b0f1.jpg,196,197,0.037143358489013525,False,False,"[197, 161, 185, 172, 164]"
val/03657_Animalia_Chordata_Aves_Gruiformes_Rallidae_Fulica_armillata/c01384e7-623c-4fe9-8670-5183aa8c13d1.jpg,196,40,0.015120801849786411,False,False,"[40, 164, 175, 186, 266]"
val/03657_Animalia_Chordata_Aves_Gruiformes_Rallidae_Fulica_armillata/cac6bff0-abce-4a8b-acd5-924a4f8a7808.jpg,196,360,0.01566476709768181,False,False,"[360, 467, 382, 418, 208]"
val/03657_Animalia_Chordata_Aves_Gruiformes_Rallidae_Fulica_armillata/dd08833f-e414-400b-a116-cb1a63fd5095.jpg,196,196,0.0300174866449987,True,True,"[196, 65, 62, 172, 237]"
val/03657_Animalia_Chordata_Aves_Gruiformes_Rallidae_Fulica_armillata/e52d1b78-8278-43b9-82b4-1ca8e00de4e2.jpg,196,242,0.016381015541509295,False,False,"[242, 227, 186, 241, 116]"
val/03659_Animalia_Chordata_Aves_Gruiformes_Rallidae_Fulica_cristata/296fa408-5ffd-429e-95ad-8b371d4d08f4.jpg,197,297,0.015904909425898082,False,False,"[297, 327, 19, 387, 134]"
val/03659_Animalia_Chordata_Aves_Gruiformes_Rallidae_Fulica_cristata/365843ab-ea6b-4abc-a4ec-a632c61e09bf.jpg,197,66,0.01945474619717613,False,False,"[66, 17, 231, 73, 31]"
val/03659_Animalia_Chordata_Aves_Gruiformes_Rallidae_Fulica_cristata/378ad6a3-b130-464f-b574-24a1bf5981d2.jpg,197,496,0.017885956345062147,False,False,"[496, 426, 228, 327, 199]"
val/03659_Animalia_Chordata_Aves_Gruiformes_Rallidae_Fulica_cristata/5d24621e-c8a3-45f1-8929-aa774c253c6f.jpg,197,172,0.05188935104139908,False,True,"[172, 197, 266, 226, 40]"
val/03659_Animalia_Chordata_Aves_Gruiformes_Rallidae_Fulica_cristata/651aa603-980f-412f-b7cc-8424434b3552.jpg,197,274,0.009078581867752802,False,False,"[274, 203, 54, 102, 489]"
val/03659_Animalia_Chordata_Aves_Gruiformes_Rallidae_Fulica_cristata/7c0ea9d2-4a05-4618-906f-908a9c072da0.jpg,197,55,0.016171946694164007,False,False,"[55, 66, 87, 96, 140]"
val/03659_Animalia_Chordata_Aves_Gruiformes_Rallidae_Fulica_cristata/8dc1a96c-0241-4c83-bae3-34d0d0865558.jpg,197,334,0.009110428850483384,False,False,"[334, 237, 497, 488, 15]"
val/03659_Animalia_Chordata_Aves_Gruiformes_Rallidae_Fulica_cristata/c2ff9a74-9a62-4ffa-b1e8-07e0bb2c7dac.jpg,197,172,0.027848987279969338,False,True,"[172, 197, 236, 164, 182]"
val/03659_Animalia_Chordata_Aves_Gruiformes_Rallidae_Fulica_cristata/d95a6abd-01ac-4e55-a28a-62d27031a02e.jpg,197,117,0.015423675155941173,False,False,"[117, 126, 28, 180, 168]"
val/03659_Animalia_Chordata_Aves_Gruiformes_Rallidae_Fulica_cristata/fb7dbe12-3d71-4f97-a8da-0d7b21e8c928.jpg,197,164,0.02449580073726477,False,True,"[164, 163, 172, 28, 197]"
val/03660_Animalia_Chordata_Aves_Gruiformes_Rallidae_Gallinula_chloropus/0ce67aa7-3243-416b-8c10-9208096fe12b.jpg,198,196,0.010951609295296406,False,False,"[196, 161, 334, 120, 30]"
val/03660_Animalia_Chordata_Aves_Gruiformes_Rallidae_Gallinula_chloropus/4c7b8355-c1d5-47dd-8da9-a6658b35f070.jpg,198,327,0.009864961655484256,False,False,"[327, 271, 425, 187, 433]"
val/03660_Animalia_Chordata_Aves_Gruiformes_Rallidae_Gallinula_chloropus/7867b94e-1c5c-4b00-9e43-ab2920fac9bb.jpg,198,48,0.01025762456837613,False,False,"[48, 278, 72, 319, 174]"
val/03660_Animalia_Chordata_Aves_Gruiformes_Rallidae_Gallinula_chloropus/949fc99d-34ed-4f41-9adc-e04bce5230bb.jpg,198,476,0.018795889771857744,False,False,"[476, 271, 314, 305, 199]"
val/03660_Animalia_Chordata_Aves_Gruiformes_Rallidae_Gallinula_chloropus/bc5cf773-cd2c-4700-ad69-449774bf8c85.jpg,198,306,0.009996430684193456,False,False,"[306, 426, 422, 260, 268]"
val/03660_Animalia_Chordata_Aves_Gruiformes_Rallidae_Gallinula_chloropus/ca31d80a-2a9e-4ec4-a6c1-073e38547862.jpg,198,241,0.029165045059062335,False,False,"[241, 242, 172, 162, 228]"
val/03660_Animalia_Chordata_Aves_Gruiformes_Rallidae_Gallinula_chloropus/cf5a555a-2423-41e6-8bf0-4eb879c753eb.jpg,198,178,0.015668413674547008,False,False,"[178, 334, 83, 152, 194]"
val/03660_Animalia_Chordata_Aves_Gruiformes_Rallidae_Gallinula_chloropus/d7ebf25b-89f0-4460-a811-a9fbc7ac3ca6.jpg,198,219,0.009270039702126358,False,False,"[219, 159, 146, 124, 139]"
val/03660_Animalia_Chordata_Aves_Gruiformes_Rallidae_Gallinula_chloropus/f9a46ee5-1607-42ac-8eab-dc44788300fe.jpg,198,334,0.03410695997240759,False,False,"[334, 216, 165, 329, 233]"
val/03660_Animalia_Chordata_Aves_Gruiformes_Rallidae_Gallinula_chloropus/fc1e42c9-8b94-405d-a25c-cfda55ff44ba.jpg,198,243,0.009904514693546732,False,False,"[243, 17, 221, 6, 1]"
val/03668_Animalia_Chordata_Aves_Gruiformes_Rallidae_Porzana_carolina/01d35886-591a-47b7-a11b-ea08515ef0e7.jpg,199,327,0.019829272153860364,False,False,"[327, 412, 453, 131, 357]"
val/03668_Animalia_Chordata_Aves_Gruiformes_Rallidae_Porzana_carolina/227d6099-9496-4f68-9525-7916d50b0a03.jpg,199,82,0.015480001480131532,False,False,"[82, 52, 153, 44, 232]"
val/03668_Animalia_Chordata_Aves_Gruiformes_Rallidae_Porzana_carolina/26946c1b-94e7-46ef-8977-a556f5343875.jpg,199,265,0.015031853957006635,False,False,"[265, 281, 180, 197, 235]"
val/03668_Animalia_Chordata_Aves_Gruiformes_Rallidae_Porzana_carolina/31b342c0-bbbb-41ff-871f-dc41f627e820.jpg,199,29,0.010075252089594628,False,False,"[29, 304, 210, 299, 95]"
val/03668_Animalia_Chordata_Aves_Gruiformes_Rallidae_Porzana_carolina/372ea1be-633d-4ac3-bc07-2146097c91ab.jpg,199,268,0.016042415412900364,False,False,"[268, 378, 380, 408, 383]"
val/03668_Animalia_Chordata_Aves_Gruiformes_Rallidae_Porzana_carolina/65798fc6-7e94-4759-938c-d79e82b90cff.jpg,199,309,0.01630599754173703,False,False,"[309, 150, 494, 314, 304]"
val/03668_Animalia_Chordata_Aves_Gruiformes_Rallidae_Porzana_carolina/9083a056-3db3-4331-9ad7-fdb775d08a8a.jpg,199,179,0.009287809452634962,False,False,"[179, 60, 423, 465, 81]"
val/03668_Animalia_Chordata_Aves_Gruiformes_Rallidae_Porzana_carolina/a818cf2e-80e6-4c6e-949e-d1e99d8a70e9.jpg,199,306,0.014174787436118459,False,False,"[306, 314, 476, 296, 311]"
val/03668_Animalia_Chordata_Aves_Gruiformes_Rallidae_Porzana_carolina/dec3d462-1916-4669-9c31-f8987fedac81.jpg,199,13,0.01687400269482473,False,False,"[13, 475, 3, 208, 268]"
val/03668_Animalia_Chordata_Aves_Gruiformes_Rallidae_Porzana_carolina/eb1bddcd-9c4b-4588-9bd7-4d09b9d20642.jpg,199,234,0.010303193741671067,False,False,"[234, 213, 40, 44, 7]"
val/03720_Animalia_Chordata_Aves_Passeriformes_Cardinalidae_Pheucticus_ludovicianus/0f94829b-6fbd-4ab5-bc3d-f90670d35898.jpg,200,125,0.01609580555442237,False,False,"[125, 40, 177, 247, 57]"
val/03720_Animalia_Chordata_Aves_Passeriformes_Cardinalidae_Pheucticus_ludovicianus/8f98bf8c-c41b-49ec-b1bc-16a2bdc075ba.jpg,200,341,0.01816817392451398,False,False,"[341, 353, 392, 289, 20]"
val/03720_Animalia_Chordata_Aves_Passeriformes_Cardinalidae_Pheucticus_ludovicianus/9ced8213-b971-4447-8c65-009036793c15.jpg,200,134,0.009326928618466537,False,False,"[134, 165, 74, 150, 347]"
val/03720_Animalia_Chordata_Aves_Passeriformes_Cardinalidae_Pheucticus_ludovicianus/ad13cee3-7370-40fe-9071-6285ba7e95fd.jpg,200,341,0.014750861606164097,False,False,"[341, 485, 60, 48, 240]"
val/03720_Animalia_Chordata_Aves_Passeriformes_Cardinalidae_Pheucticus_ludovicianus/b07e8f88-8555-46ce-b463-035cf07a32cb.jpg,200,334,0.0159566594673159,False,False,"[334, 332, 178, 496, 494]"
val/03720_Animalia_Chordata_Aves_Passeriformes_Cardinalidae_Pheucticus_ludovicianus/bec1e9b9-1304-4de8-8964-eeed8216694d.jpg,200,27,0.00891303337367179,False,False,"[27, 493, 250, 138, 334]"
val/03720_Animalia_Chordata_Aves_Passeriformes_Cardinalidae_Pheucticus_ludovicianus/e0882d56-43dc-4e49-8771-5533004cc9b1.jpg,200,148,0.016469158392133566,False,False,"[148, 75, 26, 16, 244]"
val/03720_Animalia_Chordata_Aves_Passeriformes_Cardinalidae_Pheucticus_ludovicianus/e194cba6-ddca-4be2-a634-675ac32a5a99.jpg,200,328,0.014746050006689352,False,False,"[328, 105, 122, 301, 415]"
val/03720_Animalia_Chordata_Aves_Passeriformes_Cardinalidae_Pheucticus_ludovicianus/e9f017d9-a652-406f-b30f-7276c516b53c.jpg,200,341,0.009560520210989212,False,False,"[341, 337, 472, 386, 474]"
val/03720_Animalia_Chordata_Aves_Passeriformes_Cardinalidae_Pheucticus_ludovicianus/ed335b15-ac2e-46b6-b9df-737d73496df2.jpg,200,96,0.011499340829715182,False,False,"[96, 239, 205, 17, 248]"
val/03722_Animalia_Chordata_Aves_Passeriformes_Cardinalidae_Piranga_bidentata/10220279-0960-4cbe-931d-740286f406fe.jpg,201,7,0.015522904189497151,False,False,"[7, 67, 213, 186, 129]"
val/03722_Animalia_Chordata_Aves_Passeriformes_Cardinalidae_Piranga_bidentata/55c0054e-28cf-4a92-92bd-42ecf5fd62a9.jpg,201,206,0.009039354068166755,False,False,"[206, 243, 115, 365, 216]"
val/03722_Animalia_Chordata_Aves_Passeriformes_Cardinalidae_Piranga_bidentata/847c61b3-fe78-4362-8bb9-9e056510c0cb.jpg,201,322,0.02299704782224311,False,False,"[322, 321, 468, 462, 219]"
val/03722_Animalia_Chordata_Aves_Passeriformes_Cardinalidae_Piranga_bidentata/8d202612-6bf2-44ef-8f7a-eabf878e1ada.jpg,201,245,0.009392737254907938,False,False,"[245, 460, 230, 167, 15]"
val/03722_Animalia_Chordata_Aves_Passeriformes_Cardinalidae_Piranga_bidentata/8f0ba560-5b55-40c2-8deb-35e837cef62e.jpg,201,271,0.017315808250207995,False,False,"[271, 168, 136, 135, 120]"
val/03722_Animalia_Chordata_Aves_Passeriformes_Cardinalidae_Piranga_bidentata/90b14b90-798c-4878-8601-24328b77a3d7.jpg,201,202,0.010819928335042165,False,False,"[202, 346, 413, 298, 342]"
val/03722_Animalia_Chordata_Aves_Passeriformes_Cardinalidae_Piranga_bidentata/9a7f43a4-2ad1-4d40-8b05-5252254f3cb2.jpg,201,384,0.010043255311519932,False,False,"[384, 488, 315, 337, 499]"
val/03722_Animalia_Chordata_Aves_Passeriformes_Cardinalidae_Piranga_bidentata/b036dd11-fdb9-49fd-8f87-a43be225fe27.jpg,201,197,0.009688249545427336,False,False,"[197, 218, 122, 423, 193]"
val/03722_Animalia_Chordata_Aves_Passeriformes_Cardinalidae_Piranga_bidentata/d22eb2d0-63ff-45cf-93d4-8d6e6bb6d661.jpg,201,200,0.009241750020269687,False,False,"[200, 344, 66, 121, 235]"
val/03722_Animalia_Chordata_Aves_Passeriformes_Cardinalidae_Piranga_bidentata/d5b1731c-7d1f-4884-afae-dba6074ea749.jpg,201,405,0.009973888533747555,False,False,"[405, 219, 97, 256, 9]"
val/03744_Animalia_Chordata_Aves_Passeriformes_Corvidae_Aphelocoma_woodhouseii/03b570de-9694-4aac-ac91-8310f4c0e3b7.jpg,202,480,0.014348288102352606,False,False,"[480, 346, 379, 363, 370]"
val/03744_Animalia_Chordata_Aves_Passeriformes_Corvidae_Aphelocoma_woodhouseii/04bd4741-c1f4-4dd0-a981-68e99d28ceca.jpg,202,390,0.01577353322523146,False,False,"[390, 289, 145, 467, 354]"
val/03744_Animalia_Chordata_Aves_Passeriformes_Corvidae_Aphelocoma_woodhouseii/0d4779b1-9cb8-4e40-aaad-0a84ca1af108.jpg,202,58,0.010341022004906613,False,False,"[58, 258, 44, 121, 155]"
val/03744_Animalia_Chordata_Aves_Passeriformes_Corvidae_Aphelocoma_woodhouseii/54f62163-86f9-4686-a883-245e461ea241.jpg,202,154,0.015598651864891119,False,False,"[154, 338, 292, 493, 244]"
val/03744_Animalia_Chordata_Aves_Passeriformes_Corvidae_Aphelocoma_woodhouseii/7ecb3c82-118c-48f3-90d7-7e53b4dfe096.jpg,202,269,0.029247811600590416,False,False,"[269, 149, 203, 261, 276]"
val/03744_Animalia_Chordata_Aves_Passeriformes_Corvidae_Aphelocoma_woodhouseii/83f7f00b-c09c-43bf-97c3-7eb703005b6e.jpg,202,238,0.016001176156967903,False,False,"[238, 90, 206, 446, 199]"
val/03744_Animalia_Chordata_Aves_Passeriformes_Corvidae_Aphelocoma_woodhouseii/8e2fdfd5-8bce-4920-aa1c-40945662c14f.jpg,202,338,0.009399725653789439,False,False,"[338, 249, 278, 42, 244]"
val/03744_Animalia_Chordata_Aves_Passeriformes_Corvidae_Aphelocoma_woodhouseii/94152a62-d547-4b05-9ae6-afbab7e88770.jpg,202,235,0.030403669570717284,False,False,"[235, 140, 139, 224, 134]"
val/03744_Animalia_Chordata_Aves_Passeriformes_Corvidae_Aphelocoma_woodhouseii/a05aec8e-1ca5-40d8-b234-1ad0148b708e.jpg,202,31,0.010136387368396475,False,False,"[31, 243, 63, 29, 85]"
val/03744_Animalia_Chordata_Aves_Passeriformes_Corvidae_Aphelocoma_woodhouseii/bd9e40ad-1d85-421f-9217-a86ccd094631.jpg,202,14,0.009386139068192237,False,False,"[14, 74, 39, 309, 164]"
val/03767_Animalia_Chordata_Aves_Passeriformes_Corvidae_Dendrocitta_formosae/2c86a555-7c09-4641-97b8-375549686b03.jpg,203,378,0.01069948351871352,False,False,"[378, 404, 457, 410, 107]"
val/03767_Animalia_Chordata_Aves_Passeriformes_Corvidae_Dendrocitta_formosae/45484266-17ab-4313-9d89-f42d5acd4172.jpg,203,334,0.017397183880666592,False,False,"[334, 18, 242, 197, 161]"
val/03767_Animalia_Chordata_Aves_Passeriformes_Corvidae_Dendrocitta_formosae/5ce66621-b175-4771-b077-1390a00fb98e.jpg,203,430,0.015323440273898049,False,False,"[430, 432, 287, 194, 479]"
val/03767_Animalia_Chordata_Aves_Passeriformes_Corvidae_Dendrocitta_formosae/7c60242a-a5fb-4717-ab64-f5c542101739.jpg,203,221,0.009861678522990556,False,False,"[221, 119, 159, 126, 190]"
val/03767_Animalia_Chordata_Aves_Passeriformes_Corvidae_Dendrocitta_formosae/84e17634-fa88-4a55-b9f8-f92642653b19.jpg,203,329,0.03119871301236487,False,False,"[329, 334, 327, 271, 394]"
val/03767_Animalia_Chordata_Aves_Passeriformes_Corvidae_Dendrocitta_formosae/90df9144-c726-4a57-9b0c-2f378a7e8ff6.jpg,203,228,0.02907586326501899,False,False,"[228, 4, 0, 172, 127]"
val/03767_Animalia_Chordata_Aves_Passeriformes_Corvidae_Dendrocitta_formosae/be13ce15-4409-494e-8b44-46e38ea4c697.jpg,203,375,0.01014157025924652,False,False,"[375, 488, 343, 402, 15]"
val/03767_Animalia_Chordata_Aves_Passeriformes_Corvidae_Dendrocitta_formosae/d7866e46-830f-4dba-bb18-97ccf63a3568.jpg,203,43,0.017251776782628014,False,False,"[43, 194, 228, 25, 282]"
val/03767_Animalia_Chordata_Aves_Passeriformes_Corvidae_Dendrocitta_formosae/eebb7ca8-cdef-446a-a317-690daed0acd6.jpg,203,373,0.02220885372323384,False,False,"[373, 341, 486, 484, 335]"
val/03767_Animalia_Chordata_Aves_Passeriformes_Corvidae_Dendrocitta_formosae/fca0717a-bb76-4ab0-87c6-2ea22c88ec92.jpg,203,176,0.01033825310424802,False,False,"[176, 125, 149, 280, 115]"
val/03795_Animalia_Chordata_Aves_Passeriformes_Emberizidae_Emberiza_spodocephala/11348a2b-4a43-4130-bbd7-74efdceb5e17.jpg,204,228,0.05911058423235513,False,False,"[228, 243, 192, 191, 0]"
val/03795_Animalia_Chordata_Aves_Passeriformes_Emberizidae_Emberiza_spodocephala/1c17038e-022f-4e58-b36d-623316fd32c2.jpg,204,329,0.009664749929759176,False,False,"[329, 168, 475, 296, 425]"
val/03795_Animalia_Chordata_Aves_Passeriformes_Emberizidae_Emberiza_spodocephala/4372935d-e088-42e9-ac78-70b8c35614a9.jpg,204,128,0.021346532998795475,False,False,"[128, 494, 89, 364, 258]"
val/03795_Animalia_Chordata_Aves_Passeriformes_Emberizidae_Emberiza_spodocephala/57eafef9-20c7-42b0-944a-c2677fb12a9c.jpg,204,113,0.015001423186006158,False,False,"[113, 309, 384, 293, 201]"
val/03795_Animalia_Chordata_Aves_Passeriformes_Emberizidae_Emberiza_spodocephala/6f5d824f-aaa0-41d2-b64f-9b71a8a7b7b4.jpg,204,409,0.008928365283668159,False,False,"[409, 447, 223, 90, 352]"
val/03795_Animalia_Chordata_Aves_Passeriformes_Emberizidae_Emberiza_spodocephala/784e11f3-2fd9-4398-964a-bce9ca687402.jpg,204,369,0.009915270420081602,False,False,"[369, 305, 389, 359, 307]"
val/03795_Animalia_Chordata_Aves_Passeriformes_Emberizidae_Emberiza_spodocephala/8003e9a8-c019-4b8e-b836-f9f76bc14861.jpg,204,58,0.01435519885260013,False,False,"[58, 56, 51, 25, 50]"
val/03795_Animalia_Chordata_Aves_Passeriformes_Emberizidae_Emberiza_spodocephala/d70fa3d7-26de-43ac-93ac-0fdda064a490.jpg,204,205,0.015948036600142913,False,False,"[205, 158, 228, 169, 51]"
val/03795_Animalia_Chordata_Aves_Passeriformes_Emberizidae_Emberiza_spodocephala/e74f8e13-902d-4a06-9d89-222cdcd1add7.jpg,204,325,0.01570136027996352,False,False,"[325, 272, 333, 463, 332]"
val/03795_Animalia_Chordata_Aves_Passeriformes_Emberizidae_Emberiza_spodocephala/eb78a722-dee9-4594-b001-ce4baa4b6b65.jpg,204,410,0.00941660223589047,False,False,"[410, 404, 106, 272, 2]"
val/03860_Animalia_Chordata_Aves_Passeriformes_Hirundinidae_Stelgidopteryx_ruficollis/061c2776-5545-4fb4-aad5-2ee596d8d5e8.jpg,205,196,0.03477593659769102,False,False,"[196, 164, 197, 241, 172]"
val/03860_Animalia_Chordata_Aves_Passeriformes_Hirundinidae_Stelgidopteryx_ruficollis/08809793-3d29-4dd9-ac95-513291634ef0.jpg,205,171,0.16698718568320467,False,False,"[171, 160, 172, 185, 235]"
val/03860_Animalia_Chordata_Aves_Passeriformes_Hirundinidae_Stelgidopteryx_ruficollis/1969ce01-2227-4612-8012-55b77ea88992.jpg,205,87,0.018726070997893533,False,False,"[87, 75, 61, 55, 64]"
val/03860_Animalia_Chordata_Aves_Passeriformes_Hirundinidae_Stelgidopteryx_ruficollis/4abe90da-510c-4ba7-bf38-03c8af8888a1.jpg,205,164,0.017092692628766035,False,False,"[164, 62, 159, 220, 225]"
val/03860_Animalia_Chordata_Aves_Passeriformes_Hirundinidae_Stelgidopteryx_ruficollis/4dbcc8b8-8ed5-49eb-86e6-c57c2d68a8b3.jpg,205,40,0.012292585653728016,False,False,"[40, 282, 65, 186, 24]"
val/03860_Animalia_Chordata_Aves_Passeriformes_Hirundinidae_Stelgidopteryx_ruficollis/5eee763d-a0e1-4a9c-a62d-032a0bac7453.jpg,205,228,0.03884779736042261,False,False,"[228, 0, 4, 127, 203]"
val/03860_Animalia_Chordata_Aves_Passeriformes_Hirundinidae_Stelgidopteryx_ruficollis/7683f035-d48c-4c2a-853b-fd5c86c58671.jpg,205,53,0.00942084278562704,False,False,"[53, 12, 25, 261, 230]"
val/03860_Animalia_Chordata_Aves_Passeriformes_Hirundinidae_Stelgidopteryx_ruficollis/7a12dce7-0ae7-4ee0-8a4c-767faf9bfecd.jpg,205,135,0.02459136592995126,False,False,"[135, 133, 266, 69, 11]"
val/03860_Animalia_Chordata_Aves_Passeriformes_Hirundinidae_Stelgidopteryx_ruficollis/d8def115-de29-4a14-80d4-597535ba6066.jpg,205,119,0.0163567989556017,False,False,"[119, 127, 148, 231, 179]"
val/03860_Animalia_Chordata_Aves_Passeriformes_Hirundinidae_Stelgidopteryx_ruficollis/f395db99-2240-45d6-9a15-62041eef2f5b.jpg,205,242,0.023697225338666004,False,False,"[242, 159, 75, 51, 176]"
val/03917_Animalia_Chordata_Aves_Passeriformes_Malaconotidae_Dryoscopus_cubla/1f3e1164-0c5c-4e22-80bc-cb8c2d75789f.jpg,206,206,0.0223045008783894,True,True,"[206, 219, 136, 222, 50]"
val/03917_Animalia_Chordata_Aves_Passeriformes_Malaconotidae_Dryoscopus_cubla/1f878a13-1dfe-444f-8b02-6ccbb09d89ed.jpg,206,308,0.011271604540957911,False,False,"[308, 10, 289, 472, 359]"
val/03917_Animalia_Chordata_Aves_Passeriformes_Malaconotidae_Dryoscopus_cubla/21918f38-f3eb-4891-91bb-45481689ec38.jpg,206,234,0.0210583267866835,False,False,"[234, 170, 207, 210, 427]"
val/03917_Animalia_Chordata_Aves_Passeriformes_Malaconotidae_Dryoscopus_cubla/3fc600da-3ee3-4013-8461-3c8526f74802.jpg,206,464,0.01021514739082725,False,False,"[464, 392, 389, 481, 372]"
val/03917_Animalia_Chordata_Aves_Passeriformes_Malaconotidae_Dryoscopus_cubla/57df23fd-ea27-47d8-86e6-505a833eea23.jpg,206,181,0.009290850151283383,False,False,"[181, 33, 218, 27, 251]"
val/03917_Animalia_Chordata_Aves_Passeriformes_Malaconotidae_Dryoscopus_cubla/75671eea-252a-4e05-8de4-a6658098f2a7.jpg,206,229,0.00970696579116042,False,False,"[229, 272, 348, 244, 189]"
val/03917_Animalia_Chordata_Aves_Passeriformes_Malaconotidae_Dryoscopus_cubla/9573ab75-0c14-4678-bc26-17010158a8ca.jpg,206,355,0.01632010028984438,False,False,"[355, 451, 346, 495, 255]"
val/03917_Animalia_Chordata_Aves_Passeriformes_Malaconotidae_Dryoscopus_cubla/a36727ad-7162-4db2-aeb1-5f2109b2aed3.jpg,206,114,0.009432117638959273,False,False,"[114, 126, 481, 169, 22]"
val/03917_Animalia_Chordata_Aves_Passeriformes_Malaconotidae_Dryoscopus_cubla/bf4671aa-0091-4250-a680-701c1023c77e.jpg,206,131,0.0088005009090045,False,False,"[131, 253, 306, 56, 314]"
val/03917_Animalia_Chordata_Aves_Passeriformes_Malaconotidae_Dryoscopus_cubla/fda12e51-9288-407b-9510-d13c67c14454.jpg,206,439,0.009835573477034497,False,False,"[439, 324, 425, 176, 142]"
val/03937_Animalia_Chordata_Aves_Passeriformes_Meliphagidae_Prosthemadera_novaeseelandiae/0dadc60c-2673-4899-9355-6b18af5588be.jpg,207,445,0.022197393758189212,False,True,"[445, 80, 207, 405, 245]"
val/03937_Animalia_Chordata_Aves_Passeriformes_Meliphagidae_Prosthemadera_novaeseelandiae/0f6d73af-ef73-47cd-b251-16e0dac6618d.jpg,207,334,0.01165540351957324,False,False,"[334, 329, 233, 216, 309]"
val/03937_Animalia_Chordata_Aves_Passeriformes_Meliphagidae_Prosthemadera_novaeseelandiae/1dafcc50-c8c7-4b17-a35c-abd20a0f314b.jpg,207,427,0.024422433181895145,False,False,"[427, 341, 255, 460, 478]"
val/03937_Animalia_Chordata_Aves_Passeriformes_Meliphagidae_Prosthemadera_novaeseelandiae/2da59047-1f33-427b-85c7-0c383a653b41.jpg,207,82,0.012660490928052064,False,False,"[82, 51, 45, 119, 49]"
val/03937_Animalia_Chordata_Aves_Passeriformes_Meliphagidae_Prosthemadera_novaeseelandiae/3efdf4c4-eee1-4649-9b16-2b6a55c9c166.jpg,207,346,0.01758327015212753,False,False,"[346, 429, 381, 477, 304]"
val/03937_Animalia_Chordata_Aves_Passeriformes_Meliphagidae_Prosthemadera_novaeseelandiae/9def6f4b-3ecf-4102-9d4c-e87a8afc0172.jpg,207,28,0.009706036993371732,False,False,"[28, 124, 399, 13, 253]"
val/03937_Animalia_Chordata_Aves_Passeriformes_Meliphagidae_Prosthemadera_novaeseelandiae/d1b1039b-95ec-4798-a57c-4eea47463e84.jpg,207,450,0.009537307950030265,False,False,"[450, 222, 463, 213, 132]"
val/03937_Animalia_Chordata_Aves_Passeriformes_Meliphagidae_Prosthemadera_novaeseelandiae/da3c3bd7-c44a-4a0c-ab6a-3f6f647f2df3.jpg,207,401,0.01991806730385916,False,False,"[401, 475, 402, 360, 352]"
val/03937_Animalia_Chordata_Aves_Passeriformes_Meliphagidae_Prosthemadera_novaeseelandiae/eb1c457d-67a6-45b4-b139-ae9446f1f04c.jpg,207,24,0.014869806751533661,False,False,"[24, 321, 481, 298, 412]"
val/03937_Animalia_Chordata_Aves_Passeriformes_Meliphagidae_Prosthemadera_novaeseelandiae/eed77369-11ef-420e-9d10-f61e108c5a9f.jpg,207,135,0.012809680348224535,False,False,"[135, 75, 43, 133, 150]"
val/03941_Animalia_Chordata_Aves_Passeriformes_Mimidae_Melanotis_caerulescens/20a4436a-d5f7-499f-b2b2-eb66ccb5efcc.jpg,208,486,0.010298781810421006,False,False,"[486, 471, 412, 400, 427]"
val/03941_Animalia_Chordata_Aves_Passeriformes_Mimidae_Melanotis_caerulescens/891365ef-cb24-4b7d-ab45-62648d67a11e.jpg,208,486,0.010748528521316332,False,False,"[486, 417, 491, 441, 355]"
val/03941_Animalia_Chordata_Aves_Passeriformes_Mimidae_Melanotis_caerulescens/8c62ba3c-e1bc-446e-b051-ed0ba38ff7e1.jpg,208,123,0.009384284711303328,False,False,"[123, 129, 127, 228, 1]"
val/03941_Animalia_Chordata_Aves_Passeriformes_Mimidae_Melanotis_caerulescens/90b8123d-71fb-47c6-b1f0-7b80fd9eec8e.jpg,208,238,0.016146818423015824,False,False,"[238, 206, 210, 156, 219]"
val/03941_Animalia_Chordata_Aves_Passeriformes_Mimidae_Melanotis_caerulescens/a6050b07-50e1-4eee-9047-3e7e1bc0696f.jpg,208,182,0.009919642137172493,False,False,"[182, 287, 133, 406, 59]"
val/03941_Animalia_Chordata_Aves_Passeriformes_Mimidae_Melanotis_caerulescens/be47fa80-c8cb-4cc0-8918-160aaba78c41.jpg,208,85,0.010126121076557986,False,False,"[85, 196, 389, 147, 121]"
val/03941_Animalia_Chordata_Aves_Passeriformes_Mimidae_Melanotis_caerulescens/dbb93ab7-d539-46ef-9857-ffaf06f2025e.jpg,208,364,0.02252255229747657,False,False,"[364, 351, 396, 404, 429]"
val/03941_Animalia_Chordata_Aves_Passeriformes_Mimidae_Melanotis_caerulescens/dd145783-0723-4790-9402-d1b31a8c61b0.jpg,208,471,0.00965913756574729,False,False,"[471, 470, 300, 431, 362]"
val/03941_Animalia_Chordata_Aves_Passeriformes_Mimidae_Melanotis_caerulescens/e13f95a9-b54a-4dc0-b218-af8a1313e425.jpg,208,475,0.01023843069230383,False,False,"[475, 372, 387, 495, 441]"
val/03941_Animalia_Chordata_Aves_Passeriformes_Mimidae_Melanotis_caerulescens/ee9d11d5-73ce-421f-8c51-54bdb0281d10.jpg,208,412,0.011011383857389045,False,False,"[412, 305, 261, 425, 273]"
val/03943_Animalia_Chordata_Aves_Passeriformes_Mimidae_Mimus_longicaudatus/111b0306-f9ab-4615-a6ee-c1ed60a29724.jpg,209,243,0.01756898563286592,False,False,"[243, 192, 0, 228, 219]"
val/03943_Animalia_Chordata_Aves_Passeriformes_Mimidae_Mimus_longicaudatus/28b8bc15-6bf8-40f0-98a3-c9cdd6cecfd0.jpg,209,231,0.010542330303609501,False,False,"[231, 406, 158, 170, 222]"
val/03943_Animalia_Chordata_Aves_Passeriformes_Mimidae_Mimus_longicaudatus/2e1838c0-7892-478a-b517-9d204217715d.jpg,209,331,0.010210738448429433,False,False,"[331, 449, 429, 390, 468]"
val/03943_Animalia_Chordata_Aves_Passeriformes_Mimidae_Mimus_longicaudatus/2e781b69-1443-42a4-9fd9-f2608b877a5b.jpg,209,55,0.013859644186523733,False,False,"[55, 237, 31, 73, 57]"
val/03943_Animalia_Chordata_Aves_Passeriformes_Mimidae_Mimus_longicaudatus/308f5494-a01e-4c80-89fc-ac85c03229f1.jpg,209,4,0.011810652767781954,False,False,"[4, 193, 136, 96, 119]"
val/03943_Animalia_Chordata_Aves_Passeriformes_Mimidae_Mimus_longicaudatus/40d6c60d-fb1e-460a-9bff-1e24850aa844.jpg,209,230,0.016248353359623303,False,True,"[230, 238, 7, 14, 209]"
val/03943_Animalia_Chordata_Aves_Passeriformes_Mimidae_Mimus_longicaudatus/cf8b2053-5a8c-49fe-b43b-78a382975559.jpg,209,172,0.022296652893255733,False,False,"[172, 192, 249, 35, 180]"
val/03943_Animalia_Chordata_Aves_Passeriformes_Mimidae_Mimus_longicaudatus/dd2b0ea3-1f04-4878-921d-8f83c5f07c82.jpg,209,228,0.01571455735093185,False,False,"[228, 75, 238, 330, 215]"
val/03943_Animalia_Chordata_Aves_Passeriformes_Mimidae_Mimus_longicaudatus/ddd7d246-2ff9-4122-a70a-143b36cdd270.jpg,209,123,0.014810914463858576,False,False,"[123, 125, 220, 385, 2]"
val/03943_Animalia_Chordata_Aves_Passeriformes_Mimidae_Mimus_longicaudatus/e8f8b2f0-4deb-47ef-b6d6-eec022bee6de.jpg,209,466,0.009341223506647827,False,False,"[466, 338, 379, 413, 2]"
val/03954_Animalia_Chordata_Aves_Passeriformes_Monarchidae_Terpsiphone_viridis/0e2a266e-4d7b-44aa-9984-c40f0c25ce87.jpg,210,139,0.015444886586960912,False,False,"[139, 142, 44, 179, 385]"
val/03954_Animalia_Chordata_Aves_Passeriformes_Monarchidae_Terpsiphone_viridis/2f4a6057-6ec0-45b4-9c61-febd89dfceb8.jpg,210,428,0.01513216891024995,False,False,"[428, 352, 404, 407, 457]"
val/03954_Animalia_Chordata_Aves_Passeriformes_Monarchidae_Terpsiphone_viridis/59ad6e59-4e71-4fa8-9cfd-fd22bd6908b2.jpg,210,218,0.009125011201322804,False,False,"[218, 46, 369, 164, 406]"
val/03954_Animalia_Chordata_Aves_Passeriformes_Monarchidae_Terpsiphone_viridis/727ea93e-0da3-4f4f-b380-df49e2e0e44b.jpg,210,151,0.009409917312148077,False,False,"[151, 19, 207, 443, 327]"
val/03954_Animalia_Chordata_Aves_Passeriformes_Monarchidae_Terpsiphone_viridis/7b77061c-86bd-422a-9adf-fb95ac435274.jpg,210,431,0.014011193130302354,False,False,"[431, 419, 372, 217, 299]"
val/03954_Animalia_Chordata_Aves_Passeriformes_Monarchidae_Terpsiphone_viridis/8605dc8e-28f1-4e77-a290-449086c035fc.jpg,210,156,0.009317051352106451,False,False,"[156, 50, 69, 82, 177]"
val/03954_Animalia_Chordata_Aves_Passeriformes_Monarchidae_Terpsiphone_viridis/b294a942-57cb-4b2b-b96d-696696f7969d.jpg,210,6,0.02014499306480586,False,False,"[6, 135, 235, 415, 53]"
val/03954_Animalia_Chordata_Aves_Passeriformes_Monarchidae_Terpsiphone_viridis/c7afa0fe-2b84-4ed0-8ca7-6fb385466073.jpg,210,488,0.009217658790241999,False,False,"[488, 32, 72, 108, 298]"
val/03954_Animalia_Chordata_Aves_Passeriformes_Monarchidae_Terpsiphone_viridis/e7dd4c30-c11b-47bb-bfa1-126e55bb84dc.jpg,210,325,0.009493072915436964,False,False,"[325, 213, 260, 3, 295]"
val/03954_Animalia_Chordata_Aves_Passeriformes_Monarchidae_Terpsiphone_viridis/ebd72a8b-1b23-4169-9162-6a9d9241e3d6.jpg,210,322,0.01548075711400477,False,False,"[322, 287, 258, 475, 215]"
val/03969_Animalia_Chordata_Aves_Passeriformes_Motacillidae_Motacilla_capensis/0f7f00dd-79f8-401e-8653-77d0379749a9.jpg,211,212,0.01541318989594768,False,False,"[212, 359, 468, 106, 456]"
val/03969_Animalia_Chordata_Aves_Passeriformes_Motacillidae_Motacilla_capensis/25def7b2-5189-4edb-82eb-b0595bdae80e.jpg,211,186,0.014442278888957582,False,True,"[186, 276, 273, 100, 211]"
val/03969_Animalia_Chordata_Aves_Passeriformes_Motacillidae_Motacilla_capensis/35c1acd5-9da3-420f-938e-e222999e9fbc.jpg,211,75,0.011643784833339381,False,False,"[75, 62, 159, 22, 416]"
val/03969_Animalia_Chordata_Aves_Passeriformes_Motacillidae_Motacilla_capensis/3ff84e32-15d7-4274-b9cd-f003e47a72b0.jpg,211,331,0.01693498142206404,False,False,"[331, 476, 311, 467, 336]"
val/03969_Animalia_Chordata_Aves_Passeriformes_Motacillidae_Motacilla_capensis/566b33ff-040c-4014-b2ed-042f84cbaf13.jpg,211,45,0.016782593692999302,False,False,"[45, 55, 61, 252, 192]"
val/03969_Animalia_Chordata_Aves_Passeriformes_Motacillidae_Motacilla_capensis/58aee101-8f2d-40da-9a29-7bd6d4e09aba.jpg,211,228,0.012345660007803082,False,False,"[228, 285, 215, 205, 0]"
val/03969_Animalia_Chordata_Aves_Passeriformes_Motacillidae_Motacilla_capensis/6f79af44-1cfc-407b-8a05-0dfbc492cc82.jpg,211,228,0.028740506127887075,False,True,"[228, 211, 4, 231, 0]"
val/03969_Animalia_Chordata_Aves_Passeriformes_Motacillidae_Motacilla_capensis/9fe34cc7-ba85-4b33-bc3d-ba75bd4309da.jpg,211,276,0.009766102887799043,False,False,"[276, 130, 41, 197, 90]"
val/03969_Animalia_Chordata_Aves_Passeriformes_Motacillidae_Motacilla_capensis/c2e606b8-c7ce-4b87-a215-194f0680db1e.jpg,211,356,0.00902830816503617,False,False,"[356, 492, 310, 314, 401]"
val/03969_Animalia_Chordata_Aves_Passeriformes_Motacillidae_Motacilla_capensis/c30cc96b-f3ff-47df-898d-e5d49ef6b3f9.jpg,211,40,0.016826491618225227,False,False,"[40, 197, 334, 241, 206]"
val/03989_Animalia_Chordata_Aves_Passeriformes_Muscicapidae_Myophonus_caeruleus/091c0f50-651c-4638-8b75-e3c2c260bd2a.jpg,212,228,0.03158739681993766,False,False,"[228, 25, 0, 172, 194]"
val/03989_Animalia_Chordata_Aves_Passeriformes_Muscicapidae_Myophonus_caeruleus/30be02b4-0b5e-45ca-90b8-8b2e0017208d.jpg,212,259,0.015681093230147145,False,False,"[259, 207, 347, 360, 316]"
val/03989_Animalia_Chordata_Aves_Passeriformes_Muscicapidae_Myophonus_caeruleus/43d6d336-db6d-4ff9-9eac-b36a71129c40.jpg,212,60,0.00898783117952855,False,False,"[60, 496, 339, 284, 319]"
val/03989_Animalia_Chordata_Aves_Passeriformes_Muscicapidae_Myophonus_caeruleus/a4675f3b-eb99-477c-8710-891404ba500d.jpg,212,379,0.009370143286992627,False,False,"[379, 348, 493, 203, 39]"
val/03989_Animalia_Chordata_Aves_Passeriformes_Muscicapidae_Myophonus_caeruleus/ab9454b3-9020-448d-a749-596f6b3c2bb5.jpg,212,22,0.009468978708054155,False,False,"[22, 106, 436, 479, 254]"
val/03989_Animalia_Chordata_Aves_Passeriformes_Muscicapidae_Myophonus_caeruleus/d298e6c3-3e4a-4e34-b9bd-c4c07b0bfd1d.jpg,212,34,0.012495466034074703,False,False,"[34, 285, 4, 186, 209]"
val/03989_Animalia_Chordata_Aves_Passeriformes_Muscicapidae_Myophonus_caeruleus/d48873cd-4a59-4a0e-9af6-4408a5374b79.jpg,212,140,0.01001867329198716,False,False,"[140, 198, 146, 144, 85]"
val/03989_Animalia_Chordata_Aves_Passeriformes_Muscicapidae_Myophonus_caeruleus/e2ff0996-4f58-4f21-9be2-6b7b8c110da1.jpg,212,3,0.01598129212626527,False,False,"[3, 153, 7, 428, 185]"
val/03989_Animalia_Chordata_Aves_Passeriformes_Muscicapidae_Myophonus_caeruleus/ed721809-f8e4-4a24-9027-23d814fe9775.jpg,212,70,0.014664787197174005,False,False,"[70, 105, 474, 71, 152]"
val/03989_Animalia_Chordata_Aves_Passeriformes_Muscicapidae_Myophonus_caeruleus/fa9e8f47-5e2a-4053-9898-04e4fedaceb0.jpg,212,57,0.02454378510909213,False,False,"[57, 30, 63, 23, 160]"
val/04002_Animalia_Chordata_Aves_Passeriformes_Nectariniidae_Aethopyga_siparaja/1d7bebfd-4682-4e80-8767-526b8b27f0d6.jpg,213,9,0.010432669500120617,False,False,"[9, 92, 198, 91, 280]"
val/04002_Animalia_Chordata_Aves_Passeriformes_Nectariniidae_Aethopyga_siparaja/32897cc8-ae84-404e-a1e8-9953f2937335.jpg,213,212,0.009101178067228821,False,False,"[212, 48, 73, 294, 295]"
val/04002_Animalia_Chordata_Aves_Passeriformes_Nectariniidae_Aethopyga_siparaja/45fa7743-634c-4396-9a8e-7105ec95a87c.jpg,213,254,0.015314173452072831,False,False,"[254, 224, 135, 61, 123]"
val/04002_Animalia_Chordata_Aves_Passeriformes_Nectariniidae_Aethopyga_siparaja/559828b8-6322-4d8c-b038-d76f2e14d301.jpg,213,385,0.009956156989919595,False,False,"[385, 121, 11, 128, 238]"
val/04002_Animalia_Chordata_Aves_Passeriformes_Nectariniidae_Aethopyga_siparaja/5bb64de8-0662-47b2-a6fb-6cb4a02d0911.jpg,213,34,0.014111509492666773,False,False,"[34, 291, 245, 292, 340]"
val/04002_Animalia_Chordata_Aves_Passeriformes_Nectariniidae_Aethopyga_siparaja/87a774a0-926c-4f6f-aa13-e72f3c589135.jpg,213,133,0.009974112025829918,False,False,"[133, 43, 13, 127, 266]"
val/04002_Animalia_Chordata_Aves_Passeriformes_Nectariniidae_Aethopyga_siparaja/8a1122d3-5e0e-4ecf-869e-ec3fc892c2d0.jpg,213,205,0.013244338186928247,False,False,"[205, 127, 168, 229, 136]"
val/04002_Animalia_Chordata_Aves_Passeriformes_Nectariniidae_Aethopyga_siparaja/96e85b3d-be08-459d-be86-c0520f6e4abb.jpg,213,234,0.009195818840219597,False,False,"[234, 313, 330, 229, 9]"
val/04002_Animalia_Chordata_Aves_Passeriformes_Nectariniidae_Aethopyga_siparaja/d4377a54-d7bf-476b-8e05-837f46bfe527.jpg,213,7,0.012093525742499776,False,False,"[7, 121, 212, 217, 253]"
val/04002_Animalia_Chordata_Aves_Passeriformes_Nectariniidae_Aethopyga_siparaja/eb77f9cc-580e-496d-956f-cd11b2c9508f.jpg,213,442,0.00855893107156068,False,False,"[442, 166, 497, 272, 435]"
val/04009_Animalia_Chordata_Aves_Passeriformes_Nectariniidae_Cinnyris_chalybeus/19755488-f8e5-450e-bb43-31dad82aae4f.jpg,214,141,0.01646547719820952,False,False,"[141, 32, 112, 465, 217]"
val/04009_Animalia_Chordata_Aves_Passeriformes_Nectariniidae_Cinnyris_chalybeus/27f68e17-9929-44e9-8b43-3bd65c4c3021.jpg,214,422,0.01545904000813032,False,False,"[422, 128, 434, 261, 36]"
val/04009_Animalia_Chordata_Aves_Passeriformes_Nectariniidae_Cinnyris_chalybeus/2d498db2-4189-4601-8f16-b36e5be77ef8.jpg,214,357,0.009068273469764713,False,False,"[357, 164, 114, 443, 220]"
val/04009_Animalia_Chordata_Aves_Passeriformes_Nectariniidae_Cinnyris_chalybeus/35a1eb10-34da-4648-999a-f86bbc3c13cd.jpg,214,43,0.01613589742232133,False,False,"[43, 287, 40, 126, 122]"
val/04009_Animalia_Chordata_Aves_Passeriformes_Nectariniidae_Cinnyris_chalybeus/5310dc1d-ada2-4f86-ab2f-928b898aa5b5.jpg,214,171,0.01715355856866727,False,False,"[171, 175, 180, 34, 228]"
val/04009_Animalia_Chordata_Aves_Passeriformes_Nectariniidae_Cinnyris_chalybeus/6a9fd2a2-6d47-41a7-9ce0-2dbb5d0f6829.jpg,214,228,0.07081689311463481,False,False,"[228, 243, 0, 215, 172]"
val/04009_Animalia_Chordata_Aves_Passeriformes_Nectariniidae_Cinnyris_chalybeus/989bf0ea-a36b-4cbf-8fab-95b0a9da3253.jpg,214,211,0.01614816069109605,False,False,"[211, 126, 213, 247, 345]"
val/04009_Animalia_Chordata_Aves_Passeriformes_Nectariniidae_Cinnyris_chalybeus/c2e21a23-93c8-4249-9322-f13ad6f065d1.jpg,214,408,0.010143877447052115,False,False,"[408, 69, 456, 429, 366]"
val/04009_Animalia_Chordata_Aves_Passeriformes_Nectariniidae_Cinnyris_chalybeus/e0df1665-160b-4585-807d-1c324d209bf6.jpg,214,256,0.009481613932292562,False,False,"[256, 455, 320, 424, 219]"
val/04009_Animalia_Chordata_Aves_Passeriformes_Nectariniidae_Cinnyris_chalybeus/fc55f9eb-7751-4203-a7dd-c726173a2c68.jpg,214,236,0.010317708802546035,False,False,"[236, 237, 177, 185, 41]"
val/04012_Animalia_Chordata_Aves_Passeriformes_Nectariniidae_Leptocoma_zeylonica/02e0b1b7-7f8a-49c6-82c5-bd76261cd578.jpg,215,218,0.018725649857263084,False,False,"[218, 166, 276, 200, 238]"
val/04012_Animalia_Chordata_Aves_Passeriformes_Nectariniidae_Leptocoma_zeylonica/0d581acf-6f43-42db-973c-9539120b2273.jpg,215,470,0.015669536072814245,False,False,"[470, 305, 491, 453, 480]"
val/04012_Animalia_Chordata_Aves_Passeriformes_Nectariniidae_Leptocoma_zeylonica/15efeffa-bc03-49a1-b0c4-f622aa03970a.jpg,215,284,0.009633625746350542,False,False,"[284, 91, 248, 64, 57]"
val/04012_Animalia_Chordata_Aves_Passeriformes_Nectariniidae_Leptocoma_zeylonica/173a5506-3bd8-4bb8-b1e5-39225ad9fe9d.jpg,215,82,0.010107048962920435,False,False,"[82, 254, 231, 285, 178]"
val/04012_Animalia_Chordata_Aves_Passeriformes_Nectariniidae_Leptocoma_zeylonica/2d1a0109-7219-426a-80cb-db4e3c59d4d5.jpg,215,99,0.015627696464991507,False,False,"[99, 229, 238, 243, 206]"
val/04012_Animalia_Chordata_Aves_Passeriformes_Nectariniidae_Leptocoma_zeylonica/6255da29-e190-498c-b7dc-6291afb9e32e.jpg,215,128,0.016598825661447596,False,False,"[128, 135, 242, 121, 66]"
val/04012_Animalia_Chordata_Aves_Passeriformes_Nectariniidae_Leptocoma_zeylonica/8bf5ed17-3992-47b0-9f28-7a3f13054ad3.jpg,215,276,0.010396119734750034,False,False,"[276, 7, 229, 213, 203]"
val/04012_Animalia_Chordata_Aves_Passeriformes_Nectariniidae_Leptocoma_zeylonica/99f5f7fc-ac85-47af-9e05-f159b1d97b1c.jpg,215,27,0.015630986929611776,False,False,"[27, 135, 239, 257, 391]"
val/04012_Animalia_Chordata_Aves_Passeriformes_Nectariniidae_Leptocoma_zeylonica/e7413c1d-ea91-4d80-8102-3849c8d3a5be.jpg,215,109,0.019631862978596436,False,False,"[109, 280, 126, 14, 52]"
val/04012_Animalia_Chordata_Aves_Passeriformes_Nectariniidae_Leptocoma_zeylonica/f6d17120-6717-4224-96fd-a59e86e80b2f.jpg,215,213,0.015777661096923388,False,False,"[213, 45, 86, 276, 209]"
val/04023_Animalia_Chordata_Aves_Passeriformes_Panuridae_Panurus_biarmicus/22c905bd-c92b-4402-9359-249d96c4f0a5.jpg,216,375,0.009442515958073074,False,False,"[375, 10, 350, 396, 257]"
val/04023_Animalia_Chordata_Aves_Passeriformes_Panuridae_Panurus_biarmicus/34c578ed-66e0-4dcb-82db-4d8064ea0635.jpg,216,216,0.04214786882524855,True,True,"[216, 197, 334, 164, 241]"
val/04023_Animalia_Chordata_Aves_Passeriformes_Panuridae_Panurus_biarmicus/4a0fc08f-bf13-41b8-9dab-55dcb7cd86fd.jpg,216,233,0.013593114760466186,False,True,"[233, 334, 216, 165, 248]"
val/04023_Animalia_Chordata_Aves_Passeriformes_Panuridae_Panurus_biarmicus/5ac79fc5-f2fe-420e-8313-adc218862efb.jpg,216,186,0.01668406066240691,False,True,"[186, 216, 329, 233, 181]"
val/04023_Animalia_Chordata_Aves_Passeriformes_Panuridae_Panurus_biarmicus/5c2ed495-de26-45ae-a20f-57b305eb90ca.jpg,216,125,0.009806052711189823,False,False,"[125, 54, 329, 51, 129]"
val/04023_Animalia_Chordata_Aves_Passeriformes_Panuridae_Panurus_biarmicus/7a00b598-abb4-4238-bd3c-fa1ef13e9c2b.jpg,216,177,0.015626401412649003,False,False,"[177, 318, 496, 273, 371]"
val/04023_Animalia_Chordata_Aves_Passeriformes_Panuridae_Panurus_biarmicus/ae22bbff-cb79-464c-a0a2-22b9ae982254.jpg,216,43,0.015266037566280914,False,True,"[43, 216, 140, 21, 434]"
val/04023_Animalia_Chordata_Aves_Passeriformes_Panuridae_Panurus_biarmicus/d05d4ae1-9b32-44f6-bbc2-9ff3b504f8fa.jpg,216,133,0.011651379787309894,False,False,"[133, 168, 230, 418, 383]"
val/04023_Animalia_Chordata_Aves_Passeriformes_Panuridae_Panurus_biarmicus/e7bc0fdd-675b-4e7c-b080-d26029ceafb1.jpg,216,135,0.016289141509965313,False,False,"[135, 43, 64, 266, 181]"
val/04023_Animalia_Chordata_Aves_Passeriformes_Panuridae_Panurus_biarmicus/fa8f2379-4161-4bad-ac27-51d873d34810.jpg,216,329,0.013706125113184413,False,False,"[329, 332, 195, 313, 310]"
val/04053_Animalia_Chordata_Aves_Passeriformes_Parulidae_Leiothlypis_celata/2bc3002e-0bbd-4380-acf0-32879333cdf9.jpg,217,295,0.010196595901407318,False,False,"[295, 292, 291, 9, 125]"
val/04053_Animalia_Chordata_Aves_Passeriformes_Parulidae_Leiothlypis_celata/520e919c-3a81-4873-9263-de34048de80c.jpg,217,152,0.015444700880723312,False,False,"[152, 335, 43, 56, 87]"
val/04053_Animalia_Chordata_Aves_Passeriformes_Parulidae_Leiothlypis_celata/7bd6cac4-d485-4616-aba3-eeb5ef58fabc.jpg,217,154,0.009463214982320965,False,False,"[154, 422, 427, 173, 7]"
val/04053_Animalia_Chordata_Aves_Passeriformes_Parulidae_Leiothlypis_celata/880b1c19-221d-4d87-8841-6ee856fde551.jpg,217,258,0.015587072552068882,False,False,"[258, 442, 497, 484, 332]"
val/04053_Animalia_Chordata_Aves_Passeriformes_Parulidae_Leiothlypis_celata/9b94d695-2262-4acb-949b-7502832e6298.jpg,217,206,0.022773230152078754,False,False,"[206, 238, 240, 210, 474]"
val/04053_Animalia_Chordata_Aves_Passeriformes_Parulidae_Leiothlypis_celata/ad3e4822-9193-4013-a85c-1e363df3ee88.jpg,217,484,0.009405733632266688,False,False,"[484, 219, 255, 115, 339]"
val/04053_Animalia_Chordata_Aves_Passeriformes_Parulidae_Leiothlypis_celata/beb43297-e414-418a-a47d-32393740c6d6.jpg,217,62,0.016924643909306994,False,False,"[62, 0, 214, 127, 243]"
val/04053_Animalia_Chordata_Aves_Passeriformes_Parulidae_Leiothlypis_celata/d8146bec-2ee1-4de9-bad6-3ccbb9b7ddc1.jpg,217,207,0.024000398534553963,False,False,"[207, 258, 405, 475, 245]"
val/04053_Animalia_Chordata_Aves_Passeriformes_Parulidae_Leiothlypis_celata/f3107a01-23df-48c1-a607-2096e8ccd876.jpg,217,128,0.012965919865522474,False,False,"[128, 84, 216, 13, 185]"
val/04053_Animalia_Chordata_Aves_Passeriformes_Parulidae_Leiothlypis_celata/f9069c11-b340-4613-a6bb-b8859814dafc.jpg,217,478,0.015684524543297107,False,False,"[478, 212, 401, 430, 380]"
val/04127_Animalia_Chordata_Aves_Passeriformes_Passerellidae_Zonotrichia_albicollis/2ef9ee43-d837-42d1-90a0-b0cbd978bb4a.jpg,218,400,0.010173062511656356,False,False,"[400, 411, 245, 259, 311]"
val/04127_Animalia_Chordata_Aves_Passeriformes_Passerellidae_Zonotrichia_albicollis/3f9f5d30-9752-4761-8566-35f1bf7358b1.jpg,218,66,0.010384753484331719,False,False,"[66, 252, 74, 61, 63]"
val/04127_Animalia_Chordata_Aves_Passeriformes_Passerellidae_Zonotrichia_albicollis/46c60964-54a9-44ea-a857-04227d3d1914.jpg,218,238,0.015665938355705435,False,False,"[238, 229, 40, 239, 177]"
val/04127_Animalia_Chordata_Aves_Passeriformes_Passerellidae_Zonotrichia_albicollis/48530722-88f6-42a4-b51a-c62a884d0223.jpg,218,486,0.016384982603402102,False,False,"[486, 427, 217, 119, 469]"
val/04127_Animalia_Chordata_Aves_Passeriformes_Passerellidae_Zonotrichia_albicollis/6edd936f-67ed-49e9-95e2-ee083f30b69a.jpg,218,94,0.01065887465809015,False,False,"[94, 157, 143, 282, 415]"
val/04127_Animalia_Chordata_Aves_Passeriformes_Passerellidae_Zonotrichia_albicollis/83f71bb5-2c03-43b1-ab32-fbed89f251bf.jpg,218,250,0.009233718626067177,False,False,"[250, 170, 260, 215, 454]"
val/04127_Animalia_Chordata_Aves_Passeriformes_Passerellidae_Zonotrichia_albicollis/8966bd00-0561-4da2-8bf5-6640c6980ab3.jpg,218,171,0.02807394135930425,False,False,"[171, 322, 245, 386, 427]"
val/04127_Animalia_Chordata_Aves_Passeriformes_Passerellidae_Zonotrichia_albicollis/a0321b80-5d84-4b8f-b481-9fb9c376e23c.jpg,218,473,0.010480335152089078,False,False,"[473, 357, 413, 173, 206]"
val/04127_Animalia_Chordata_Aves_Passeriformes_Passerellidae_Zonotrichia_albicollis/bd8d7be6-40a6-4c16-9bd8-153edef8c128.jpg,218,496,0.010938637751783097,False,False,"[496, 387, 233, 484, 223]"
val/04127_Animalia_Chordata_Aves_Passeriformes_Passerellidae_Zonotrichia_albicollis/cf072189-a0d0-4132-92dd-dd131ef885ab.jpg,218,345,0.015306648125556616,False,False,"[345, 401, 403, 489, 305]"
val/04167_Animalia_Chordata_Aves_Passeriformes_Pycnonotidae_Hypsipetes_amaurotis/2073b009-b8da-41af-8677-03154a228e6f.jpg,219,136,0.011418001684117805,False,False,"[136, 31, 239, 205, 228]"
val/04167_Animalia_Chordata_Aves_Passeriformes_Pycnonotidae_Hypsipetes_amaurotis/599bc03b-0fcf-4af6-a9b0-c81e0d50754f.jpg,219,377,0.009533886692510957,False,False,"[377, 67, 433, 493, 286]"
val/04167_Animalia_Chordata_Aves_Passeriformes_Pycnonotidae_Hypsipetes_amaurotis/66d17ad9-3fab-4fd0-ba25-27be34bca47a.jpg,219,56,0.014662032652321277,False,False,"[56, 490, 64, 52, 193]"
val/04167_Animalia_Chordata_Aves_Passeriformes_Pycnonotidae_Hypsipetes_amaurotis/6fb98e39-1372-4ddd-876e-9d0505050546.jpg,219,228,0.03952652036953014,False,False,"[228, 0, 205, 231, 192]"
val/04167_Animalia_Chordata_Aves_Passeriformes_Pycnonotidae_Hypsipetes_amaurotis/79d03725-4149-4eb8-af44-6d7ef9070a89.jpg,219,252,0.010903774894256818,False,False,"[252, 148, 92, 246, 159]"
val/04167_Animalia_Chordata_Aves_Passeriformes_Pycnonotidae_Hypsipetes_amaurotis/b4b5eb84-f7f1-4e3c-aee4-0260681a35a1.jpg,219,53,0.009370233310088284,False,False,"[53, 189, 98, 196, 186]"
val/04167_Animalia_Chordata_Aves_Passeriformes_Pycnonotidae_Hypsipetes_amaurotis/c83549a8-40a9-487b-8884-7de4851091da.jpg,219,171,0.2567156990583662,False,False,"[171, 160, 205, 194, 40]"
val/04167_Animalia_Chordata_Aves_Passeriformes_Pycnonotidae_Hypsipetes_amaurotis/ce19bd9b-43bc-4be7-a0aa-23dda0eb094b.jpg,219,402,0.011329760102980474,False,False,"[402, 486, 342, 389, 438]"
val/04167_Animalia_Chordata_Aves_Passeriformes_Pycnonotidae_Hypsipetes_amaurotis/cfd776da-6603-4b3e-9035-0e2bcbd1ac3a.jpg,219,383,0.010081660268028609,False,False,"[383, 133, 442, 278, 114]"
val/04167_Animalia_Chordata_Aves_Passeriformes_Pycnonotidae_Hypsipetes_amaurotis/d941a48f-894b-4dd6-b05b-24258a5837d4.jpg,219,358,0.014954724012034326,False,False,"[358, 146, 318, 449, 422]"
val/04176_Animalia_Chordata_Aves_Passeriformes_Pycnonotidae_Pycnonotus_sinensis/2f092948-9ff1-46fc-876c-ebb8ca9cffa2.jpg,220,159,0.025509105770535532,False,False,"[159, 199, 171, 180, 116]"
val/04176_Animalia_Chordata_Aves_Passeriformes_Pycnonotidae_Pycnonotus_sinensis/4a1a3e0f-b93d-45b7-8867-37f0f06498df.jpg,220,398,0.01011993010217633,False,False,"[398, 317, 413, 10, 488]"
val/04176_Animalia_Chordata_Aves_Passeriformes_Pycnonotidae_Pycnonotus_sinensis/742b1082-4f60-4f6e-8b6f-2e5580935f8e.jpg,220,196,0.01626138178277681,False,False,"[196, 29, 331, 73, 35]"
val/04176_Animalia_Chordata_Aves_Passeriformes_Pycnonotidae_Pycnonotus_sinensis/8a1c1f63-14a1-48c0-84a5-4c67288bf042.jpg,220,116,0.03994606125326155,False,False,"[116, 118, 86, 88, 73]"
val/04176_Animalia_Chordata_Aves_Passeriformes_Pycnonotidae_Pycnonotus_sinensis/b6845f7f-7346-42b4-a78c-ede15db0014b.jpg,220,52,0.010304546681394794,False,False,"[52, 42, 453, 286, 495]"
val/04176_Animalia_Chordata_Aves_Passeriformes_Pycnonotidae_Pycnonotus_sinensis/bff117d1-452d-445b-be2a-22d963943e43.jpg,220,140,0.01695683386504139,False,False,"[140, 287, 254, 176, 196]"
val/04176_Animalia_Chordata_Aves_Passeriformes_Pycnonotidae_Pycnonotus_sinensis/d3f2a9d9-3d0d-4810-9882-9396b6d7ac6e.jpg,220,252,0.011585660016509871,False,False,"[252, 40, 135, 115, 203]"
val/04176_Animalia_Chordata_Aves_Passeriformes_Pycnonotidae_Pycnonotus_sinensis/e712d939-e00f-449a-b4fe-c2460109a9cd.jpg,220,63,0.01589567883074029,False,False,"[63, 90, 50, 56, 92]"
val/04176_Animalia_Chordata_Aves_Passeriformes_Pycnonotidae_Pycnonotus_sinensis/f73a9818-4433-49c1-9f35-7e2c54f2a7cc.jpg,220,189,0.016001534435691814,False,False,"[189, 244, 76, 162, 159]"
val/04176_Animalia_Chordata_Aves_Passeriformes_Pycnonotidae_Pycnonotus_sinensis/f8d6110f-5f64-43c4-a6e6-dfe92a1c3ce6.jpg,220,408,0.00963060955869584,False,False,"[408, 79, 273, 27, 101]"
val/04188_Animalia_Chordata_Aves_Passeriformes_Sittidae_Sitta_europaea/006303e7-4f84-4e5a-9cdd-601a1dd40768.jpg,221,491,0.01698834444621852,False,False,"[491, 373, 413, 355, 338]"
val/04188_Animalia_Chordata_Aves_Passeriformes_Sittidae_Sitta_europaea/0615f129-0d36-4cb9-a9b2-ab948c9cbf87.jpg,221,269,0.014887527894189692,False,False,"[269, 133, 117, 250, 260]"
val/04188_Animalia_Chordata_Aves_Passeriformes_Sittidae_Sitta_europaea/34e79494-5b25-4137-9fed-6ab6bd4767c8.jpg,221,301,0.01013269693738181,False,False,"[301, 201, 185, 240, 272]"
val/04188_Animalia_Chordata_Aves_Passeriformes_Sittidae_Sitta_europaea/3acfdeb5-2c41-40b0-8dcf-21b80007de56.jpg,221,177,0.022233070613024992,False,False,"[177, 59, 46, 81, 194]"
val/04188_Animalia_Chordata_Aves_Passeriformes_Sittidae_Sitta_europaea/98f1c7d1-6136-40e8-a56b-200300ec0841.jpg,221,411,0.009609548635457831,False,False,"[411, 208, 206, 93, 384]"
val/04188_Animalia_Chordata_Aves_Passeriformes_Sittidae_Sitta_europaea/9d15d0a1-e27d-4545-9d34-0c143733a02a.jpg,221,219,0.01194231933245424,False,False,"[219, 238, 200, 269, 488]"
val/04188_Animalia_Chordata_Aves_Passeriformes_Sittidae_Sitta_europaea/c53d7e90-8b7b-4f30-8e21-65afd095dbad.jpg,221,45,0.016981982048938162,False,False,"[45, 85, 90, 252, 56]"
val/04188_Animalia_Chordata_Aves_Passeriformes_Sittidae_Sitta_europaea/c8ae4abc-1623-4c81-a477-34c4654bf1ca.jpg,221,46,0.015508531263976529,False,False,"[46, 55, 153, 40, 61]"
val/04188_Animalia_Chordata_Aves_Passeriformes_Sittidae_Sitta_europaea/ea7aaa95-94f7-4b22-ab38-ec4accae016c.jpg,221,283,0.009277950105283317,False,False,"[283, 200, 71, 435, 193]"
val/04188_Animalia_Chordata_Aves_Passeriformes_Sittidae_Sitta_europaea/fd59ca9a-e9c7-4fe4-afa1-ece5f916ef66.jpg,221,14,0.015577583375253813,False,False,"[14, 212, 84, 31, 59]"
val/04207_Animalia_Chordata_Aves_Passeriformes_Sylviidae_Sylvia_curruca/9550c21b-0a2e-49c1-9ffb-67913f00b68d.jpg,222,162,0.01524711016131026,False,False,"[162, 154, 206, 428, 215]"
val/04207_Animalia_Chordata_Aves_Passeriformes_Sylviidae_Sylvia_curruca/a02fc7eb-bdc1-44bd-846f-0b11760030b1.jpg,222,261,0.009829877911933325,False,False,"[261, 177, 309, 315, 249]"
val/04207_Animalia_Chordata_Aves_Passeriformes_Sylviidae_Sylvia_curruca/b2ed19c7-1420-45fa-a315-f38787b2b62a.jpg,222,271,0.010182777626746574,False,False,"[271, 318, 433, 211, 294]"
val/04207_Animalia_Chordata_Aves_Passeriformes_Sylviidae_Sylvia_curruca/b4e608cf-8f01-477d-9c4e-d1fa7bc80952.jpg,222,453,0.012134583467029341,False,False,"[453, 311, 329, 255, 109]"
val/04207_Animalia_Chordata_Aves_Passeriformes_Sylviidae_Sylvia_curruca/b6f81202-4a60-45db-bdcb-af95cefd87bd.jpg,222,277,0.008996924191992366,False,False,"[277, 159, 114, 266, 25]"
val/04207_Animalia_Chordata_Aves_Passeriformes_Sylviidae_Sylvia_curruca/c8a57a3d-b940-4531-8125-b577087ff338.jpg,222,324,0.016050105407547425,False,False,"[324, 10, 446, 9, 478]"
val/04207_Animalia_Chordata_Aves_Passeriformes_Sylviidae_Sylvia_curruca/c8d0f2f8-8f14-4738-8158-562ce9ed17c4.jpg,222,321,0.009745261766060281,False,False,"[321, 363, 379, 311, 416]"
val/04207_Animalia_Chordata_Aves_Passeriformes_Sylviidae_Sylvia_curruca/d1cd81f3-c909-4d85-b617-2561a41afb5b.jpg,222,454,0.009481249227079293,False,False,"[454, 3, 170, 270, 187]"
val/04207_Animalia_Chordata_Aves_Passeriformes_Sylviidae_Sylvia_curruca/d45eaee0-7ba4-4c98-a98c-8e798dd95e50.jpg,222,455,0.011941961996005517,False,False,"[455, 443, 314, 349, 325]"
val/04207_Animalia_Chordata_Aves_Passeriformes_Sylviidae_Sylvia_curruca/d6201c09-7b08-4381-b8f6-d303fd42f3b1.jpg,222,341,0.010598612129598953,False,False,"[341, 488, 347, 363, 464]"
val/04211_Animalia_Chordata_Aves_Passeriformes_Thraupidae_Coereba_flaveola/07483e90-527a-4b93-8190-17abacc62084.jpg,223,44,0.02344408615520956,False,False,"[44, 287, 183, 64, 16]"
val/04211_Animalia_Chordata_Aves_Passeriformes_Thraupidae_Coereba_flaveola/1c5a3989-efe3-4f5c-ab9f-3c779d6fdd4a.jpg,223,39,0.009927820979769032,False,False,"[39, 201, 250, 195, 207]"
val/04211_Animalia_Chordata_Aves_Passeriformes_Thraupidae_Coereba_flaveola/3071274f-c606-46a8-8388-93ba6fcd3f6b.jpg,223,118,0.009583143404773826,False,False,"[118, 169, 281, 17, 126]"
val/04211_Animalia_Chordata_Aves_Passeriformes_Thraupidae_Coereba_flaveola/4e4d53e6-807f-4717-8a24-5f9fedb56915.jpg,223,424,0.01671803160004707,False,False,"[424, 455, 426, 472, 413]"
val/04211_Animalia_Chordata_Aves_Passeriformes_Thraupidae_Coereba_flaveola/53a83e85-5fa5-421c-9de3-fa728ef0e1a8.jpg,223,196,0.020445586033999163,False,False,"[196, 270, 172, 180, 184]"
val/04211_Animalia_Chordata_Aves_Passeriformes_Thraupidae_Coereba_flaveola/66b3c525-e2e1-4ef2-a9e3-1234355a5bb5.jpg,223,431,0.011135809827735684,False,False,"[431, 152, 420, 209, 104]"
val/04211_Animalia_Chordata_Aves_Passeriformes_Thraupidae_Coereba_flaveola/8b828a07-cad7-4371-b554-5820ad3ea666.jpg,223,297,0.017767790510337566,False,False,"[297, 143, 454, 282, 287]"
val/04211_Animalia_Chordata_Aves_Passeriformes_Thraupidae_Coereba_flaveola/960e1726-bd06-42b0-a4cf-bd02e1a671d0.jpg,223,142,0.027691859268659223,False,False,"[142, 140, 235, 167, 123]"
val/04211_Animalia_Chordata_Aves_Passeriformes_Thraupidae_Coereba_flaveola/9eba5184-e50b-40f3-8e53-c2851554ce58.jpg,223,231,0.016888152904505807,False,False,"[231, 66, 58, 4, 236]"
val/04211_Animalia_Chordata_Aves_Passeriformes_Thraupidae_Coereba_flaveola/fe6c65aa-75c0-4d0e-9cc3-ee67dd15244e.jpg,223,12,0.016127369430453672,False,False,"[12, 218, 231, 169, 219]"
val/04220_Animalia_Chordata_Aves_Passeriformes_Thraupidae_Paroaria_coronata/24ce5c2d-5603-4bdb-b1cb-8fbf9568109d.jpg,224,262,0.010041004465444817,False,False,"[262, 274, 176, 251, 197]"
val/04220_Animalia_Chordata_Aves_Passeriformes_Thraupidae_Paroaria_coronata/30cdf277-9386-40b5-bb3f-99f2911448e5.jpg,224,36,0.01078212923323467,False,False,"[36, 336, 458, 50, 320]"
val/04220_Animalia_Chordata_Aves_Passeriformes_Thraupidae_Paroaria_coronata/578fead6-4cd7-43e9-be11-8a650b3eff9a.jpg,224,174,0.011614801865602292,False,False,"[174, 62, 159, 140, 180]"
val/04220_Animalia_Chordata_Aves_Passeriformes_Thraupidae_Paroaria_coronata/5b0dfe0c-f7e0-4b94-b874-59ba1fd91c42.jpg,224,382,0.010953728957428186,False,False,"[382, 307, 470, 264, 305]"
val/04220_Animalia_Chordata_Aves_Passeriformes_Thraupidae_Paroaria_coronata/9283de4f-4896-422e-9f5e-d4e4fefdd04e.jpg,224,250,0.015929024472742644,False,False,"[250, 276, 269, 170, 12]"
val/04220_Animalia_Chordata_Aves_Passeriformes_Thraupidae_Paroaria_coronata/aae46c34-3312-4d99-b574-6403ec053368.jpg,224,387,0.025048466665945776,False,False,"[387, 475, 427, 405, 429]"
val/04220_Animalia_Chordata_Aves_Passeriformes_Thraupidae_Paroaria_coronata/b2beee0a-524c-478c-b875-bc50c2037bb7.jpg,224,75,0.017556837029064885,False,False,"[75, 235, 159, 236, 85]"
val/04220_Animalia_Chordata_Aves_Passeriformes_Thraupidae_Paroaria_coronata/c40ea149-7818-4068-a1a9-457490c81bc3.jpg,224,493,0.009697012149668253,False,False,"[493, 439, 332, 459, 416]"
val/04220_Animalia_Chordata_Aves_Passeriformes_Thraupidae_Paroaria_coronata/e62f9f34-65c2-4043-9e67-d83b4072969a.jpg,224,31,0.008870494428867887,False,False,"[31, 47, 62, 82, 154]"
val/04220_Animalia_Chordata_Aves_Passeriformes_Thraupidae_Paroaria_coronata/fd26456e-21bb-4075-ad84-07b0294a510f.jpg,224,179,0.015391433899158938,False,False,"[179, 146, 355, 455, 58]"
val/04231_Animalia_Chordata_Aves_Passeriformes_Thraupidae_Sicalis_luteola/1925a38d-cfb6-42bc-ba54-9d93031be628.jpg,225,349,0.010046676590601808,False,False,"[349, 345, 38, 356, 146]"
val/04231_Animalia_Chordata_Aves_Passeriformes_Thraupidae_Sicalis_luteola/32b34495-2866-4306-a155-dd5c05d16297.jpg,225,228,0.06953050704407839,False,False,"[228, 243, 125, 127, 175]"
val/04231_Animalia_Chordata_Aves_Passeriformes_Thraupidae_Sicalis_luteola/4475ebad-a602-4c9c-919a-8349b702e8e8.jpg,225,189,0.009725007673557348,False,False,"[189, 238, 452, 239, 271]"
val/04231_Animalia_Chordata_Aves_Passeriformes_Thraupidae_Sicalis_luteola/59008982-0a90-47b2-9a5a-e844a2ec1e51.jpg,225,115,0.01707110098626463,False,False,"[115, 252, 216, 64, 196]"
val/04231_Animalia_Chordata_Aves_Passeriformes_Thraupidae_Sicalis_luteola/61f89814-2a94-45dc-bc32-13e008d7c9c4.jpg,225,128,0.017971911308339708,False,True,"[128, 211, 238, 126, 225]"
val/04231_Animalia_Chordata_Aves_Passeriformes_Thraupidae_Sicalis_luteola/b971a64e-8ec2-4d2b-b8bd-f35a7e624786.jpg,225,364,0.015355079078542238,False,False,"[364, 496, 408, 107, 277]"
val/04231_Animalia_Chordata_Aves_Passeriformes_Thraupidae_Sicalis_luteola/e341d185-8c29-428b-bf2f-cffa19469f21.jpg,225,208,0.009369883016438657,False,False,"[208, 372, 268, 38, 210]"
val/04231_Animalia_Chordata_Aves_Passeriformes_Thraupidae_Sicalis_luteola/e39569e4-c40e-4801-8f4f-73b50506bed4.jpg,225,314,0.009698613921322935,False,True,"[314, 225, 331, 368, 165]"
val/04231_Animalia_Chordata_Aves_Passeriformes_Thraupidae_Sicalis_luteola/e4276abc-a1e7-409d-8a85-be0e2465ed7c.jpg,225,205,0.016636710598366494,False,False,"[205, 391, 133, 329, 125]"
val/04231_Animalia_Chordata_Aves_Passeriformes_Thraupidae_Sicalis_luteola/fcd4211b-5f1a-427a-b53b-d268c216dec2.jpg,225,207,0.01587576894680669,False,False,"[207, 208, 243, 219, 222]"
val/04274_Animalia_Chordata_Aves_Passeriformes_Turdidae_Sialia_mexicana/03e984fb-3a8f-4555-8222-f0312e8e74e7.jpg,226,25,0.04936636368582807,False,False,"[25, 235, 35, 276, 328]"
val/04274_Animalia_Chordata_Aves_Passeriformes_Turdidae_Sialia_mexicana/35c458d2-65d0-4e3b-8c72-4fbd079c0043.jpg,226,373,0.01565569082388858,False,False,"[373, 488, 393, 299, 460]"
val/04274_Animalia_Chordata_Aves_Passeriformes_Turdidae_Sialia_mexicana/39cc4b85-0f62-4b3a-8d2c-d9d839de0dda.jpg,226,481,0.010579346349636433,False,False,"[481, 468, 268, 113, 6]"
val/04274_Animalia_Chordata_Aves_Passeriformes_Turdidae_Sialia_mexicana/5492bff4-3e2d-4ebb-b86d-7c3419a8fac9.jpg,226,75,0.01480397977751101,False,False,"[75, 160, 174, 193, 50]"
val/04274_Animalia_Chordata_Aves_Passeriformes_Turdidae_Sialia_mexicana/698e8bfe-0694-43db-9033-117e93cb1193.jpg,226,314,0.015805917196863525,False,False,"[314, 298, 234, 260, 179]"
val/04274_Animalia_Chordata_Aves_Passeriformes_Turdidae_Sialia_mexicana/76032fac-1edb-47a8-91de-51103095da53.jpg,226,244,0.04023828117484571,False,False,"[244, 169, 162, 4, 241]"
val/04274_Animalia_Chordata_Aves_Passeriformes_Turdidae_Sialia_mexicana/9d37473c-a043-451a-8eee-54eddbb93cfd.jpg,226,228,0.017638609603305586,False,False,"[228, 15, 12, 222, 176]"
val/04274_Animalia_Chordata_Aves_Passeriformes_Turdidae_Sialia_mexicana/bf1e2b81-3729-4957-92e8-121dffc1bb9a.jpg,226,366,0.015011639303509818,False,False,"[366, 457, 460, 477, 143]"
val/04274_Animalia_Chordata_Aves_Passeriformes_Turdidae_Sialia_mexicana/df227bca-9505-4518-8ff1-cd5be1e0bcde.jpg,226,324,0.009667857165672691,False,False,"[324, 415, 355, 418, 438]"
val/04274_Animalia_Chordata_Aves_Passeriformes_Turdidae_Sialia_mexicana/e1f6a9f8-4c31-45aa-b969-31fce26a0f3a.jpg,226,151,0.011715639337760162,False,False,"[151, 77, 432, 451, 400]"
val/04275_Animalia_Chordata_Aves_Passeriformes_Turdidae_Sialia_sialis/01fb4a6b-76d7-4e4b-ad86-f474f137b98a.jpg,227,339,0.015739598871374647,False,False,"[339, 459, 441, 471, 145]"
val/04275_Animalia_Chordata_Aves_Passeriformes_Turdidae_Sialia_sialis/163cf15d-9125-42bb-ba7d-7998c85d7488.jpg,227,225,0.016896148758260704,False,False,"[225, 231, 242, 205, 252]"
val/04275_Animalia_Chordata_Aves_Passeriformes_Turdidae_Sialia_sialis/5dc0ed36-8bf4-4910-b85a-318599c65909.jpg,227,429,0.02467012497199369,False,False,"[429, 482, 359, 382, 401]"
val/04275_Animalia_Chordata_Aves_Passeriformes_Turdidae_Sialia_sialis/62ffb900-9816-4b7f-80eb-12df49e196dd.jpg,227,222,0.023120391522227543,False,False,"[222, 295, 53, 99, 153]"
val/04275_Animalia_Chordata_Aves_Passeriformes_Turdidae_Sialia_sialis/711120ac-5bf9-4e85-b641-31714894112f.jpg,227,123,0.01578477689078702,False,False,"[123, 147, 63, 229, 221]"
val/04275_Animalia_Chordata_Aves_Passeriformes_Turdidae_Sialia_sialis/7f3e797e-86ab-497d-8afb-b2c4e8f15113.jpg,227,304,0.016925914044626077,False,False,"[304, 197, 297, 233, 237]"
val/04275_Animalia_Chordata_Aves_Passeriformes_Turdidae_Sialia_sialis/96da73e0-1ca5-4a58-a5af-e74a3585fbd9.jpg,227,325,0.009329670341211738,False,False,"[325, 159, 248, 135, 292]"
val/04275_Animalia_Chordata_Aves_Passeriformes_Turdidae_Sialia_sialis/b70a4dbc-5de1-4d6e-a7f2-38af4e0bb208.jpg,227,228,0.014981162984315321,False,False,"[228, 116, 90, 189, 205]"
val/04275_Animalia_Chordata_Aves_Passeriformes_Turdidae_Sialia_sialis/b97b380d-ed5f-4023-8ba5-1ca86fc5fa2c.jpg,227,4,0.011634124873269348,False,False,"[4, 174, 237, 90, 46]"
val/04275_Animalia_Chordata_Aves_Passeriformes_Turdidae_Sialia_sialis/ca8544d3-6625-4704-bc12-696e614fbf76.jpg,227,40,0.022803877071003297,False,False,"[40, 59, 0, 109, 172]"
val/04293_Animalia_Chordata_Aves_Passeriformes_Tyrannidae_Contopus_cooperi/02e43d78-6f8a-4274-837e-d4b751aacdeb.jpg,228,442,0.009393168562811784,False,False,"[442, 243, 7, 209, 463]"
val/04293_Animalia_Chordata_Aves_Passeriformes_Tyrannidae_Contopus_cooperi/08f87a0d-9ae4-4417-baef-0a85d911b552.jpg,228,228,0.03419781240630952,True,True,"[228, 203, 4, 0, 192]"
val/04293_Animalia_Chordata_Aves_Passeriformes_Tyrannidae_Contopus_cooperi/171754ec-54e3-4792-81ce-716ea3e4d25e.jpg,228,126,0.028362615703028803,False,True,"[126, 228, 243, 192, 231]"
val/04293_Animalia_Chordata_Aves_Passeriformes_Tyrannidae_Contopus_cooperi/184d009e-5ec1-40fc-a154-f05116b504c5.jpg,228,491,0.011063929538115703,False,False,"[491, 448, 129, 314, 489]"
val/04293_Animalia_Chordata_Aves_Passeriformes_Tyrannidae_Contopus_cooperi/2a7273f5-9c63-4460-8898-e71289a066bd.jpg,228,318,0.014629689230413231,False,False,"[318, 215, 468, 213, 452]"
val/04293_Animalia_Chordata_Aves_Passeriformes_Tyrannidae_Contopus_cooperi/5a44fcb1-86ef-4086-9a27-7d7b111a1b0f.jpg,228,176,0.023416153110118187,False,False,"[176, 116, 45, 117, 36]"
val/04293_Animalia_Chordata_Aves_Passeriformes_Tyrannidae_Contopus_cooperi/624e31a6-b9ad-454d-882d-61e96a2ccd6d.jpg,228,228,0.038697737907405466,True,True,"[228, 128, 131, 231, 75]"
val/04293_Animalia_Chordata_Aves_Passeriformes_Tyrannidae_Contopus_cooperi/7c81a2c6-c4d1-4817-b1e0-99d53d3aebb0.jpg,228,76,0.012228585113124189,False,False,"[76, 252, 13, 196, 185]"
val/04293_Animalia_Chordata_Aves_Passeriformes_Tyrannidae_Contopus_cooperi/92acbcd3-d977-4feb-9b80-727e8762a093.jpg,228,160,0.02676704048028667,False,False,"[160, 192, 63, 171, 18]"
val/04293_Animalia_Chordata_Aves_Passeriformes_Tyrannidae_Contopus_cooperi/a2c7bf6f-e064-4c3c-b46e-bb78800c9196.jpg,228,106,0.008856756744974149,False,False,"[106, 213, 415, 225, 300]"
val/04300_Animalia_Chordata_Aves_Passeriformes_Tyrannidae_Empidonax_flaviventris/097a2de9-d386-4449-8647-63e9a2e2cbdd.jpg,229,171,0.0717704402878851,False,False,"[171, 34, 35, 205, 58]"
val/04300_Animalia_Chordata_Aves_Passeriformes_Tyrannidae_Empidonax_flaviventris/1da137df-8ef0-4219-82ea-1202b20a3ce5.jpg,229,126,0.010439740853514446,False,False,"[126, 13, 123, 406, 51]"
val/04300_Animalia_Chordata_Aves_Passeriformes_Tyrannidae_Empidonax_flaviventris/2456a132-1bff-4b6a-b8cb-3fe9bcf20776.jpg,229,321,0.016419691284049773,False,False,"[321, 80, 428, 213, 93]"
val/04300_Animalia_Chordata_Aves_Passeriformes_Tyrannidae_Empidonax_flaviventris/5104eac9-aa58-4f91-8df9-c4389c534bb0.jpg,229,99,0.021821396202846437,False,False,"[99, 296, 447, 147, 371]"
val/04300_Animalia_Chordata_Aves_Passeriformes_Tyrannidae_Empidonax_flaviventris/b460d84e-dedc-491b-a703-eb170a55aac9.jpg,229,266,0.010093631099178326,False,False,"[266, 119, 99, 278, 203]"
val/04300_Animalia_Chordata_Aves_Passeriformes_Tyrannidae_Empidonax_flaviventris/d16b9e33-f7e7-421e-ac00-f09de56328eb.jpg,229,281,0.014703730542163033,False,False,"[281, 112, 182, 53, 282]"
val/04300_Animalia_Chordata_Aves_Passeriformes_Tyrannidae_Empidonax_flaviventris/d79142f9-d0b9-4319-b571-9f06d9dbeb53.jpg,229,135,0.022528716346665915,False,False,"[135, 76, 53, 174, 262]"
val/04300_Animalia_Chordata_Aves_Passeriformes_Tyrannidae_Empidonax_flaviventris/db7a918b-5ee0-461f-aa52-46aa251c2df8.jpg,229,189,0.009992236734331035,False,False,"[189, 204, 199, 192, 25]"
val/04300_Animalia_Chordata_Aves_Passeriformes_Tyrannidae_Empidonax_flaviventris/ed650472-feea-4c93-9194-303ccbad63a7.jpg,229,133,0.009370488155866065,False,False,"[133, 166, 456, 89, 259]"
val/04300_Animalia_Chordata_Aves_Passeriformes_Tyrannidae_Empidonax_flaviventris/f5fafa78-6fdc-4643-ba82-0b87282692c6.jpg,229,238,0.00982617125111823,False,False,"[238, 272, 159, 327, 483]"
val/04304_Animalia_Chordata_Aves_Passeriformes_Tyrannidae_Empidonax_occidentalis/262b2801-9885-4d16-bfb9-e482a0cfbed2.jpg,230,460,0.01698965839730599,False,False,"[460, 164, 448, 313, 343]"
val/04304_Animalia_Chordata_Aves_Passeriformes_Tyrannidae_Empidonax_occidentalis/2c3719a7-87f7-49d9-80df-396885ce3e55.jpg,230,399,0.010542661772147006,False,False,"[399, 301, 21, 101, 383]"
val/04304_Animalia_Chordata_Aves_Passeriformes_Tyrannidae_Empidonax_occidentalis/2fe738b3-2250-4b72-816c-cea25d667767.jpg,230,67,0.015016631164247446,False,False,"[67, 118, 103, 291, 45]"
val/04304_Animalia_Chordata_Aves_Passeriformes_Tyrannidae_Empidonax_occidentalis/70d850c6-197e-47bb-848c-d95b17d3de0f.jpg,230,45,0.010568600977713248,False,False,"[45, 137, 16, 223, 66]"
val/04304_Animalia_Chordata_Aves_Passeriformes_Tyrannidae_Empidonax_occidentalis/8fd0708a-8021-49a4-944c-1213c0d1a136.jpg,230,327,0.018362557765499988,False,False,"[327, 135, 233, 185, 12]"
val/04304_Animalia_Chordata_Aves_Passeriformes_Tyrannidae_Empidonax_occidentalis/a405e080-8904-45fd-8775-73de449545dd.jpg,230,77,0.015423823912914742,False,False,"[77, 405, 435, 404, 104]"
val/04304_Animalia_Chordata_Aves_Passeriformes_Tyrannidae_Empidonax_occidentalis/e731dffc-29a5-49e7-b5d1-1a5874d3fc0f.jpg,230,189,0.014302685335983807,False,False,"[189, 430, 379, 371, 298]"
val/04304_Animalia_Chordata_Aves_Passeriformes_Tyrannidae_Empidonax_occidentalis/ebd2bd5a-0932-4302-971c-c7da226df9a7.jpg,230,56,0.0178960567471851,False,False,"[56, 244, 194, 55, 47]"
val/04304_Animalia_Chordata_Aves_Passeriformes_Tyrannidae_Empidonax_occidentalis/f4566653-aee8-445a-959d-8889478b575e.jpg,230,243,0.009589820090872763,False,False,"[243, 169, 115, 183, 203]"
val/04304_Animalia_Chordata_Aves_Passeriformes_Tyrannidae_Empidonax_occidentalis/fd49c06f-e1d1-4665-93d3-9f266d4849c3.jpg,230,383,0.010494321223104192,False,False,"[383, 494, 173, 376, 36]"
val/04330_Animalia_Chordata_Aves_Passeriformes_Tyrannidae_Tyrannus_dominicensis/0a8f3c47-5d5d-471f-aa15-e05de484a2fb.jpg,231,55,0.015753984826194327,False,False,"[55, 203, 51, 87, 137]"
val/04330_Animalia_Chordata_Aves_Passeriformes_Tyrannidae_Tyrannus_dominicensis/10d89eb5-52f9-4e5c-a11d-cb083890e821.jpg,231,228,0.025181784957208225,False,True,"[228, 231, 176, 205, 0]"
val/04330_Animalia_Chordata_Aves_Passeriformes_Tyrannidae_Tyrannus_dominicensis/1af6c65f-10b7-4043-947f-ace8ea3ade83.jpg,231,329,0.014640186371870657,False,False,"[329, 327, 394, 218, 230]"
val/04330_Animalia_Chordata_Aves_Passeriformes_Tyrannidae_Tyrannus_dominicensis/3df3f4df-f6c7-44dc-a901-7afc35f8c580.jpg,231,140,0.0375544548286169,False,False,"[140, 61, 116, 25, 118]"
val/04330_Animalia_Chordata_Aves_Passeriformes_Tyrannidae_Tyrannus_dominicensis/47ffafbd-fa65-409f-8e68-944d6d917ccb.jpg,231,33,0.00900402381740187,False,False,"[33, 112, 120, 296, 339]"
val/04330_Animalia_Chordata_Aves_Passeriformes_Tyrannidae_Tyrannus_dominicensis/4afdbd80-db14-4182-b989-f4b61e749506.jpg,231,241,0.01917738784729878,False,False,"[241, 62, 262, 74, 34]"
val/04330_Animalia_Chordata_Aves_Passeriformes_Tyrannidae_Tyrannus_dominicensis/4d8cce80-2c03-4d9d-8be5-f775ebf0b1e7.jpg,231,228,0.025593159573620263,False,False,"[228, 47, 185, 236, 241]"
val/04330_Animalia_Chordata_Aves_Passeriformes_Tyrannidae_Tyrannus_dominicensis/c57b8e39-c921-4e35-8af8-458d78849c9b.jpg,231,171,0.22083914542970082,False,False,"[171, 160, 192, 205, 194]"
val/04330_Animalia_Chordata_Aves_Passeriformes_Tyrannidae_Tyrannus_dominicensis/d850bd45-7237-4bc1-8cfc-e44c38fdb818.jpg,231,284,0.009086888072479676,False,False,"[284, 132, 113, 81, 119]"
val/04330_Animalia_Chordata_Aves_Passeriformes_Tyrannidae_Tyrannus_dominicensis/f0891a5a-51f6-47cc-a265-2d701c3c6ab2.jpg,231,251,0.023180961968011685,False,False,"[251, 369, 342, 371, 280]"
val/04360_Animalia_Chordata_Aves_Pelecaniformes_Ardeidae_Ardea_intermedia/169c6145-bce8-46fc-a89e-62dcc46f8a74.jpg,232,142,0.018925788004752333,False,False,"[142, 82, 234, 180, 55]"
val/04360_Animalia_Chordata_Aves_Pelecaniformes_Ardeidae_Ardea_intermedia/316b4650-ef4f-49f9-8891-eedd75c3c2da.jpg,232,194,0.028219761425233938,False,False,"[194, 280, 106, 143, 451]"
val/04360_Animalia_Chordata_Aves_Pelecaniformes_Ardeidae_Ardea_intermedia/534fdfbd-0a24-4d1d-8af1-18a753a2abcc.jpg,232,287,0.009396212303363382,False,False,"[287, 4, 93, 251, 65]"
val/04360_Animalia_Chordata_Aves_Pelecaniformes_Ardeidae_Ardea_intermedia/6b391001-346d-4d24-82df-a05ac0cfd26e.jpg,232,131,0.010257000435494797,False,False,"[131, 296, 120, 251, 201]"
val/04360_Animalia_Chordata_Aves_Pelecaniformes_Ardeidae_Ardea_intermedia/a3730555-2639-4c8e-aa29-08896f49ee42.jpg,232,107,0.03522100284983219,False,False,"[107, 140, 180, 228, 126]"
val/04360_Animalia_Chordata_Aves_Pelecaniformes_Ardeidae_Ardea_intermedia/a6160881-c4a8-4461-b0fd-14b8bd28e2e7.jpg,232,59,0.008845616020548227,False,False,"[59, 92, 258, 252, 366]"
val/04360_Animalia_Chordata_Aves_Pelecaniformes_Ardeidae_Ardea_intermedia/bf5fa804-932f-4bc4-86c8-fc96a4322f90.jpg,232,37,0.013036151032225813,False,False,"[37, 491, 408, 483, 374]"
val/04360_Animalia_Chordata_Aves_Pelecaniformes_Ardeidae_Ardea_intermedia/c831e344-5daa-41f1-a0ba-99d72b8d1adb.jpg,232,306,0.009897396074372601,False,False,"[306, 130, 297, 133, 99]"
val/04360_Animalia_Chordata_Aves_Pelecaniformes_Ardeidae_Ardea_intermedia/ea26c30a-6aa4-4b1e-8895-fd2422af142f.jpg,232,280,0.009794333141539276,False,False,"[280, 15, 119, 47, 384]"
val/04360_Animalia_Chordata_Aves_Pelecaniformes_Ardeidae_Ardea_intermedia/f550bc0b-d59f-41df-ba93-4c87fa8eacf7.jpg,232,66,0.011049063317422357,False,False,"[66, 171, 117, 224, 17]"
val/04382_Animalia_Chordata_Aves_Pelecaniformes_Ardeidae_Ixobrychus_minutus/0ac8765d-3f1c-4566-8862-2de76e359308.jpg,233,274,0.010267203194503223,False,False,"[274, 81, 60, 250, 296]"
val/04382_Animalia_Chordata_Aves_Pelecaniformes_Ardeidae_Ixobrychus_minutus/36e62ef5-70ad-43d5-9f3e-34003b491e8f.jpg,233,324,0.009718155430732444,False,False,"[324, 319, 421, 320, 213]"
val/04382_Animalia_Chordata_Aves_Pelecaniformes_Ardeidae_Ixobrychus_minutus/3cc6ec87-4e2a-4209-908d-a1ede7dc9e06.jpg,233,164,0.009896082909395653,False,False,"[164, 57, 150, 137, 59]"
val/04382_Animalia_Chordata_Aves_Pelecaniformes_Ardeidae_Ixobrychus_minutus/4d10fb1f-3f8d-42a9-87a6-e07cf741fbfd.jpg,233,334,0.015167602486811156,False,False,"[334, 236, 304, 197, 266]"
val/04382_Animalia_Chordata_Aves_Pelecaniformes_Ardeidae_Ixobrychus_minutus/4e66167f-fefc-445c-a89c-d4de6e0056b7.jpg,233,216,0.02594564203776649,False,False,"[216, 181, 161, 242, 246]"
val/04382_Animalia_Chordata_Aves_Pelecaniformes_Ardeidae_Ixobrychus_minutus/52639b1b-5a3b-431b-9851-77573c60c991.jpg,233,415,0.015373752192160755,False,False,"[415, 33, 356, 355, 459]"
val/04382_Animalia_Chordata_Aves_Pelecaniformes_Ardeidae_Ixobrychus_minutus/730dc52f-209a-44a9-8ed2-b2fa1e74571b.jpg,233,160,0.28341334060930623,False,False,"[160, 171, 192, 242, 185]"
val/04382_Animalia_Chordata_Aves_Pelecaniformes_Ardeidae_Ixobrychus_minutus/8971f7b1-74ba-464c-a55a-848b15468cbc.jpg,233,443,0.00904211460422239,False,False,"[443, 337, 474, 13, 329]"
val/04382_Animalia_Chordata_Aves_Pelecaniformes_Ardeidae_Ixobrychus_minutus/ae6b1d3d-548d-40b9-903c-0a5cf0133df8.jpg,233,44,0.035299887838146526,False,False,"[44, 205, 46, 55, 64]"
val/04382_Animalia_Chordata_Aves_Pelecaniformes_Ardeidae_Ixobrychus_minutus/e198f2b8-7c03-4a6b-89a1-78f4adbd9c96.jpg,233,359,0.0096804503712923,False,False,"[359, 316, 69, 293, 72]"
val/04383_Animalia_Chordata_Aves_Pelecaniformes_Ardeidae_Ixobrychus_sinensis/1921d19a-f104-447d-aef5-115d841f63a3.jpg,234,55,0.016958342787928602,False,False,"[55, 147, 236, 45, 187]"
val/04383_Animalia_Chordata_Aves_Pelecaniformes_Ardeidae_Ixobrychus_sinensis/1d4c59b5-1159-408b-a2b9-ab4a2513ede3.jpg,234,103,0.015492731092632732,False,False,"[103, 455, 366, 437, 360]"
val/04383_Animalia_Chordata_Aves_Pelecaniformes_Ardeidae_Ixobrychus_sinensis/29d5f8ef-d2f2-4827-8318-7210315b65ab.jpg,234,359,0.010987546037576078,False,False,"[359, 407, 388, 478, 308]"
val/04383_Animalia_Chordata_Aves_Pelecaniformes_Ardeidae_Ixobrychus_sinensis/37d4aeec-679e-4d6c-a6f1-d81c4ce0a145.jpg,234,334,0.05280400896422808,False,False,"[334, 179, 233, 216, 496]"
val/04383_Animalia_Chordata_Aves_Pelecaniformes_Ardeidae_Ixobrychus_sinensis/4a8f9d5a-f392-4785-9753-e39b1e92a443.jpg,234,329,0.011425628957148349,False,False,"[329, 183, 94, 300, 413]"
val/04383_Animalia_Chordata_Aves_Pelecaniformes_Ardeidae_Ixobrychus_sinensis/654318e8-0f10-404b-9108-2d0d58f0c2bd.jpg,234,202,0.015267008437066576,False,False,"[202, 314, 331, 394, 431]"
val/04383_Animalia_Chordata_Aves_Pelecaniformes_Ardeidae_Ixobrychus_sinensis/6feb03af-710e-484f-be1c-1f28d5298314.jpg,234,368,0.023154534639441032,False,False,"[368, 125, 271, 59, 487]"
val/04383_Animalia_Chordata_Aves_Pelecaniformes_Ardeidae_Ixobrychus_sinensis/9f07d64a-6d45-41e6-a349-61ecc36632f5.jpg,234,122,0.011152571933866871,False,False,"[122, 211, 426, 133, 327]"
val/04383_Animalia_Chordata_Aves_Pelecaniformes_Ardeidae_Ixobrychus_sinensis/b5cb5b85-0dcc-4a3d-91a0-e0817273c024.jpg,234,164,0.010914142883578103,False,False,"[164, 314, 161, 241, 198]"
val/04383_Animalia_Chordata_Aves_Pelecaniformes_Ardeidae_Ixobrychus_sinensis/e6e1b4b0-fcac-45bb-a665-7c537669580f.jpg,234,393,0.02137046204119225,False,False,"[393, 191, 222, 69, 243]"
val/04391_Animalia_Chordata_Aves_Pelecaniformes_Pelecanidae_Pelecanus_crispus/227595a7-c01c-40bc-9574-96b14a94be13.jpg,235,57,0.012116357442176975,False,False,"[57, 85, 211, 73, 96]"
val/04391_Animalia_Chordata_Aves_Pelecaniformes_Pelecanidae_Pelecanus_crispus/22e0bf1c-5806-446f-b91a-e1aa4e8fc820.jpg,235,228,0.07760619412268924,False,False,"[228, 0, 126, 205, 164]"
val/04391_Animalia_Chordata_Aves_Pelecaniformes_Pelecanidae_Pelecanus_crispus/27b05453-6911-425d-9c72-b7e08b732aba.jpg,235,218,0.016333076174891794,False,False,"[218, 16, 72, 181, 133]"
val/04391_Animalia_Chordata_Aves_Pelecaniformes_Pelecanidae_Pelecanus_crispus/2f237b5a-a77f-441d-8613-01f98e00824c.jpg,235,4,0.012111067515356493,False,False,"[4, 197, 181, 176, 126]"
val/04391_Animalia_Chordata_Aves_Pelecaniformes_Pelecanidae_Pelecanus_crispus/660563e6-843f-40b5-8249-0b9e4367298f.jpg,235,25,0.014939940646721975,False,False,"[25, 61, 85, 96, 385]"
val/04391_Animalia_Chordata_Aves_Pelecaniformes_Pelecanidae_Pelecanus_crispus/66f1943b-de9d-48fc-bfd2-d15e063b5944.jpg,235,40,0.035832035638341704,False,False,"[40, 182, 175, 116, 241]"
val/04391_Animalia_Chordata_Aves_Pelecaniformes_Pelecanidae_Pelecanus_crispus/9b57cc79-7b8e-417a-8428-a5da1cf47b07.jpg,235,180,0.013062898086496503,False,False,"[180, 6, 237, 158, 171]"
val/04391_Animalia_Chordata_Aves_Pelecaniformes_Pelecanidae_Pelecanus_crispus/b188cf9a-e537-4ed7-807e-fab280a03500.jpg,235,73,0.010190237135454682,False,False,"[73, 265, 163, 86, 190]"
val/04391_Animalia_Chordata_Aves_Pelecaniformes_Pelecanidae_Pelecanus_crispus/c3c24111-db0b-4615-b999-756e29c4aec9.jpg,235,241,0.025755362141611327,False,False,"[241, 171, 197, 142, 52]"
val/04391_Animalia_Chordata_Aves_Pelecaniformes_Pelecanidae_Pelecanus_crispus/cd065a2d-e131-40bc-b69e-5723ae616a53.jpg,235,429,0.016105259435201556,False,False,"[429, 382, 426, 236, 364]"
val/04393_Animalia_Chordata_Aves_Pelecaniformes_Pelecanidae_Pelecanus_occidentalis/0d88f547-4e72-4641-9e40-b5e8712a0f33.jpg,236,165,0.024670530364873128,False,False,"[165, 199, 334, 422, 196]"
val/04393_Animalia_Chordata_Aves_Pelecaniformes_Pelecanidae_Pelecanus_occidentalis/1341277a-9586-4a4b-bf96-6f4e85d2a80a.jpg,236,171,0.11457317982456788,False,False,"[171, 180, 35, 23, 196]"
val/04393_Animalia_Chordata_Aves_Pelecaniformes_Pelecanidae_Pelecanus_occidentalis/321e562a-130d-4a19-9117-7a9aa35c3aed.jpg,236,154,0.023033664478549206,False,False,"[154, 179, 260, 6, 200]"
val/04393_Animalia_Chordata_Aves_Pelecaniformes_Pelecanidae_Pelecanus_occidentalis/356970d5-bfea-43a8-8ad5-b2f14766f83f.jpg,236,40,0.02629932678111908,False,False,"[40, 172, 237, 196, 248]"
val/04393_Animalia_Chordata_Aves_Pelecaniformes_Pelecanidae_Pelecanus_occidentalis/44b56bbc-bf55-463f-9fd1-dc989a653ab9.jpg,236,264,0.015591236604091981,False,False,"[264, 126, 239, 151, 1]"
val/04393_Animalia_Chordata_Aves_Pelecaniformes_Pelecanidae_Pelecanus_occidentalis/9ebf9392-c23b-435d-9484-66a0b338680d.jpg,236,62,0.020018183356526355,False,True,"[62, 128, 228, 236, 40]"
val/04393_Animalia_Chordata_Aves_Pelecaniformes_Pelecanidae_Pelecanus_occidentalis/af6de098-ae29-424d-8682-02a40b5f3a61.jpg,236,173,0.016155424673045527,False,False,"[173, 330, 242, 329, 422]"
val/04393_Animalia_Chordata_Aves_Pelecaniformes_Pelecanidae_Pelecanus_occidentalis/c209c542-55a1-4ce6-b298-09dd761e2374.jpg,236,357,0.015179796417852432,False,False,"[357, 53, 298, 343, 138]"
val/04393_Animalia_Chordata_Aves_Pelecaniformes_Pelecanidae_Pelecanus_occidentalis/c71c3ab2-b154-484e-84f7-4a8259a3a471.jpg,236,184,0.018859226149995096,False,False,"[184, 237, 186, 76, 197]"
val/04393_Animalia_Chordata_Aves_Pelecaniformes_Pelecanidae_Pelecanus_occidentalis/f7a3071e-c74d-4476-9246-82b2c14666f7.jpg,236,241,0.03372135162525893,False,False,"[241, 244, 160, 197, 180]"
val/04396_Animalia_Chordata_Aves_Pelecaniformes_Pelecanidae_Pelecanus_thagus/1933cd59-d58a-40c5-b614-9ea12a3d2209.jpg,237,9,0.00927203383770449,False,False,"[9, 2, 134, 86, 47]"
val/04396_Animalia_Chordata_Aves_Pelecaniformes_Pelecanidae_Pelecanus_thagus/2ccc9479-fba6-4901-b130-ddcfb7a93444.jpg,237,66,0.02684971154950016,False,False,"[66, 140, 180, 244, 116]"
val/04396_Animalia_Chordata_Aves_Pelecaniformes_Pelecanidae_Pelecanus_thagus/515e2c00-9edc-4e80-85c2-642e6d011bb8.jpg,237,334,0.010923831043551257,False,False,"[334, 99, 72, 179, 185]"
val/04396_Animalia_Chordata_Aves_Pelecaniformes_Pelecanidae_Pelecanus_thagus/6f768781-e64a-40ab-bd8e-74290b1b7447.jpg,237,164,0.020658766252674852,False,False,"[164, 40, 11, 115, 197]"
val/04396_Animalia_Chordata_Aves_Pelecaniformes_Pelecanidae_Pelecanus_thagus/9d2b0f31-2c4d-48c4-9cf1-2b0c8e92a05e.jpg,237,224,0.015623930074624717,False,False,"[224, 182, 183, 133, 121]"
val/04396_Animalia_Chordata_Aves_Pelecaniformes_Pelecanidae_Pelecanus_thagus/a7b92810-177d-4f54-bc54-49a644f2fb65.jpg,237,161,0.009746936565012838,False,False,"[161, 384, 39, 29, 179]"
val/04396_Animalia_Chordata_Aves_Pelecaniformes_Pelecanidae_Pelecanus_thagus/cb6006e4-2937-441c-bdc4-53f496ca121b.jpg,237,42,0.021724903732471837,False,False,"[42, 132, 48, 438, 117]"
val/04396_Animalia_Chordata_Aves_Pelecaniformes_Pelecanidae_Pelecanus_thagus/d1171205-472f-452d-99ac-a58cbebee3bc.jpg,237,87,0.009937332098525204,False,False,"[87, 276, 209, 28, 232]"
val/04396_Animalia_Chordata_Aves_Pelecaniformes_Pelecanidae_Pelecanus_thagus/e8179aab-ac0a-427b-af0f-63346313ab26.jpg,237,229,0.009325071599326207,False,False,"[229, 179, 268, 294, 295]"
val/04396_Animalia_Chordata_Aves_Pelecaniformes_Pelecanidae_Pelecanus_thagus/fd772f84-a504-436a-bdff-ddada18f2b1c.jpg,237,487,0.011970109660609825,False,False,"[487, 493, 254, 432, 298]"
val/04434_Animalia_Chordata_Aves_Piciformes_Picidae_Dendrocopos_major/0027bc6e-6a1a-428e-8716-32f441359efe.jpg,238,123,0.01669208336405967,False,False,"[123, 252, 128, 391, 454]"
val/04434_Animalia_Chordata_Aves_Piciformes_Picidae_Dendrocopos_major/33e26dcf-3c70-423b-81d4-6af9d9b360d0.jpg,238,297,0.009648639770647097,False,False,"[297, 222, 101, 301, 113]"
val/04434_Animalia_Chordata_Aves_Piciformes_Picidae_Dendrocopos_major/4df84ba2-033d-4fa7-b0e1-775c173dd1f3.jpg,238,116,0.012650227241323272,False,False,"[116, 228, 181, 41, 91]"
val/04434_Animalia_Chordata_Aves_Piciformes_Picidae_Dendrocopos_major/7ea3f029-54dc-44e3-b79d-33bbc991d392.jpg,238,196,0.02005545676965394,False,False,"[196, 182, 334, 442, 99]"
val/04434_Animalia_Chordata_Aves_Piciformes_Picidae_Dendrocopos_major/8149602b-dc94-4ae2-bc7a-0839a2c767da.jpg,238,82,0.009864136584417177,False,False,"[82, 56, 293, 63, 269]"
val/04434_Animalia_Chordata_Aves_Piciformes_Picidae_Dendrocopos_major/94296283-e766-4128-b3a3-2839b8d056f6.jpg,238,238,0.014159742501247357,True,True,"[238, 240, 152, 492, 201]"
val/04434_Animalia_Chordata_Aves_Piciformes_Picidae_Dendrocopos_major/be68c997-7a7e-4298-bdad-8124f454e307.jpg,238,489,0.010629364695901443,False,False,"[489, 369, 380, 498, 332]"
val/04434_Animalia_Chordata_Aves_Piciformes_Picidae_Dendrocopos_major/bf6023c0-e79d-4f98-85f8-30db1beb2549.jpg,238,238,0.009573817589301502,True,True,"[238, 427, 245, 272, 218]"
val/04434_Animalia_Chordata_Aves_Piciformes_Picidae_Dendrocopos_major/d7e696fc-a430-4cd8-9700-547034b10e4d.jpg,238,316,0.01487924292512048,False,False,"[316, 206, 240, 112, 255]"
val/04434_Animalia_Chordata_Aves_Piciformes_Picidae_Dendrocopos_major/eb6be81a-ce65-436d-ae6a-c3290f529fa2.jpg,238,221,0.010529791585840928,False,False,"[221, 206, 57, 121, 262]"
val/04437_Animalia_Chordata_Aves_Piciformes_Picidae_Dinopium_benghalense/090c9b61-a1c6-4eeb-8354-9f4ca8f5f975.jpg,239,127,0.016004902144808868,False,False,"[127, 121, 85, 76, 252]"
val/04437_Animalia_Chordata_Aves_Piciformes_Picidae_Dinopium_benghalense/463c3774-c1e2-4a45-9e98-60bc6c732f98.jpg,239,200,0.016491629882310857,False,True,"[200, 218, 215, 239, 258]"
val/04437_Animalia_Chordata_Aves_Piciformes_Picidae_Dinopium_benghalense/4fa6b2aa-7d73-4384-96e2-ad54f152e89d.jpg,239,371,0.009121854118941026,False,False,"[371, 384, 484, 131, 145]"
val/04437_Animalia_Chordata_Aves_Piciformes_Picidae_Dinopium_benghalense/73d93a24-c71c-4d62-a7dc-4abbf883c541.jpg,239,172,0.018912282215367716,False,False,"[172, 241, 31, 18, 2]"
val/04437_Animalia_Chordata_Aves_Piciformes_Picidae_Dinopium_benghalense/7e4572c5-b6c9-41dd-bf0c-8df681cb54ea.jpg,239,0,0.009691139487587494,False,False,"[0, 66, 213, 169, 51]"
val/04437_Animalia_Chordata_Aves_Piciformes_Picidae_Dinopium_benghalense/8a940316-283f-47f0-8dbf-bbdb3f8d1585.jpg,239,239,0.015607034688082283,True,True,"[239, 245, 264, 435, 120]"
val/04437_Animalia_Chordata_Aves_Piciformes_Picidae_Dinopium_benghalense/8f6ceb7b-ba65-4628-adb7-0ed31e729e04.jpg,239,104,0.009530899690248597,False,False,"[104, 15, 347, 256, 22]"
val/04437_Animalia_Chordata_Aves_Piciformes_Picidae_Dinopium_benghalense/a1758e38-0632-4289-a09a-db56d74a0037.jpg,239,152,0.009625466836662098,False,False,"[152, 350, 95, 29, 360]"
val/04437_Animalia_Chordata_Aves_Piciformes_Picidae_Dinopium_benghalense/e24c88c6-de34-43c9-9e67-99ed6616a8a4.jpg,239,456,0.009593799608262215,False,False,"[456, 396, 2, 110, 332]"
val/04437_Animalia_Chordata_Aves_Piciformes_Picidae_Dinopium_benghalense/f2a1b640-e58e-4953-ac6f-ac75a160cafd.jpg,239,58,0.012533061016116651,False,False,"[58, 282, 192, 229, 474]"
val/04465_Animalia_Chordata_Aves_Piciformes_Picidae_Sphyrapicus_thyroideus/0a92f8d0-548d-435c-b597-e1eed8754d88.jpg,240,322,0.043264606685579875,False,False,"[322, 147, 127, 386, 495]"
val/04465_Animalia_Chordata_Aves_Piciformes_Picidae_Sphyrapicus_thyroideus/37308222-ae41-449f-a00d-2c918da8dcd2.jpg,240,180,0.018160968349037198,False,False,"[180, 34, 236, 164, 11]"
val/04465_Animalia_Chordata_Aves_Piciformes_Picidae_Sphyrapicus_thyroideus/8ab97aa4-8183-4bae-8448-cdc1882d72f7.jpg,240,257,0.009013689322852283,False,False,"[257, 132, 452, 339, 387]"
val/04465_Animalia_Chordata_Aves_Piciformes_Picidae_Sphyrapicus_thyroideus/910ab908-06ab-4db7-b4a5-b172e48574e8.jpg,240,346,0.01802630284456481,False,False,"[346, 495, 396, 213, 112]"
val/04465_Animalia_Chordata_Aves_Piciformes_Picidae_Sphyrapicus_thyroideus/ab138b48-ef36-4389-9780-cc382d683736.jpg,240,266,0.009283124918650328,False,False,"[266, 218, 24, 71, 173]"
val/04465_Animalia_Chordata_Aves_Piciformes_Picidae_Sphyrapicus_thyroideus/b16553e3-7603-48d8-8632-8a74c278eac6.jpg,240,238,0.03690026425480942,False,False,"[238, 395, 442, 222, 207]"
val/04465_Animalia_Chordata_Aves_Piciformes_Picidae_Sphyrapicus_thyroideus/b51a036c-18a3-4dc7-8fa6-66557a1c11bd.jpg,240,13,0.009228560052261891,False,False,"[13, 17, 188, 170, 276]"
val/04465_Animalia_Chordata_Aves_Piciformes_Picidae_Sphyrapicus_thyroideus/bdbd9883-7576-40c1-b5c8-3ee72076c30a.jpg,240,341,0.010263068215970424,False,False,"[341, 363, 492, 449, 456]"
val/04465_Animalia_Chordata_Aves_Piciformes_Picidae_Sphyrapicus_thyroideus/c7a92d4d-0303-4c23-ae11-bfec50a8bd94.jpg,240,375,0.009661579374301765,False,False,"[375, 78, 344, 137, 468]"
val/04465_Animalia_Chordata_Aves_Piciformes_Picidae_Sphyrapicus_thyroideus/e8d968aa-3fbc-4c21-99f3-b5ddfb2ef42e.jpg,240,277,0.009640209515311542,False,False,"[277, 253, 496, 327, 256]"
val/04476_Animalia_Chordata_Aves_Podicipediformes_Podicipedidae_Podiceps_cristatus/13dc8a39-7b38-4ad2-a659-d84109a9513e.jpg,241,172,0.04609781586259074,False,False,"[172, 197, 164, 334, 40]"
val/04476_Animalia_Chordata_Aves_Podicipediformes_Podicipedidae_Podiceps_cristatus/39b4011b-6f6e-4672-bf9a-179888554253.jpg,241,34,0.05535891816680748,False,True,"[34, 241, 5, 76, 189]"
val/04476_Animalia_Chordata_Aves_Podicipediformes_Podicipedidae_Podiceps_cristatus/537a5e16-9fd1-43ec-ac6e-ec2fb6a49e84.jpg,241,197,0.021718318183508504,False,True,"[197, 89, 241, 334, 40]"
val/04476_Animalia_Chordata_Aves_Podicipediformes_Podicipedidae_Podiceps_cristatus/705dd7e4-a3da-4c4c-923e-b467e2bc42e5.jpg,241,247,0.015802722202105646,False,False,"[247, 166, 186, 196, 46]"
val/04476_Animalia_Chordata_Aves_Podicipediformes_Podicipedidae_Podiceps_cristatus/9e3babe8-5044-4f2d-97d7-b52b5e684775.jpg,241,241,0.05016621032569476,True,True,"[241, 172, 162, 198, 197]"
val/04476_Animalia_Chordata_Aves_Podicipediformes_Podicipedidae_Podiceps_cristatus/a65ea011-0276-4861-82bc-3e1cfebff58f.jpg,241,328,0.018584498554942295,False,False,"[328, 180, 205, 203, 228]"
val/04476_Animalia_Chordata_Aves_Podicipediformes_Podicipedidae_Podiceps_cristatus/adf3af67-4a61-484e-af35-7701c0d217de.jpg,241,241,0.04600145246651304,True,True,"[241, 197, 172, 196, 40]"
val/04476_Animalia_Chordata_Aves_Podicipediformes_Podicipedidae_Podiceps_cristatus/b1dc976b-dfe2-4e58-9a8a-0b9b79104b20.jpg,241,172,0.04870180698941731,False,True,"[172, 197, 241, 236, 163]"
val/04476_Animalia_Chordata_Aves_Podicipediformes_Podicipedidae_Podiceps_cristatus/d3341aa9-91e2-4690-adb9-bfd09c8580d8.jpg,241,164,0.024179578780800827,False,False,"[164, 216, 334, 233, 196]"
val/04476_Animalia_Chordata_Aves_Podicipediformes_Podicipedidae_Podiceps_cristatus/ef5c46bd-098b-43ad-bced-6bfffbc7c963.jpg,241,163,0.03109967892083401,False,False,"[163, 172, 197, 164, 165]"
val/04485_Animalia_Chordata_Aves_Podicipediformes_Podicipedidae_Tachybaptus_ruficollis/0552c6ad-3100-406e-b926-77b72a54b8ce.jpg,242,176,0.016611951365695366,False,False,"[176, 140, 406, 113, 159]"
val/04485_Animalia_Chordata_Aves_Podicipediformes_Podicipedidae_Tachybaptus_ruficollis/0952ad43-6ae9-4f99-a1bd-30aae2ab2034.jpg,242,216,0.029106457304597856,False,False,"[216, 165, 228, 226, 40]"
val/04485_Animalia_Chordata_Aves_Podicipediformes_Podicipedidae_Tachybaptus_ruficollis/5b2e018b-5a79-4875-ab8a-73fea43e8ccc.jpg,242,202,0.015081409936846887,False,False,"[202, 39, 135, 25, 131]"
val/04485_Animalia_Chordata_Aves_Podicipediformes_Podicipedidae_Tachybaptus_ruficollis/63589824-df1a-4bf2-8d12-c9747e70a7ae.jpg,242,321,0.014805365707566699,False,False,"[321, 235, 205, 162, 179]"
val/04485_Animalia_Chordata_Aves_Podicipediformes_Podicipedidae_Tachybaptus_ruficollis/6d890e91-7b7f-4147-8222-16d3691b4d47.jpg,242,9,0.018138780426541993,False,False,"[9, 63, 85, 119, 43]"
val/04485_Animalia_Chordata_Aves_Podicipediformes_Podicipedidae_Tachybaptus_ruficollis/833405d4-35dc-4aea-8080-f14fe19b956f.jpg,242,329,0.011014365635667989,False,False,"[329, 314, 249, 438, 186]"
val/04485_Animalia_Chordata_Aves_Podicipediformes_Podicipedidae_Tachybaptus_ruficollis/8f9ddb97-ae7c-4322-95e3-ee431dc3a9d3.jpg,242,56,0.012576628991302494,False,False,"[56, 41, 244, 203, 82]"
val/04485_Animalia_Chordata_Aves_Podicipediformes_Podicipedidae_Tachybaptus_ruficollis/9123e4c9-c66f-4f9b-a6bc-d59e1304c198.jpg,242,172,0.018664175103399894,False,False,"[172, 241, 197, 233, 196]"
val/04485_Animalia_Chordata_Aves_Podicipediformes_Podicipedidae_Tachybaptus_ruficollis/eb87b22e-9bb3-4fb3-86f1-af4b3cc64be1.jpg,242,172,0.06538342242093603,False,False,"[172, 164, 197, 40, 205]"
val/04485_Animalia_Chordata_Aves_Podicipediformes_Podicipedidae_Tachybaptus_ruficollis/fa12e574-a386-4efd-84a1-7df7fa5a582a.jpg,242,313,0.018537096744019623,False,False,"[313, 387, 497, 136, 328]"
val/04512_Animalia_Chordata_Aves_Psittaciformes_Psittacidae_Eupsittula_nana/1434ceae-86d6-4b53-9c78-2a22a53033f4.jpg,243,286,0.015313669551068877,False,False,"[286, 160, 55, 281, 18]"
val/04512_Animalia_Chordata_Aves_Psittaciformes_Psittacidae_Eupsittula_nana/1eabd2cd-3610-4a3a-bee9-d42c8242ac15.jpg,243,463,0.010864525094265113,False,False,"[463, 354, 474, 404, 411]"
val/04512_Animalia_Chordata_Aves_Psittaciformes_Psittacidae_Eupsittula_nana/4d526bf3-63eb-42e7-9e1d-0abb0e401f71.jpg,243,338,0.015788285392400996,False,False,"[338, 413, 174, 468, 354]"
val/04512_Animalia_Chordata_Aves_Psittaciformes_Psittacidae_Eupsittula_nana/60e14d03-c259-48d9-a626-0d2fcf689016.jpg,243,418,0.011850653279166498,False,False,"[418, 331, 437, 415, 346]"
val/04512_Animalia_Chordata_Aves_Psittaciformes_Psittacidae_Eupsittula_nana/816473dd-a273-4e70-9e62-e96576e935c0.jpg,243,45,0.015001855463506686,False,False,"[45, 47, 279, 204, 251]"
val/04512_Animalia_Chordata_Aves_Psittaciformes_Psittacidae_Eupsittula_nana/8d2f2c14-aa47-4cfd-94f7-ecd0693f5a33.jpg,243,450,0.015515198789704195,False,False,"[450, 384, 479, 468, 480]"
val/04512_Animalia_Chordata_Aves_Psittaciformes_Psittacidae_Eupsittula_nana/bbb63ad8-a7fa-49b3-8ae4-d47fecad81c0.jpg,243,3,0.02282420433585743,False,True,"[3, 0, 55, 209, 243]"
val/04512_Animalia_Chordata_Aves_Psittaciformes_Psittacidae_Eupsittula_nana/c6672e46-f4dc-454e-bcfe-8655bd1798e6.jpg,243,167,0.008952078770044593,False,False,"[167, 344, 90, 466, 499]"
val/04512_Animalia_Chordata_Aves_Psittaciformes_Psittacidae_Eupsittula_nana/e6efd40b-9f0f-4e08-a6d3-656d6085740b.jpg,243,1,0.022053938741718855,False,False,"[1, 191, 198, 241, 90]"
val/04512_Animalia_Chordata_Aves_Psittaciformes_Psittacidae_Eupsittula_nana/ecc2ecd6-7fbc-42e6-a7c2-8673d7917a41.jpg,243,239,0.01520053760197343,False,False,"[239, 423, 98, 384, 395]"
val/04541_Animalia_Chordata_Aves_Strigiformes_Strigidae_Asio_flammeus/288f1be6-409f-4cf5-b4cb-068e4f3ea966.jpg,244,198,0.015231802394868791,False,False,"[198, 335, 112, 12, 102]"
val/04541_Animalia_Chordata_Aves_Strigiformes_Strigidae_Asio_flammeus/44250c27-1783-4f68-be33-d7396fd580d3.jpg,244,300,0.013409737593229784,False,False,"[300, 254, 323, 308, 457]"
val/04541_Animalia_Chordata_Aves_Strigiformes_Strigidae_Asio_flammeus/4d1f6003-212e-4dad-9389-d63d0f0e40fb.jpg,244,175,0.015673380896710977,False,False,"[175, 232, 278, 93, 209]"
val/04541_Animalia_Chordata_Aves_Strigiformes_Strigidae_Asio_flammeus/56916e4d-a208-4fc2-92fb-503fc068fe80.jpg,244,384,0.015568488666007395,False,False,"[384, 273, 368, 345, 356]"
val/04541_Animalia_Chordata_Aves_Strigiformes_Strigidae_Asio_flammeus/67bb41eb-5b73-4996-b4ac-95fad01a1bea.jpg,244,264,0.01552499704236521,False,False,"[264, 65, 107, 179, 331]"
val/04541_Animalia_Chordata_Aves_Strigiformes_Strigidae_Asio_flammeus/89341b55-4c0e-42db-bd22-2497e85a3745.jpg,244,284,0.010281221453823288,False,False,"[284, 58, 62, 84, 30]"
val/04541_Animalia_Chordata_Aves_Strigiformes_Strigidae_Asio_flammeus/b826d653-fc02-4833-b021-510bd242ef07.jpg,244,202,0.015460837809327105,False,False,"[202, 63, 55, 169, 180]"
val/04541_Animalia_Chordata_Aves_Strigiformes_Strigidae_Asio_flammeus/c694d329-20a1-42ef-ab14-7ddc2f34a2e4.jpg,244,206,0.010424540423333819,False,False,"[206, 230, 159, 213, 198]"
val/04541_Animalia_Chordata_Aves_Strigiformes_Strigidae_Asio_flammeus/dca9952a-29a5-4fa4-80a2-bcda0b370913.jpg,244,160,0.12896265372259413,False,False,"[160, 171, 192, 232, 180]"
val/04541_Animalia_Chordata_Aves_Strigiformes_Strigidae_Asio_flammeus/e090dc90-750d-4f0a-8122-c27ae1696da7.jpg,244,419,0.00917124361429578,False,False,"[419, 226, 359, 253, 499]"
val/04556_Animalia_Chordata_Aves_Strigiformes_Strigidae_Ninox_novaeseelandiae/1c75d351-0a05-4569-a016-ac610ab015ed.jpg,245,3,0.021332704477753265,False,False,"[3, 177, 403, 376, 313]"
val/04556_Animalia_Chordata_Aves_Strigiformes_Strigidae_Ninox_novaeseelandiae/27f37d36-2014-49aa-9bc4-94c0c6023694.jpg,245,434,0.01100242900119859,False,False,"[434, 371, 394, 389, 320]"
val/04556_Animalia_Chordata_Aves_Strigiformes_Strigidae_Ninox_novaeseelandiae/34d63a5b-44c7-43fb-97b0-fad29e05df54.jpg,245,463,0.02230029567286557,False,True,"[463, 152, 429, 245, 369]"
val/04556_Animalia_Chordata_Aves_Strigiformes_Strigidae_Ninox_novaeseelandiae/3cfff65a-62d9-4f36-ae07-ee20171abd3f.jpg,245,386,0.01146195739668014,False,False,"[386, 372, 495, 475, 219]"
val/04556_Animalia_Chordata_Aves_Strigiformes_Strigidae_Ninox_novaeseelandiae/46efe02b-a64c-4d06-ab1b-1c7c0ce97cd0.jpg,245,171,0.014275710295170357,False,False,"[171, 464, 295, 258, 324]"
val/04556_Animalia_Chordata_Aves_Strigiformes_Strigidae_Ninox_novaeseelandiae/689788bc-a13f-49f1-8afd-be3fee35eaf9.jpg,245,207,0.017180963766741206,False,False,"[207, 325, 405, 435, 210]"
val/04556_Animalia_Chordata_Aves_Strigiformes_Strigidae_Ninox_novaeseelandiae/98e4e313-95a0-4f2d-ac64-57ac72290d85.jpg,245,13,0.011257995306219288,False,False,"[13, 288, 257, 169, 188]"
val/04556_Animalia_Chordata_Aves_Strigiformes_Strigidae_Ninox_novaeseelandiae/991158c0-6a6d-43a5-8c7d-4c5e3acb8599.jpg,245,477,0.022405723850675078,False,False,"[477, 496, 384, 358, 334]"
val/04556_Animalia_Chordata_Aves_Strigiformes_Strigidae_Ninox_novaeseelandiae/abf0c9f9-58a7-43ec-93e8-113cd732ff8d.jpg,245,200,0.01014570756419091,False,False,"[200, 314, 157, 423, 496]"
val/04556_Animalia_Chordata_Aves_Strigiformes_Strigidae_Ninox_novaeseelandiae/e886d2a6-0bb9-425f-b580-08a97fbf441e.jpg,245,215,0.01065829997827705,False,False,"[215, 296, 127, 277, 173]"
val/04566_Animalia_Chordata_Aves_Suliformes_Anhingidae_Anhinga_novaehollandiae/1520c771-7a62-49d1-aef0-1e125c022750.jpg,246,384,0.009430852079773329,False,False,"[384, 92, 11, 375, 66]"
val/04566_Animalia_Chordata_Aves_Suliformes_Anhingidae_Anhinga_novaehollandiae/2a8fdd64-6601-470b-81a7-32b73b615c42.jpg,246,377,0.009089180581726876,False,False,"[377, 490, 384, 313, 339]"
val/04566_Animalia_Chordata_Aves_Suliformes_Anhingidae_Anhinga_novaehollandiae/2bad0f5d-7620-41e6-ba57-7bc5514f343e.jpg,246,268,0.015607668454858977,False,False,"[268, 328, 20, 113, 489]"
val/04566_Animalia_Chordata_Aves_Suliformes_Anhingidae_Anhinga_novaehollandiae/420e3bd9-9769-4cfb-8c87-1512ea699da6.jpg,246,175,0.010906808275780088,False,False,"[175, 172, 45, 121, 233]"
val/04566_Animalia_Chordata_Aves_Suliformes_Anhingidae_Anhinga_novaehollandiae/68c7aae0-3577-4592-8655-4bab507a0179.jpg,246,82,0.010115021171027742,False,False,"[82, 43, 41, 281, 284]"
val/04566_Animalia_Chordata_Aves_Suliformes_Anhingidae_Anhinga_novaehollandiae/7de9e629-d76f-4963-b2e1-b9f780286ba7.jpg,246,411,0.00899160668478706,False,False,"[411, 480, 11, 40, 294]"
val/04566_Animalia_Chordata_Aves_Suliformes_Anhingidae_Anhinga_novaehollandiae/b0947ac4-6d47-4ca3-83f6-1bcc3bf7c7a7.jpg,246,98,0.009725207603959287,False,False,"[98, 356, 268, 420, 258]"
val/04566_Animalia_Chordata_Aves_Suliformes_Anhingidae_Anhinga_novaehollandiae/cd62327f-91ca-417e-92b7-93a2f2000f67.jpg,246,56,0.011047252133818457,False,False,"[56, 159, 41, 226, 202]"
val/04566_Animalia_Chordata_Aves_Suliformes_Anhingidae_Anhinga_novaehollandiae/cfce3a8a-e152-479a-bcff-e9389d96a681.jpg,246,200,0.00923191603685506,False,False,"[200, 329, 433, 334, 374]"
val/04566_Animalia_Chordata_Aves_Suliformes_Anhingidae_Anhinga_novaehollandiae/e8e644dc-73b8-4cce-b6cc-bfff68371136.jpg,246,221,0.010323230603601024,False,False,"[221, 122, 169, 167, 136]"
val/04579_Animalia_Chordata_Aves_Suliformes_Phalacrocoracidae_Phalacrocorax_penicillatus/1e711a94-93af-4cb7-932d-eae6d1b42e80.jpg,247,266,0.015592317759886702,False,False,"[266, 261, 180, 161, 197]"
val/04579_Animalia_Chordata_Aves_Suliformes_Phalacrocoracidae_Phalacrocorax_penicillatus/37f5cffa-d35c-4e77-b23f-462f9f045d87.jpg,247,172,0.06352738159100449,False,False,"[172, 197, 248, 241, 164]"
val/04579_Animalia_Chordata_Aves_Suliformes_Phalacrocoracidae_Phalacrocorax_penicillatus/3ad04699-a524-4619-88b4-419273ce60ba.jpg,247,176,0.009284074242632235,False,False,"[176, 122, 224, 129, 399]"
val/04579_Animalia_Chordata_Aves_Suliformes_Phalacrocoracidae_Phalacrocorax_penicillatus/4d47f260-6798-4339-a39e-c71d6a6c586a.jpg,247,240,0.00956612202688207,False,False,"[240, 119, 70, 105, 454]"
val/04579_Animalia_Chordata_Aves_Suliformes_Phalacrocoracidae_Phalacrocorax_penicillatus/55f85ca0-a3c2-4cb9-b396-a2b80ed58a5d.jpg,247,321,0.010844069154058916,False,False,"[321, 105, 414, 154, 93]"
val/04579_Animalia_Chordata_Aves_Suliformes_Phalacrocoracidae_Phalacrocorax_penicillatus/560068d1-fd87-4d2a-b047-675bf7839987.jpg,247,111,0.010088534244063774,False,False,"[111, 182, 185, 212, 136]"
val/04579_Animalia_Chordata_Aves_Suliformes_Phalacrocoracidae_Phalacrocorax_penicillatus/57abc2c9-c5a6-42a0-9ba9-74d1bd4e433b.jpg,247,154,0.010332483374041579,False,False,"[154, 467, 141, 48, 104]"
val/04579_Animalia_Chordata_Aves_Suliformes_Phalacrocoracidae_Phalacrocorax_penicillatus/7e7b92fe-a43f-496c-afef-24f2d6bcfdb7.jpg,247,175,0.012577619741750397,False,False,"[175, 8, 172, 140, 215]"
val/04579_Animalia_Chordata_Aves_Suliformes_Phalacrocoracidae_Phalacrocorax_penicillatus/97346d7e-f809-49e2-beff-1f3a0498b3f8.jpg,247,194,0.015626949572322798,False,False,"[194, 58, 180, 50, 45]"
val/04579_Animalia_Chordata_Aves_Suliformes_Phalacrocoracidae_Phalacrocorax_penicillatus/e58ed5a2-5cac-4ac6-afe5-4c14031c8dd9.jpg,247,186,0.022687580831128304,False,False,"[186, 34, 161, 406, 240]"
val/04581_Animalia_Chordata_Aves_Suliformes_Phalacrocoracidae_Phalacrocorax_sulcirostris/317f5caa-f765-42a7-b8eb-f9fe716b426b.jpg,248,197,0.03012333526746475,False,True,"[197, 185, 236, 242, 248]"
val/04581_Animalia_Chordata_Aves_Suliformes_Phalacrocoracidae_Phalacrocorax_sulcirostris/4e4bb9f2-9c0c-437f-aa85-dfd92fedb049.jpg,248,89,0.009489016885055471,False,False,"[89, 81, 464, 7, 308]"
val/04581_Animalia_Chordata_Aves_Suliformes_Phalacrocoracidae_Phalacrocorax_sulcirostris/75094093-23d0-412c-beb9-945bf263fe95.jpg,248,231,0.015130151545158028,False,False,"[231, 99, 161, 327, 127]"
val/04581_Animalia_Chordata_Aves_Suliformes_Phalacrocoracidae_Phalacrocorax_sulcirostris/a6921e95-7ff3-4a92-9a48-fe9541af6016.jpg,248,444,0.012063041598504772,False,False,"[444, 341, 396, 141, 276]"
val/04581_Animalia_Chordata_Aves_Suliformes_Phalacrocoracidae_Phalacrocorax_sulcirostris/b0264532-d620-4158-9eb3-44f397594132.jpg,248,193,0.011283152855707461,False,False,"[193, 172, 406, 40, 211]"
val/04581_Animalia_Chordata_Aves_Suliformes_Phalacrocoracidae_Phalacrocorax_sulcirostris/b4598450-ac15-435a-b416-414b989c1184.jpg,248,257,0.016085948103214648,False,False,"[257, 65, 249, 276, 84]"
val/04581_Animalia_Chordata_Aves_Suliformes_Phalacrocoracidae_Phalacrocorax_sulcirostris/bdbc2c52-7127-4086-8d83-09163e697c2a.jpg,248,197,0.047189575213633164,False,True,"[197, 172, 196, 248, 241]"
val/04581_Animalia_Chordata_Aves_Suliformes_Phalacrocoracidae_Phalacrocorax_sulcirostris/c11eb2af-7be6-44ed-98de-0bcb4a5c46c2.jpg,248,34,0.017303056490012996,False,False,"[34, 216, 57, 82, 235]"
val/04581_Animalia_Chordata_Aves_Suliformes_Phalacrocoracidae_Phalacrocorax_sulcirostris/d063a441-54b9-46fe-a2df-2383c52aaebf.jpg,248,56,0.01012207326705845,False,False,"[56, 31, 71, 3, 328]"
val/04581_Animalia_Chordata_Aves_Suliformes_Phalacrocoracidae_Phalacrocorax_sulcirostris/e03af78c-051e-4072-8c70-b49c8ca2d20e.jpg,248,228,0.02135166700478579,False,False,"[228, 231, 0, 205, 132]"
val/04621_Animalia_Chordata_Mammalia_Artiodactyla_Bovidae_Boselaphus_tragocamelus/09e4561d-0704-455f-a888-eef7c84e426e.jpg,249,115,0.011080636967951465,False,False,"[115, 57, 162, 90, 111]"
val/04621_Animalia_Chordata_Mammalia_Artiodactyla_Bovidae_Boselaphus_tragocamelus/0c5884b9-a095-4ef0-9ed7-3373d0aaa3bb.jpg,249,86,0.01187194477546352,False,False,"[86, 65, 252, 45, 2]"
val/04621_Animalia_Chordata_Mammalia_Artiodactyla_Bovidae_Boselaphus_tragocamelus/6ed671c5-ed59-4980-84ef-86bc750bc724.jpg,249,62,0.02865533535053387,False,False,"[62, 124, 151, 154, 288]"
val/04621_Animalia_Chordata_Mammalia_Artiodactyla_Bovidae_Boselaphus_tragocamelus/74108e10-578f-4f58-8f86-81ecd4dd17f3.jpg,249,274,0.035870942480242834,False,False,"[274, 52, 328, 196, 241]"
val/04621_Animalia_Chordata_Mammalia_Artiodactyla_Bovidae_Boselaphus_tragocamelus/866a5559-0836-40b4-a9af-ad784735900b.jpg,249,210,0.014588166744764527,False,False,"[210, 22, 193, 82, 74]"
val/04621_Animalia_Chordata_Mammalia_Artiodactyla_Bovidae_Boselaphus_tragocamelus/9390d666-eca7-42ea-8b53-375970b1be57.jpg,249,107,0.009310746319222933,False,False,"[107, 152, 81, 368, 84]"
val/04621_Animalia_Chordata_Mammalia_Artiodactyla_Bovidae_Boselaphus_tragocamelus/9a6bc065-1c9e-490a-9b8f-e8cbaa752f07.jpg,249,101,0.01482412607392536,False,False,"[101, 171, 177, 328, 5]"
val/04621_Animalia_Chordata_Mammalia_Artiodactyla_Bovidae_Boselaphus_tragocamelus/a9d2a099-6dbf-498a-9287-8adf9bad2ed5.jpg,249,197,0.0106016291882277,False,False,"[197, 99, 236, 177, 186]"
val/04621_Animalia_Chordata_Mammalia_Artiodactyla_Bovidae_Boselaphus_tragocamelus/b6ccb067-9804-4694-aff0-7db4e22b8728.jpg,249,18,0.021880449978599916,False,False,"[18, 116, 241, 160, 191]"
val/04621_Animalia_Chordata_Mammalia_Artiodactyla_Bovidae_Boselaphus_tragocamelus/f5df5392-fa59-4072-8c15-fec772d36fde.jpg,249,429,0.036036976926090994,False,False,"[429, 405, 366, 459, 397]"
val/04644_Animalia_Chordata_Mammalia_Artiodactyla_Camelidae_Lama_guanicoe/093675f2-d15d-442d-affa-c9a39407c9a5.jpg,250,234,0.022647236014398008,False,False,"[234, 360, 2, 5, 482]"
val/04644_Animalia_Chordata_Mammalia_Artiodactyla_Camelidae_Lama_guanicoe/15c00d3d-7d6b-4922-a5b2-e78842918a3f.jpg,250,224,0.015855636323759813,False,False,"[224, 310, 175, 140, 180]"
val/04644_Animalia_Chordata_Mammalia_Artiodactyla_Camelidae_Lama_guanicoe/394694c9-0b12-4865-bd3d-f2159a3cee3f.jpg,250,275,0.015677865894980745,False,False,"[275, 418, 333, 125, 129]"
val/04644_Animalia_Chordata_Mammalia_Artiodactyla_Camelidae_Lama_guanicoe/727e7b29-33ac-4dd0-b8e1-a7b7ae0b5356.jpg,250,247,0.00946214829826618,False,False,"[247, 57, 212, 186, 165]"
val/04644_Animalia_Chordata_Mammalia_Artiodactyla_Camelidae_Lama_guanicoe/7717aa0b-fcc7-4b32-af62-f436baceaa47.jpg,250,148,0.011487245895417785,False,False,"[148, 249, 214, 228, 267]"
val/04644_Animalia_Chordata_Mammalia_Artiodactyla_Camelidae_Lama_guanicoe/7a2bbe8a-7626-45e9-ab48-946e2b2fc960.jpg,250,35,0.021416814012100487,False,False,"[35, 256, 319, 44, 83]"
val/04644_Animalia_Chordata_Mammalia_Artiodactyla_Camelidae_Lama_guanicoe/7b67629c-af0d-4d9c-a369-a8b6f3bede47.jpg,250,96,0.009949641713365005,False,False,"[96, 117, 162, 132, 206]"
val/04644_Animalia_Chordata_Mammalia_Artiodactyla_Camelidae_Lama_guanicoe/9a832db0-5ef8-4493-bf5d-4260d2fcd4c4.jpg,250,45,0.009065707556084351,False,False,"[45, 163, 212, 39, 330]"
val/04644_Animalia_Chordata_Mammalia_Artiodactyla_Camelidae_Lama_guanicoe/b63fb6e0-0e0e-4ae8-a352-115e0ce38538.jpg,250,327,0.009994437803611048,False,False,"[327, 329, 109, 471, 32]"
val/04644_Animalia_Chordata_Mammalia_Artiodactyla_Camelidae_Lama_guanicoe/c5ae3ac4-d9af-4e59-93ef-c197cf95e73e.jpg,250,328,0.01071490381613493,False,False,"[328, 159, 176, 41, 5]"
val/04683_Animalia_Chordata_Mammalia_Carnivora_Felidae_Panthera_onca/10fbecbc-26ad-46e8-8ef1-c1a0a963d369.jpg,251,63,0.017840248549250967,False,False,"[63, 87, 75, 282, 53]"
val/04683_Animalia_Chordata_Mammalia_Carnivora_Felidae_Panthera_onca/34992671-0e61-44a5-9059-363b00bd8946.jpg,251,321,0.009090378643747954,False,False,"[321, 369, 74, 488, 435]"
val/04683_Animalia_Chordata_Mammalia_Carnivora_Felidae_Panthera_onca/6909a41f-60e7-4873-96fa-7daa8e13a381.jpg,251,92,0.009961398094588006,False,False,"[92, 222, 390, 9, 88]"
val/04683_Animalia_Chordata_Mammalia_Carnivora_Felidae_Panthera_onca/76a7d74c-18f9-4da1-9b38-bbe1f8738ce1.jpg,251,302,0.010687816343428956,False,False,"[302, 480, 258, 462, 450]"
val/04683_Animalia_Chordata_Mammalia_Carnivora_Felidae_Panthera_onca/76dfcf88-a85f-4dde-8fee-28edda6c9518.jpg,251,336,0.009476571877936456,False,False,"[336, 499, 302, 460, 78]"
val/04683_Animalia_Chordata_Mammalia_Carnivora_Felidae_Panthera_onca/86094095-8658-4a77-973e-8506f0d22293.jpg,251,455,0.008309232557727853,False,False,"[455, 41, 422, 340, 292]"
val/04683_Animalia_Chordata_Mammalia_Carnivora_Felidae_Panthera_onca/90cd4417-8e5c-4ac8-af26-973c90541bd0.jpg,251,399,0.01616672484344232,False,False,"[399, 257, 308, 354, 499]"
val/04683_Animalia_Chordata_Mammalia_Carnivora_Felidae_Panthera_onca/a674c196-7df1-4718-a2d8-32b24e838942.jpg,251,235,0.010145347422210654,False,False,"[235, 179, 143, 232, 239]"
val/04683_Animalia_Chordata_Mammalia_Carnivora_Felidae_Panthera_onca/c71c724b-a90d-48e4-bfb1-169b7a36f4df.jpg,251,306,0.00922752656546395,False,False,"[306, 60, 293, 52, 127]"
val/04683_Animalia_Chordata_Mammalia_Carnivora_Felidae_Panthera_onca/c8a99932-b946-4aa5-820f-1ec4eea2a0fe.jpg,251,100,0.010897353716219301,False,False,"[100, 252, 44, 385, 266]"
val/04708_Animalia_Chordata_Mammalia_Carnivora_Otariidae_Phocarctos_hookeri/058c3d2d-4e77-4e93-a337-c29e217270d1.jpg,252,169,0.01659222301124114,False,False,"[169, 40, 62, 186, 76]"
val/04708_Animalia_Chordata_Mammalia_Carnivora_Otariidae_Phocarctos_hookeri/1716547e-14f6-4278-96df-5329a25a48dc.jpg,252,34,0.021242493002953382,False,False,"[34, 55, 284, 249, 75]"
val/04708_Animalia_Chordata_Mammalia_Carnivora_Otariidae_Phocarctos_hookeri/1b70f02b-56a9-4641-bbda-17977b99dec3.jpg,252,82,0.02484904997336578,False,False,"[82, 108, 285, 55, 85]"
val/04708_Animalia_Chordata_Mammalia_Carnivora_Otariidae_Phocarctos_hookeri/209b0cd5-4bf2-4cf6-98ba-7efb9c19dfba.jpg,252,76,0.009700778675774341,False,False,"[76, 31, 269, 487, 85]"
val/04708_Animalia_Chordata_Mammalia_Carnivora_Otariidae_Phocarctos_hookeri/5316b935-e14b-452a-8d22-c0fee88067de.jpg,252,85,0.011894232281294204,False,False,"[85, 493, 246, 121, 61]"
val/04708_Animalia_Chordata_Mammalia_Carnivora_Otariidae_Phocarctos_hookeri/94528fb8-603f-4d23-baa6-2b6c8315b2b3.jpg,252,282,0.01232558581261504,False,False,"[282, 158, 27, 85, 76]"
val/04708_Animalia_Chordata_Mammalia_Carnivora_Otariidae_Phocarctos_hookeri/a8925e27-59c2-40bb-8000-0af9c0d731ad.jpg,252,260,0.016591831840595136,False,False,"[260, 181, 119, 96, 21]"
val/04708_Animalia_Chordata_Mammalia_Carnivora_Otariidae_Phocarctos_hookeri/c88e8c61-7c31-4cc7-9182-5b377e66addf.jpg,252,55,0.01866844709701802,False,False,"[55, 87, 76, 426, 64]"
val/04708_Animalia_Chordata_Mammalia_Carnivora_Otariidae_Phocarctos_hookeri/d8e641aa-c81e-4534-aebd-7cd5d4db3e25.jpg,252,252,0.011113302869253845,True,True,"[252, 60, 18, 188, 91]"
val/04708_Animalia_Chordata_Mammalia_Carnivora_Otariidae_Phocarctos_hookeri/f0e4542c-ffd4-40e1-a74b-490f2dd127b4.jpg,252,185,0.015496261652611422,False,False,"[185, 135, 61, 159, 161]"
val/04739_Animalia_Chordata_Mammalia_Diprotodontia_Macropodidae_Macropus_rufogriseus/199add62-b586-4552-8e72-4c7cdc327dfd.jpg,253,421,0.010816604605658333,False,False,"[421, 363, 424, 389, 475]"
val/04739_Animalia_Chordata_Mammalia_Diprotodontia_Macropodidae_Macropus_rufogriseus/22d65ec3-41e6-4f49-817c-9008c8917cc7.jpg,253,178,0.021929634293764936,False,False,"[178, 134, 121, 82, 237]"
val/04739_Animalia_Chordata_Mammalia_Diprotodontia_Macropodidae_Macropus_rufogriseus/4450f49e-dbd7-40fe-9c10-7f956bddce99.jpg,253,334,0.015680482777394356,False,False,"[334, 318, 408, 394, 199]"
val/04739_Animalia_Chordata_Mammalia_Diprotodontia_Macropodidae_Macropus_rufogriseus/59a06bd7-a5d3-4524-8591-e1b6c67dfe09.jpg,253,370,0.009187066318450116,False,False,"[370, 390, 430, 319, 363]"
val/04739_Animalia_Chordata_Mammalia_Diprotodontia_Macropodidae_Macropus_rufogriseus/5f5eb0ea-e2fc-4322-b474-65482420420a.jpg,253,329,0.011386094473384714,False,False,"[329, 325, 368, 495, 429]"
val/04739_Animalia_Chordata_Mammalia_Diprotodontia_Macropodidae_Macropus_rufogriseus/8ce0d607-f2b3-40fb-82f0-21ef87e2d8a6.jpg,253,179,0.015116924448679195,False,False,"[179, 178, 65, 48, 193]"
val/04739_Animalia_Chordata_Mammalia_Diprotodontia_Macropodidae_Macropus_rufogriseus/a6cb4264-ceae-4530-b99b-f60160ee2594.jpg,253,56,0.010888412630821345,False,False,"[56, 284, 30, 70, 15]"
val/04739_Animalia_Chordata_Mammalia_Diprotodontia_Macropodidae_Macropus_rufogriseus/b91572db-3c27-4243-8802-91c3be7e33f8.jpg,253,11,0.00879222573679082,False,False,"[11, 492, 172, 8, 442]"
val/04739_Animalia_Chordata_Mammalia_Diprotodontia_Macropodidae_Macropus_rufogriseus/b9de6097-1bcb-4290-93dd-8fe2e4e241b2.jpg,253,384,0.009586331305704804,False,False,"[384, 296, 330, 36, 279]"
val/04739_Animalia_Chordata_Mammalia_Diprotodontia_Macropodidae_Macropus_rufogriseus/cef69da0-e6d4-47c4-a6d4-84794b276780.jpg,253,331,0.015315210007400007,False,False,"[331, 400, 114, 223, 24]"
val/04786_Animalia_Chordata_Mammalia_Primates_Cercopithecidae_Macaca_mulatta/0814651c-6d94-4b4b-b273-9cc3925ae55e.jpg,254,201,0.009909597947201592,False,False,"[201, 383, 462, 127, 35]"
val/04786_Animalia_Chordata_Mammalia_Primates_Cercopithecidae_Macaca_mulatta/2adae4be-ee6f-4718-9871-7658067cc06b.jpg,254,499,0.015174721924165692,False,False,"[499, 151, 154, 264, 201]"
val/04786_Animalia_Chordata_Mammalia_Primates_Cercopithecidae_Macaca_mulatta/35cf0399-ecc2-4f87-95de-8eef973ccdf3.jpg,254,306,0.009280376732396067,False,False,"[306, 72, 9, 87, 195]"
val/04786_Animalia_Chordata_Mammalia_Primates_Cercopithecidae_Macaca_mulatta/765fa868-4b4a-43f1-993b-d89fdb9d19ce.jpg,254,379,0.010502008732389108,False,False,"[379, 343, 419, 190, 448]"
val/04786_Animalia_Chordata_Mammalia_Primates_Cercopithecidae_Macaca_mulatta/7c565fcf-b1e3-4eb0-aa0d-3e6ef26872f2.jpg,254,389,0.009060156135047993,False,False,"[389, 256, 351, 15, 65]"
val/04786_Animalia_Chordata_Mammalia_Primates_Cercopithecidae_Macaca_mulatta/90f3ced4-5985-4d0a-a256-6931867c8847.jpg,254,25,0.01099283592384941,False,False,"[25, 119, 6, 192, 16]"
val/04786_Animalia_Chordata_Mammalia_Primates_Cercopithecidae_Macaca_mulatta/a21a0946-c406-4cfe-925d-a52e60a45d54.jpg,254,222,0.01597451070970452,False,False,"[222, 198, 423, 494, 210]"
val/04786_Animalia_Chordata_Mammalia_Primates_Cercopithecidae_Macaca_mulatta/a6d41135-e898-4572-ba9b-0d1cc4685885.jpg,254,124,0.009557720909715612,False,False,"[124, 115, 377, 241, 463]"
val/04786_Animalia_Chordata_Mammalia_Primates_Cercopithecidae_Macaca_mulatta/cbb1809f-92e7-48fe-a08e-753eb6f61f91.jpg,254,173,0.010175176843131987,False,False,"[173, 217, 309, 70, 133]"
val/04786_Animalia_Chordata_Mammalia_Primates_Cercopithecidae_Macaca_mulatta/d9ebc583-0835-407f-b21e-9f29c3677b25.jpg,254,297,0.01132558651213992,False,False,"[297, 141, 456, 132, 134]"
val/04791_Animalia_Chordata_Mammalia_Primates_Cercopithecidae_Trachypithecus_obscurus/0299fa9a-d2ed-4ea4-a952-7e743eab10bc.jpg,255,288,0.009424624173668584,False,False,"[288, 201, 27, 93, 76]"
val/04791_Animalia_Chordata_Mammalia_Primates_Cercopithecidae_Trachypithecus_obscurus/065c60e0-e1e0-4f3c-9f22-002e28357c50.jpg,255,141,0.010365916958855833,False,False,"[141, 478, 428, 124, 441]"
val/04791_Animalia_Chordata_Mammalia_Primates_Cercopithecidae_Trachypithecus_obscurus/34fabfa2-3d0a-48f9-b0cd-4ea6b91549ae.jpg,255,397,0.009962398718952244,False,False,"[397, 326, 445, 259, 299]"
val/04791_Animalia_Chordata_Mammalia_Primates_Cercopithecidae_Trachypithecus_obscurus/589498fc-ceae-472d-bc34-e20f348581d9.jpg,255,228,0.041966212027956536,False,False,"[228, 252, 110, 215, 174]"
val/04791_Animalia_Chordata_Mammalia_Primates_Cercopithecidae_Trachypithecus_obscurus/5cb681a2-2837-4af6-982e-f48015ca4702.jpg,255,287,0.010725160358515678,False,False,"[287, 436, 12, 414, 104]"
val/04791_Animalia_Chordata_Mammalia_Primates_Cercopithecidae_Trachypithecus_obscurus/6cf02793-59fa-422c-9c8e-9eff2971c66e.jpg,255,208,0.00938801418392214,False,False,"[208, 112, 345, 396, 213]"
val/04791_Animalia_Chordata_Mammalia_Primates_Cercopithecidae_Trachypithecus_obscurus/e2785080-f002-4a6d-b0cf-ee2ff7c2db8d.jpg,255,451,0.009532619167186665,False,False,"[451, 461, 458, 387, 364]"
val/04791_Animalia_Chordata_Mammalia_Primates_Cercopithecidae_Trachypithecus_obscurus/f8119da4-de08-41e5-9460-7949179e6aa5.jpg,255,251,0.009758717307766583,False,False,"[251, 327, 253, 130, 72]"
val/04791_Animalia_Chordata_Mammalia_Primates_Cercopithecidae_Trachypithecus_obscurus/f898453d-5d26-4f9f-95cd-94c5dec0ef7a.jpg,255,103,0.010693240881089012,False,False,"[103, 495, 306, 339, 402]"
val/04791_Animalia_Chordata_Mammalia_Primates_Cercopithecidae_Trachypithecus_obscurus/fce4aee9-363e-4631-9989-8adfa7c9a749.jpg,255,99,0.009290078441580913,False,False,"[99, 159, 9, 32, 417]"
val/04796_Animalia_Chordata_Mammalia_Rodentia_Caviidae_Cavia_aperea/18d7ea3b-b21e-417f-962a-402d5c263459.jpg,256,166,0.014912074982433883,False,False,"[166, 242, 406, 241, 211]"
val/04796_Animalia_Chordata_Mammalia_Rodentia_Caviidae_Cavia_aperea/46e6fecb-a46c-4fd1-972e-79651bfd612d.jpg,256,306,0.01196952108627671,False,False,"[306, 383, 464, 69, 345]"
val/04796_Animalia_Chordata_Mammalia_Rodentia_Caviidae_Cavia_aperea/5830cdaf-0e91-4018-a12d-3e705fbfd0f6.jpg,256,339,0.016923806077076334,False,False,"[339, 449, 404, 263, 316]"
val/04796_Animalia_Chordata_Mammalia_Rodentia_Caviidae_Cavia_aperea/5c624a55-20c2-485f-be78-64cd9eaca2ff.jpg,256,467,0.010634551721714895,False,False,"[467, 305, 311, 307, 445]"
val/04796_Animalia_Chordata_Mammalia_Rodentia_Caviidae_Cavia_aperea/61bf1c88-4546-4a24-9b63-86e02e3cf8c2.jpg,256,375,0.009941491850773995,False,False,"[375, 466, 337, 336, 355]"
val/04796_Animalia_Chordata_Mammalia_Rodentia_Caviidae_Cavia_aperea/72ba4f05-8290-41b2-9839-2297064f7c97.jpg,256,483,0.016532320003947908,False,False,"[483, 314, 446, 434, 324]"
val/04796_Animalia_Chordata_Mammalia_Rodentia_Caviidae_Cavia_aperea/86e56157-3bed-4ba1-86e0-b9e2db5dba1a.jpg,256,43,0.015328867497756363,False,False,"[43, 87, 80, 52, 323]"
val/04796_Animalia_Chordata_Mammalia_Rodentia_Caviidae_Cavia_aperea/9093e132-dde5-41f1-89ff-69513adcf026.jpg,256,327,0.015672461512925385,False,False,"[327, 150, 487, 361, 314]"
val/04796_Animalia_Chordata_Mammalia_Rodentia_Caviidae_Cavia_aperea/d867f13a-0c32-4b4f-9ebb-790677c01124.jpg,256,491,0.015012378551032001,False,False,"[491, 314, 448, 79, 418]"
val/04796_Animalia_Chordata_Mammalia_Rodentia_Caviidae_Cavia_aperea/eb902778-9798-4795-9e21-8bbc664f3973.jpg,256,369,0.010332667216608608,False,False,"[369, 438, 334, 273, 131]"
val/04804_Animalia_Chordata_Mammalia_Rodentia_Cricetidae_Peromyscus_leucopus/05e379fd-91e9-4153-a771-2096fa41a434.jpg,257,37,0.009905126500165643,False,False,"[37, 174, 232, 16, 7]"
val/04804_Animalia_Chordata_Mammalia_Rodentia_Cricetidae_Peromyscus_leucopus/21911dbc-5e0f-420f-a17e-224681fb7277.jpg,257,195,0.021890433941142335,False,False,"[195, 168, 373, 208, 432]"
val/04804_Animalia_Chordata_Mammalia_Rodentia_Cricetidae_Peromyscus_leucopus/6cae4125-af60-4090-896a-5d346a7b1d3d.jpg,257,354,0.017207428087743802,False,False,"[354, 419, 264, 16, 403]"
val/04804_Animalia_Chordata_Mammalia_Rodentia_Cricetidae_Peromyscus_leucopus/95c9f184-8915-4d93-a4e0-c4f5c43f14b8.jpg,257,310,0.014765035530651073,False,False,"[310, 122, 219, 211, 199]"
val/04804_Animalia_Chordata_Mammalia_Rodentia_Cricetidae_Peromyscus_leucopus/9aafd806-be0c-46db-abbc-0d3ecba9e171.jpg,257,4,0.024200515062294408,False,False,"[4, 142, 228, 25, 162]"
val/04804_Animalia_Chordata_Mammalia_Rodentia_Cricetidae_Peromyscus_leucopus/9b4a9b4c-70fd-4ce3-8550-6a851c555633.jpg,257,133,0.011225192906300262,False,False,"[133, 60, 18, 21, 149]"
val/04804_Animalia_Chordata_Mammalia_Rodentia_Cricetidae_Peromyscus_leucopus/b9e8f2af-1f00-4f06-8759-7c0548223ae8.jpg,257,8,0.022037439679419124,False,False,"[8, 140, 97, 490, 281]"
val/04804_Animalia_Chordata_Mammalia_Rodentia_Cricetidae_Peromyscus_leucopus/bba9c67e-26ce-495a-9250-5425dd550739.jpg,257,261,0.008907156161940695,False,False,"[261, 495, 346, 90, 174]"
val/04804_Animalia_Chordata_Mammalia_Rodentia_Cricetidae_Peromyscus_leucopus/dba22fdb-f09c-4454-9036-18d6b9d59843.jpg,257,273,0.009288056517013693,False,False,"[273, 195, 194, 39, 141]"
val/04804_Animalia_Chordata_Mammalia_Rodentia_Cricetidae_Peromyscus_leucopus/eac76153-2507-4649-81b6-3a37c080130b.jpg,257,421,0.013417341297727429,False,False,"[421, 387, 371, 291, 309]"
val/04848_Animalia_Chordata_Mammalia_Rodentia_Sciuridae_Sciurus_variegatoides/1f39df27-2858-4b66-be1b-0dfa4827a735.jpg,258,495,0.01641651053177212,False,False,"[495, 371, 398, 351, 401]"
val/04848_Animalia_Chordata_Mammalia_Rodentia_Sciuridae_Sciurus_variegatoides/7df5ca34-56fe-4c8b-8dc2-daea22a790be.jpg,258,429,0.04671043584365743,False,False,"[429, 427, 463, 402, 346]"
val/04848_Animalia_Chordata_Mammalia_Rodentia_Sciuridae_Sciurus_variegatoides/8875d0f2-2683-4b8e-8904-aa748f072847.jpg,258,437,0.009158832379294643,False,False,"[437, 167, 245, 444, 152]"
val/04848_Animalia_Chordata_Mammalia_Rodentia_Sciuridae_Sciurus_variegatoides/8c70dc17-4e72-47ea-9ff3-a2cdd6169520.jpg,258,77,0.011672814796748204,False,False,"[77, 362, 435, 401, 365]"
val/04848_Animalia_Chordata_Mammalia_Rodentia_Sciuridae_Sciurus_variegatoides/98445a6c-cfd4-41c7-b6a8-896dcbca39a9.jpg,258,449,0.009772038892619248,False,False,"[449, 277, 344, 13, 164]"
val/04848_Animalia_Chordata_Mammalia_Rodentia_Sciuridae_Sciurus_variegatoides/b95c3a61-8c09-4fd8-bef7-b8565eb8dbe0.jpg,258,297,0.009352552508267538,False,False,"[297, 194, 442, 278, 313]"
val/04848_Animalia_Chordata_Mammalia_Rodentia_Sciuridae_Sciurus_variegatoides/e275dda8-daf5-4fd6-8501-7639604a6461.jpg,258,201,0.011178989547569369,False,False,"[201, 147, 92, 49, 188]"
val/04848_Animalia_Chordata_Mammalia_Rodentia_Sciuridae_Sciurus_variegatoides/e3d0fd0b-a591-4acb-8864-40c583f441cc.jpg,258,381,0.009078339164306393,False,False,"[381, 134, 474, 297, 294]"
val/04848_Animalia_Chordata_Mammalia_Rodentia_Sciuridae_Sciurus_variegatoides/fc7f8fe7-7b4a-41e7-97ea-5e9774c44ca1.jpg,258,367,0.009130039582359388,False,False,"[367, 275, 211, 104, 356]"
val/04848_Animalia_Chordata_Mammalia_Rodentia_Sciuridae_Sciurus_variegatoides/fcb64ff1-380d-49d0-ac4c-a78eb7f3ce3c.jpg,258,405,0.010835209415650977,False,False,"[405, 451, 215, 238, 293]"
val/04853_Animalia_Chordata_Mammalia_Rodentia_Sciuridae_Tamiasciurus_hudsonicus/146e043d-4d48-48c2-a254-158e6b330c0e.jpg,259,199,0.009979117955365878,False,False,"[199, 210, 335, 295, 484]"
val/04853_Animalia_Chordata_Mammalia_Rodentia_Sciuridae_Tamiasciurus_hudsonicus/4c2c7160-5b8e-47ce-9323-0bb7d7b0b8f3.jpg,259,394,0.009465920538500901,False,False,"[394, 479, 445, 408, 63]"
val/04853_Animalia_Chordata_Mammalia_Rodentia_Sciuridae_Tamiasciurus_hudsonicus/51f2a5c3-4e2f-4f72-8631-d7cf69024736.jpg,259,475,0.02302650888404971,False,False,"[475, 343, 427, 459, 387]"
val/04853_Animalia_Chordata_Mammalia_Rodentia_Sciuridae_Tamiasciurus_hudsonicus/75b4ca4e-85de-4a8e-8dec-a5330ceb69ec.jpg,259,385,0.014983024167515874,False,False,"[385, 221, 155, 492, 499]"
val/04853_Animalia_Chordata_Mammalia_Rodentia_Sciuridae_Tamiasciurus_hudsonicus/8a35f575-03ee-479e-9134-a89b990ab54d.jpg,259,327,0.010344806861058339,False,False,"[327, 291, 434, 321, 3]"
val/04853_Animalia_Chordata_Mammalia_Rodentia_Sciuridae_Tamiasciurus_hudsonicus/8b6c9a5f-3cc9-43dc-b5c3-a14f5ff0b468.jpg,259,203,0.01586277985886705,False,False,"[203, 222, 206, 409, 284]"
val/04853_Animalia_Chordata_Mammalia_Rodentia_Sciuridae_Tamiasciurus_hudsonicus/c720dc53-888b-41dd-9cae-cfef753f8250.jpg,259,42,0.0147734983887894,False,False,"[42, 291, 314, 426, 222]"
val/04853_Animalia_Chordata_Mammalia_Rodentia_Sciuridae_Tamiasciurus_hudsonicus/e8e65226-2e3c-41e0-a59f-663cb8ca80eb.jpg,259,498,0.010855610826717823,False,False,"[498, 353, 431, 450, 102]"
val/04853_Animalia_Chordata_Mammalia_Rodentia_Sciuridae_Tamiasciurus_hudsonicus/e9527da0-fe38-4964-9199-d28f95f2ff39.jpg,259,127,0.009887256706073377,False,False,"[127, 121, 25, 169, 135]"
val/04853_Animalia_Chordata_Mammalia_Rodentia_Sciuridae_Tamiasciurus_hudsonicus/f25ce0a4-9291-42ed-a619-de23742a2151.jpg,259,329,0.009881239667825049,False,False,"[329, 309, 206, 133, 239]"
val/04860_Animalia_Chordata_Reptilia_Crocodylia_Alligatoridae_Caiman_crocodilus/1b072935-8ae6-4d26-bfc5-15eccb153467.jpg,260,135,0.013884249251372136,False,False,"[135, 183, 17, 475, 199]"
val/04860_Animalia_Chordata_Reptilia_Crocodylia_Alligatoridae_Caiman_crocodilus/452a819c-eb02-4a5c-a4a1-1a6268b8915d.jpg,260,221,0.009963053140038753,False,False,"[221, 123, 276, 114, 317]"
val/04860_Animalia_Chordata_Reptilia_Crocodylia_Alligatoridae_Caiman_crocodilus/4d0deda9-b3ec-4627-a44b-6d7faabb07da.jpg,260,54,0.035044505171309435,False,False,"[54, 140, 58, 180, 61]"
val/04860_Animalia_Chordata_Reptilia_Crocodylia_Alligatoridae_Caiman_crocodilus/51ea158f-f9cd-41b6-b33c-75f9e4ba0a02.jpg,260,235,0.009975784072594357,False,False,"[235, 205, 282, 280, 134]"
val/04860_Animalia_Chordata_Reptilia_Crocodylia_Alligatoridae_Caiman_crocodilus/6621fd9a-c156-4e95-a28c-fcd258075938.jpg,260,272,0.00932647026508608,False,False,"[272, 32, 105, 230, 433]"
val/04860_Animalia_Chordata_Reptilia_Crocodylia_Alligatoridae_Caiman_crocodilus/866dd587-2df5-4233-a3b2-6438899f3043.jpg,260,139,0.015500960012462508,False,False,"[139, 303, 457, 321, 435]"
val/04860_Animalia_Chordata_Reptilia_Crocodylia_Alligatoridae_Caiman_crocodilus/a8894137-c71d-4c24-8d6b-e92812139a58.jpg,260,46,0.015334186589688343,False,False,"[46, 146, 235, 406, 161]"
val/04860_Animalia_Chordata_Reptilia_Crocodylia_Alligatoridae_Caiman_crocodilus/c4e284c2-04e9-4140-a341-1ad0a2a0e4e1.jpg,260,75,0.03191670513571863,False,False,"[75, 159, 142, 44, 52]"
val/04860_Animalia_Chordata_Reptilia_Crocodylia_Alligatoridae_Caiman_crocodilus/d2246226-0b9b-4efa-ba9e-3e5fb29df0ce.jpg,260,223,0.02187413739947783,False,False,"[223, 61, 249, 415, 156]"
val/04860_Animalia_Chordata_Reptilia_Crocodylia_Alligatoridae_Caiman_crocodilus/d67de047-4638-4399-9f45-b894972ce9a6.jpg,260,87,0.011561025802561459,False,False,"[87, 12, 17, 52, 89]"
val/04866_Animalia_Chordata_Reptilia_Squamata_Agamidae_Acanthocercus_atricollis/02675de7-6f02-4b52-8921-c20072e2f96e.jpg,261,455,0.017789810107833297,False,False,"[455, 311, 476, 334, 355]"
val/04866_Animalia_Chordata_Reptilia_Squamata_Agamidae_Acanthocercus_atricollis/0c28a43b-c6a7-4844-a918-837b68291c0b.jpg,261,203,0.02019343562656756,False,False,"[203, 230, 192, 228, 110]"
val/04866_Animalia_Chordata_Reptilia_Squamata_Agamidae_Acanthocercus_atricollis/23b7333d-2aa6-41a8-ab44-7a3217e95ac0.jpg,261,75,0.015581167971536893,False,False,"[75, 65, 35, 268, 189]"
val/04866_Animalia_Chordata_Reptilia_Squamata_Agamidae_Acanthocercus_atricollis/384794f6-fd0e-42e1-8df9-d8c234de07c0.jpg,261,235,0.01050861489959281,False,False,"[235, 52, 147, 139, 13]"
val/04866_Animalia_Chordata_Reptilia_Squamata_Agamidae_Acanthocercus_atricollis/62d4c580-1203-4b99-9eae-b878e6c0724d.jpg,261,327,0.013815429596668694,False,False,"[327, 377, 14, 460, 332]"
val/04866_Animalia_Chordata_Reptilia_Squamata_Agamidae_Acanthocercus_atricollis/75d18f3d-e221-452a-ba1a-e2e754193b46.jpg,261,250,0.016085556943628208,False,False,"[250, 56, 267, 162, 237]"
val/04866_Animalia_Chordata_Reptilia_Squamata_Agamidae_Acanthocercus_atricollis/aa3043ec-c46b-4d42-bfac-41a7746902eb.jpg,261,488,0.00963534833173948,False,False,"[488, 221, 33, 339, 20]"
val/04866_Animalia_Chordata_Reptilia_Squamata_Agamidae_Acanthocercus_atricollis/b90fe6dd-4749-43ca-8a8d-c11017171048.jpg,261,95,0.009721467074863164,False,False,"[95, 153, 58, 71, 98]"
val/04866_Animalia_Chordata_Reptilia_Squamata_Agamidae_Acanthocercus_atricollis/caa6fe60-5be7-4317-b9af-cb5166184a16.jpg,261,454,0.00947948423591952,False,False,"[454, 106, 57, 65, 249]"
val/04866_Animalia_Chordata_Reptilia_Squamata_Agamidae_Acanthocercus_atricollis/d9a3d9d5-8966-46c0-8da5-07375eb474dd.jpg,261,484,0.011092452016084369,False,False,"[484, 398, 347, 215, 221]"
val/04885_Animalia_Chordata_Reptilia_Squamata_Anguidae_Ophisaurus_attenuatus/0c3ad086-12dd-4435-8c64-b7307f89f316.jpg,262,275,0.023293077751593123,False,True,"[275, 37, 4, 262, 62]"
val/04885_Animalia_Chordata_Reptilia_Squamata_Anguidae_Ophisaurus_attenuatus/23d6f306-fbfe-4d36-91f4-4aa639c55f6a.jpg,262,6,0.016198085517994728,False,True,"[6, 262, 220, 116, 230]"
val/04885_Animalia_Chordata_Reptilia_Squamata_Anguidae_Ophisaurus_attenuatus/331def3f-bbb0-4117-ac69-f4e0ddf9170f.jpg,262,409,0.010476142955201882,False,False,"[409, 3, 485, 319, 323]"
val/04885_Animalia_Chordata_Reptilia_Squamata_Anguidae_Ophisaurus_attenuatus/3f9131a4-fe58-4e98-9089-23cdfca9bdfb.jpg,262,262,0.028604322612370777,True,True,"[262, 154, 343, 139, 81]"
val/04885_Animalia_Chordata_Reptilia_Squamata_Anguidae_Ophisaurus_attenuatus/6c8f1b92-38e3-44a6-bc4d-c3596df327fd.jpg,262,127,0.010439638176371602,False,False,"[127, 135, 128, 189, 11]"
val/04885_Animalia_Chordata_Reptilia_Squamata_Anguidae_Ophisaurus_attenuatus/a3423d3c-65fd-4ad2-88ee-fe55ac146313.jpg,262,197,0.02653536551034765,False,False,"[197, 165, 216, 334, 125]"
val/04885_Animalia_Chordata_Reptilia_Squamata_Anguidae_Ophisaurus_attenuatus/a6f2d0b1-677b-429d-99ac-e05cfdbbe4e6.jpg,262,431,0.010627148834245424,False,False,"[431, 476, 324, 446, 356]"
val/04885_Animalia_Chordata_Reptilia_Squamata_Anguidae_Ophisaurus_attenuatus/a99d451d-6e3b-410c-aa59-3d74071a8866.jpg,262,266,0.007805540711340284,False,False,"[266, 87, 61, 85, 137]"
val/04885_Animalia_Chordata_Reptilia_Squamata_Anguidae_Ophisaurus_attenuatus/bc0f6904-4f07-477d-adc1-fdaec8fbfcca.jpg,262,174,0.008872725163963846,False,False,"[174, 198, 110, 279, 176]"
val/04885_Animalia_Chordata_Reptilia_Squamata_Anguidae_Ophisaurus_attenuatus/d9299fcf-c180-49ff-b3f2-ce88d2bfae3e.jpg,262,330,0.00933530498840294,False,False,"[330, 455, 428, 154, 297]"
val/04887_Animalia_Chordata_Reptilia_Squamata_Boidae_Boa_constrictor/072bfb96-561e-49e8-be88-586e7068fc53.jpg,263,410,0.010605664043695286,False,False,"[410, 336, 289, 371, 458]"
val/04887_Animalia_Chordata_Reptilia_Squamata_Boidae_Boa_constrictor/377f6d0b-bf54-4e63-9cfe-23e90fb28d90.jpg,263,272,0.015305847859087108,False,False,"[272, 401, 382, 463, 495]"
val/04887_Animalia_Chordata_Reptilia_Squamata_Boidae_Boa_constrictor/56035ce8-5e3f-4f0c-867c-869569224323.jpg,263,343,0.011946722516296427,False,False,"[343, 443, 460, 363, 37]"
val/04887_Animalia_Chordata_Reptilia_Squamata_Boidae_Boa_constrictor/57b45e8b-3565-4224-a036-20a860587bfe.jpg,263,306,0.015156214610135011,False,False,"[306, 327, 420, 332, 271]"
val/04887_Animalia_Chordata_Reptilia_Squamata_Boidae_Boa_constrictor/9fb39765-7350-420b-9d31-f7e57b7d0c76.jpg,263,496,0.00946245102416424,False,False,"[496, 129, 464, 309, 276]"
val/04887_Animalia_Chordata_Reptilia_Squamata_Boidae_Boa_constrictor/a1369d9a-936d-4fde-9711-a3f5c215450f.jpg,263,396,0.015242050886483382,False,False,"[396, 379, 376, 295, 431]"
val/04887_Animalia_Chordata_Reptilia_Squamata_Boidae_Boa_constrictor/a889c541-9ccd-4396-a6f6-61843cd47139.jpg,263,85,0.01214301069899313,False,False,"[85, 92, 60, 333, 66]"
val/04887_Animalia_Chordata_Reptilia_Squamata_Boidae_Boa_constrictor/ad798dac-abf2-4716-a9af-a4f967f97b02.jpg,263,329,0.011222210396964945,False,False,"[329, 444, 333, 343, 133]"
val/04887_Animalia_Chordata_Reptilia_Squamata_Boidae_Boa_constrictor/bbadb04f-3ad1-4f29-b2ac-dd1675109094.jpg,263,491,0.016253927539611673,False,False,"[491, 467, 470, 465, 484]"
val/04887_Animalia_Chordata_Reptilia_Squamata_Boidae_Boa_constrictor/c8f1ff45-b69c-4639-8179-2f48317c9366.jpg,263,335,0.01534265207614705,False,False,"[335, 126, 287, 168, 360]"
val/04889_Animalia_Chordata_Reptilia_Squamata_Boidae_Charina_bottae/38697f0e-390d-4449-b78a-521ba72826db.jpg,264,309,0.009244345601676387,False,False,"[309, 195, 68, 348, 481]"
val/04889_Animalia_Chordata_Reptilia_Squamata_Boidae_Charina_bottae/5684fbf3-6bee-4d47-a127-a979c44e8780.jpg,264,226,0.03881306619474042,False,False,"[226, 160, 185, 172, 171]"
val/04889_Animalia_Chordata_Reptilia_Squamata_Boidae_Charina_bottae/72fa41a7-cc20-46fe-bf6e-8732d8c7866d.jpg,264,252,0.011506840535247085,False,False,"[252, 64, 40, 57, 132]"
val/04889_Animalia_Chordata_Reptilia_Squamata_Boidae_Charina_bottae/79a20914-d1aa-40bd-8d27-cec6ff295ee9.jpg,264,81,0.02214184304656601,False,False,"[81, 15, 17, 31, 151]"
val/04889_Animalia_Chordata_Reptilia_Squamata_Boidae_Charina_bottae/9895b64a-0b49-4cf5-8343-6d64cafbedf6.jpg,264,228,0.012918150133146481,False,False,"[228, 4, 40, 25, 241]"
val/04889_Animalia_Chordata_Reptilia_Squamata_Boidae_Charina_bottae/a73b87fe-345b-4c16-b98a-a69d38d68f50.jpg,264,397,0.009533933354253215,False,False,"[397, 420, 355, 211, 354]"
val/04889_Animalia_Chordata_Reptilia_Squamata_Boidae_Charina_bottae/d0385964-d3fd-4107-98b1-896020ab1105.jpg,264,124,0.009900910785441376,False,False,"[124, 182, 28, 236, 132]"
val/04889_Animalia_Chordata_Reptilia_Squamata_Boidae_Charina_bottae/d2a1a02b-8ec7-4826-992c-3931c80adf24.jpg,264,164,0.019800473473439887,False,False,"[164, 334, 273, 195, 93]"
val/04889_Animalia_Chordata_Reptilia_Squamata_Boidae_Charina_bottae/d3cdce94-239a-4921-9b1f-a461fa2a1412.jpg,264,334,0.015564600545497883,False,False,"[334, 498, 402, 343, 263]"
val/04889_Animalia_Chordata_Reptilia_Squamata_Boidae_Charina_bottae/f314f54c-78c5-463a-81aa-7d1d2c0452e8.jpg,264,490,0.01101055329082341,False,False,"[490, 289, 417, 477, 430]"
val/04898_Animalia_Chordata_Reptilia_Squamata_Colubridae_Cemophora_coccinea/0a5c8b4f-11c7-4a53-acce-ac1caef86e84.jpg,265,65,0.00944888933950799,False,False,"[65, 188, 83, 81, 21]"
val/04898_Animalia_Chordata_Reptilia_Squamata_Colubridae_Cemophora_coccinea/0c4ba800-c295-4d49-a2f2-e16b17435f23.jpg,265,72,0.01874521009012562,False,False,"[72, 96, 147, 87, 56]"
val/04898_Animalia_Chordata_Reptilia_Squamata_Colubridae_Cemophora_coccinea/36adcefa-49a0-4e9b-a39e-7dba214d2d85.jpg,265,224,0.02094646079530889,False,False,"[224, 285, 439, 373, 437]"
val/04898_Animalia_Chordata_Reptilia_Squamata_Colubridae_Cemophora_coccinea/3929eb62-612d-40ac-b956-3336ba27bd9e.jpg,265,133,0.015121520313222694,False,False,"[133, 146, 98, 365, 83]"
val/04898_Animalia_Chordata_Reptilia_Squamata_Colubridae_Cemophora_coccinea/53563015-7ee1-4796-b773-a7db44cd1fa5.jpg,265,228,0.016883150782178002,False,False,"[228, 225, 0, 211, 205]"
val/04898_Animalia_Chordata_Reptilia_Squamata_Colubridae_Cemophora_coccinea/69690ffe-3ad3-4c21-9fd8-c3ed518f6039.jpg,265,265,0.022815080007678696,True,True,"[265, 37, 100, 268, 251]"
val/04898_Animalia_Chordata_Reptilia_Squamata_Colubridae_Cemophora_coccinea/7a3ec6f5-8eca-4cc9-9e9f-c9635ce51915.jpg,265,157,0.009434962099620917,False,False,"[157, 382, 268, 156, 98]"
val/04898_Animalia_Chordata_Reptilia_Squamata_Colubridae_Cemophora_coccinea/7d8a723e-fcc6-40ef-92ee-adfa46b5b234.jpg,265,263,0.009710965346008234,False,False,"[263, 206, 441, 0, 384]"
val/04898_Animalia_Chordata_Reptilia_Squamata_Colubridae_Cemophora_coccinea/c73d3b12-cc33-4057-bb88-acf691f5a3ce.jpg,265,102,0.01383308388703511,False,False,"[102, 277, 154, 5, 20]"
val/04898_Animalia_Chordata_Reptilia_Squamata_Colubridae_Cemophora_coccinea/ea9ba1bd-1385-4a80-8571-0256657b2f8d.jpg,265,70,0.015798438140462282,False,False,"[70, 61, 85, 49, 229]"
val/04905_Animalia_Chordata_Reptilia_Squamata_Colubridae_Dendrelaphis_punctulatus/09b616d2-ab1e-466d-a129-66de5c6f845d.jpg,266,192,0.03523687403393905,False,False,"[192, 269, 126, 205, 31]"
val/04905_Animalia_Chordata_Reptilia_Squamata_Colubridae_Dendrelaphis_punctulatus/1902b560-dedf-4210-962c-a6157156708e.jpg,266,45,0.009960327026551242,False,False,"[45, 165, 178, 273, 175]"
val/04905_Animalia_Chordata_Reptilia_Squamata_Colubridae_Dendrelaphis_punctulatus/613ef6a3-e481-4137-97cc-4306d315fdca.jpg,266,41,0.01211762141003405,False,False,"[41, 134, 40, 304, 175]"
val/04905_Animalia_Chordata_Reptilia_Squamata_Colubridae_Dendrelaphis_punctulatus/8098ba63-efd8-4a05-8b68-c6fa6706e5c2.jpg,266,296,0.009760126431492017,False,False,"[296, 151, 185, 277, 275]"
val/04905_Animalia_Chordata_Reptilia_Squamata_Colubridae_Dendrelaphis_punctulatus/9c26e578-762e-4461-9929-73bbd781f1a4.jpg,266,161,0.009637494723983911,False,False,"[161, 242, 358, 169, 196]"
val/04905_Animalia_Chordata_Reptilia_Squamata_Colubridae_Dendrelaphis_punctulatus/a1f79b7c-dc0f-4652-9aa8-da11299f47d2.jpg,266,417,0.010332642055703545,False,False,"[417, 1, 94, 292, 147]"
val/04905_Animalia_Chordata_Reptilia_Squamata_Colubridae_Dendrelaphis_punctulatus/af2e9311-e0b4-4936-9cc5-0f45a245ff16.jpg,266,276,0.009810697961009082,False,False,"[276, 345, 259, 250, 67]"
val/04905_Animalia_Chordata_Reptilia_Squamata_Colubridae_Dendrelaphis_punctulatus/ba68eef6-edfe-4e2c-8587-186b0bc9d568.jpg,266,229,0.009650553822049298,False,False,"[229, 117, 13, 126, 436]"
val/04905_Animalia_Chordata_Reptilia_Squamata_Colubridae_Dendrelaphis_punctulatus/bc0dd585-bfea-460f-9282-cfd4fedbd980.jpg,266,306,0.01710290216769673,False,False,"[306, 318, 496, 173, 157]"
val/04905_Animalia_Chordata_Reptilia_Squamata_Colubridae_Dendrelaphis_punctulatus/d6b759eb-40c0-47a1-8330-4014af8af063.jpg,266,62,0.011262166394879699,False,False,"[62, 31, 5, 176, 262]"
val/04919_Animalia_Chordata_Reptilia_Squamata_Colubridae_Lampropeltis_calligaster/0c5c3d14-7e9a-4f39-8cc2-19527d787d20.jpg,267,40,0.021373781988045574,False,False,"[40, 180, 197, 304, 236]"
val/04919_Animalia_Chordata_Reptilia_Squamata_Colubridae_Lampropeltis_calligaster/2b1fb30b-33ab-44da-8c7c-4a2ffefceefe.jpg,267,116,0.009820430747677895,False,False,"[116, 45, 66, 154, 62]"
val/04919_Animalia_Chordata_Reptilia_Squamata_Colubridae_Lampropeltis_calligaster/4bcde63b-5b63-462d-843b-a2c4bd6d53ca.jpg,267,108,0.0101277543816895,False,False,"[108, 115, 355, 1, 327]"
val/04919_Animalia_Chordata_Reptilia_Squamata_Colubridae_Lampropeltis_calligaster/4db8c766-46c9-430a-acc7-be6ac82afc1a.jpg,267,156,0.01044862668887759,False,False,"[156, 408, 9, 357, 115]"
val/04919_Animalia_Chordata_Reptilia_Squamata_Colubridae_Lampropeltis_calligaster/58193700-03f4-4b63-be1e-d7ae1951f9e9.jpg,267,184,0.015174364094792392,False,False,"[184, 39, 121, 442, 57]"
val/04919_Animalia_Chordata_Reptilia_Squamata_Colubridae_Lampropeltis_calligaster/8608bf8b-676f-4863-9b24-d63c67bb9edb.jpg,267,33,0.009529962929797716,False,False,"[33, 259, 325, 218, 319]"
val/04919_Animalia_Chordata_Reptilia_Squamata_Colubridae_Lampropeltis_calligaster/9042b234-e1a9-4f2a-a128-3787280be1a9.jpg,267,55,0.011124237103114493,False,False,"[55, 227, 96, 242, 131]"
val/04919_Animalia_Chordata_Reptilia_Squamata_Colubridae_Lampropeltis_calligaster/9b886e6b-1e3a-45fa-ace5-369e68d097c6.jpg,267,238,0.008995102255205056,False,False,"[238, 93, 65, 480, 18]"
val/04919_Animalia_Chordata_Reptilia_Squamata_Colubridae_Lampropeltis_calligaster/a2330e51-24c9-47b1-b5a6-823842cbd919.jpg,267,292,0.009876388597186423,False,False,"[292, 94, 400, 339, 487]"
val/04919_Animalia_Chordata_Reptilia_Squamata_Colubridae_Lampropeltis_calligaster/e602c973-00c3-46d2-a2c0-9eb319311ac0.jpg,267,40,0.017976554280903334,False,False,"[40, 237, 135, 142, 25]"
val/04925_Animalia_Chordata_Reptilia_Squamata_Colubridae_Lampropeltis_triangulum/31c8bd07-d88e-4823-b244-236513f91390.jpg,268,209,0.0101089451122427,False,False,"[209, 266, 243, 116, 5]"
val/04925_Animalia_Chordata_Reptilia_Squamata_Colubridae_Lampropeltis_triangulum/49678d19-03e7-4970-bbb4-160cd9135e8a.jpg,268,70,0.009777712214193697,False,False,"[70, 367, 271, 84, 496]"
val/04925_Animalia_Chordata_Reptilia_Squamata_Colubridae_Lampropeltis_triangulum/959a9806-ff2a-447a-9fe6-0f4bf2b7fd77.jpg,268,477,0.009256248626659577,False,False,"[477, 251, 70, 325, 494]"
val/04925_Animalia_Chordata_Reptilia_Squamata_Colubridae_Lampropeltis_triangulum/9774691b-5129-4c5d-b383-ce466f43e7d3.jpg,268,364,0.01031178945944462,False,False,"[364, 484, 474, 395, 259]"
val/04925_Animalia_Chordata_Reptilia_Squamata_Colubridae_Lampropeltis_triangulum/97f69e89-8421-4f9c-9de0-a7791c4b5277.jpg,268,371,0.010133814089104,False,False,"[371, 419, 217, 317, 305]"
val/04925_Animalia_Chordata_Reptilia_Squamata_Colubridae_Lampropeltis_triangulum/b2d24158-029c-45e6-8aff-37ee084956cc.jpg,268,469,0.00962093689622222,False,False,"[469, 173, 263, 98, 381]"
val/04925_Animalia_Chordata_Reptilia_Squamata_Colubridae_Lampropeltis_triangulum/d335d620-6ad0-4aae-92c6-341668a4f542.jpg,268,277,0.009657563353125965,False,False,"[277, 121, 8, 249, 95]"
val/04925_Animalia_Chordata_Reptilia_Squamata_Colubridae_Lampropeltis_triangulum/d9afaab6-6b88-49df-891a-d140cd9b557b.jpg,268,139,0.024618348442388735,False,False,"[139, 366, 138, 431, 194]"
val/04925_Animalia_Chordata_Reptilia_Squamata_Colubridae_Lampropeltis_triangulum/ecefe673-1c71-419e-aa73-f436d2d13b82.jpg,268,193,0.014740499085955469,False,False,"[193, 171, 311, 495, 137]"
val/04925_Animalia_Chordata_Reptilia_Squamata_Colubridae_Lampropeltis_triangulum/eda10035-6b5e-467c-bf49-3f196371a5a9.jpg,268,56,0.022192870527893024,False,False,"[56, 62, 90, 52, 11]"
val/04933_Animalia_Chordata_Reptilia_Squamata_Colubridae_Natrix_maura/477916e2-3197-4918-96d3-a0f877e4d946.jpg,269,160,0.022736799860988567,False,False,"[160, 25, 23, 140, 61]"
val/04933_Animalia_Chordata_Reptilia_Squamata_Colubridae_Natrix_maura/7ad9b66f-6adf-4058-bb13-ed16a9cbe308.jpg,269,57,0.023096534236188487,False,False,"[57, 63, 406, 287, 92]"
val/04933_Animalia_Chordata_Reptilia_Squamata_Colubridae_Natrix_maura/86364764-1c1c-4d1e-8f87-3695184ea6d4.jpg,269,472,0.009183643072796897,False,False,"[472, 206, 245, 420, 301]"
val/04933_Animalia_Chordata_Reptilia_Squamata_Colubridae_Natrix_maura/937d3296-5777-47d0-b742-36f20543119d.jpg,269,315,0.010488836290094858,False,False,"[315, 492, 265, 489, 307]"
val/04933_Animalia_Chordata_Reptilia_Squamata_Colubridae_Natrix_maura/be7170ac-566e-4ca2-8acc-a5537af7bf64.jpg,269,434,0.019016411983060207,False,False,"[434, 327, 314, 324, 431]"
val/04933_Animalia_Chordata_Reptilia_Squamata_Colubridae_Natrix_maura/c2164c83-ca27-4eb6-a73c-b3928c8b49d1.jpg,269,299,0.014153640804950471,False,False,"[299, 405, 485, 477, 374]"
val/04933_Animalia_Chordata_Reptilia_Squamata_Colubridae_Natrix_maura/c7c230c3-7fad-4406-9ccc-2da87f773bb6.jpg,269,402,0.021041510619222138,False,False,"[402, 346, 429, 373, 476]"
val/04933_Animalia_Chordata_Reptilia_Squamata_Colubridae_Natrix_maura/e17f92a1-2a0b-4b3a-9eda-0571c2d76959.jpg,269,142,0.01928761951560814,False,False,"[142, 165, 236, 62, 205]"
val/04933_Animalia_Chordata_Reptilia_Squamata_Colubridae_Natrix_maura/e8107c63-aa55-4ff0-bfc3-89af183202bf.jpg,269,141,0.01000374150967538,False,False,"[141, 143, 94, 277, 71]"
val/04933_Animalia_Chordata_Reptilia_Squamata_Colubridae_Natrix_maura/ebf43d94-04f1-4d2f-8d1d-f30c72fe474a.jpg,269,309,0.009135433299560998,False,False,"[309, 38, 366, 420, 409]"
val/04934_Animalia_Chordata_Reptilia_Squamata_Colubridae_Natrix_natrix/31d7d3b9-4182-40c4-846f-05d83a1b2ac4.jpg,270,403,0.019157868345749212,False,False,"[403, 305, 36, 443, 370]"
val/04934_Animalia_Chordata_Reptilia_Squamata_Colubridae_Natrix_natrix/5479d2d5-be1c-4328-9768-d2b1e8c0fcf7.jpg,270,116,0.010083640476316586,False,False,"[116, 154, 209, 0, 325]"
val/04934_Animalia_Chordata_Reptilia_Squamata_Colubridae_Natrix_natrix/5b19401b-1eef-4057-97db-d453c1d28c12.jpg,270,93,0.009034650891907496,False,False,"[93, 335, 7, 496, 226]"
val/04934_Animalia_Chordata_Reptilia_Squamata_Colubridae_Natrix_natrix/615277d8-029d-4ff1-b2b4-dc579815220c.jpg,270,210,0.016108743021309456,False,False,"[210, 405, 13, 465, 444]"
val/04934_Animalia_Chordata_Reptilia_Squamata_Colubridae_Natrix_natrix/69ca88b0-027e-4935-9098-c7971d13a0ed.jpg,270,281,0.009518130209794362,False,False,"[281, 76, 179, 252, 205]"
val/04934_Animalia_Chordata_Reptilia_Squamata_Colubridae_Natrix_natrix/8a79a037-cd7e-419d-bf76-8a6caab56caa.jpg,270,42,0.014836836820915116,False,False,"[42, 390, 413, 68, 439]"
val/04934_Animalia_Chordata_Reptilia_Squamata_Colubridae_Natrix_natrix/a5a95b35-181f-4917-b620-a497f16bdeb7.jpg,270,390,0.010727931120832673,False,False,"[390, 495, 81, 472, 305]"
val/04934_Animalia_Chordata_Reptilia_Squamata_Colubridae_Natrix_natrix/b3e1ec28-d500-4d99-b0bf-61597821572e.jpg,270,230,0.009128679224588503,False,False,"[230, 48, 198, 396, 492]"
val/04934_Animalia_Chordata_Reptilia_Squamata_Colubridae_Natrix_natrix/d8d070f6-d52a-401e-a926-03d01cbc26a2.jpg,270,306,0.020691600244845176,False,False,"[306, 394, 363, 313, 123]"
val/04934_Animalia_Chordata_Reptilia_Squamata_Colubridae_Natrix_natrix/dd7d2bc8-6b14-4669-9357-82ba6d06624e.jpg,270,431,0.010204526223229189,False,False,"[431, 290, 354, 241, 327]"
val/04965_Animalia_Chordata_Reptilia_Squamata_Colubridae_Thamnophis_atratus/01dbc8b7-7679-4d66-8077-fa9f5b93a8aa.jpg,271,332,0.009892435271580373,False,False,"[332, 424, 450, 273, 300]"
val/04965_Animalia_Chordata_Reptilia_Squamata_Colubridae_Thamnophis_atratus/392de0ca-795a-4337-9768-74ec84f647e9.jpg,271,185,0.016253873088590953,False,False,"[185, 116, 58, 92, 246]"
val/04965_Animalia_Chordata_Reptilia_Squamata_Colubridae_Thamnophis_atratus/4c464488-1101-4593-a17d-71bce3ce7720.jpg,271,329,0.017658446449710225,False,False,"[329, 438, 275, 340, 298]"
val/04965_Animalia_Chordata_Reptilia_Squamata_Colubridae_Thamnophis_atratus/a67c7d4f-87a7-46aa-88ab-10bac09d75af.jpg,271,254,0.009445489573482088,False,False,"[254, 74, 481, 348, 247]"
val/04965_Animalia_Chordata_Reptilia_Squamata_Colubridae_Thamnophis_atratus/ae79e986-ee9d-4a03-9901-35fdb065ea4e.jpg,271,306,0.008621964117521622,False,False,"[306, 331, 363, 479, 435]"
val/04965_Animalia_Chordata_Reptilia_Squamata_Colubridae_Thamnophis_atratus/b9dc806b-8fa2-4491-9126-8633b120855a.jpg,271,173,0.016492440338652322,False,False,"[173, 327, 216, 434, 176]"
val/04965_Animalia_Chordata_Reptilia_Squamata_Colubridae_Thamnophis_atratus/d7c67789-ef15-44a6-a4cb-f87729042262.jpg,271,380,0.026545775999796947,False,False,"[380, 37, 480, 427, 396]"
val/04965_Animalia_Chordata_Reptilia_Squamata_Colubridae_Thamnophis_atratus/e47305ee-0c54-4468-93b6-9ce6ea896d63.jpg,271,453,0.010458445429674315,False,False,"[453, 195, 68, 71, 196]"
val/04965_Animalia_Chordata_Reptilia_Squamata_Colubridae_Thamnophis_atratus/f1702cb9-1b20-4ab5-9af7-b7aa6e508561.jpg,271,398,0.008599584637855356,False,False,"[398, 143, 229, 295, 464]"
val/04965_Animalia_Chordata_Reptilia_Squamata_Colubridae_Thamnophis_atratus/feff7408-f7ca-4386-80b1-28812111a3a5.jpg,271,484,0.010691922174545598,False,False,"[484, 487, 412, 42, 466]"
val/04966_Animalia_Chordata_Reptilia_Squamata_Colubridae_Thamnophis_cyrtopsis/137ad638-5593-472a-961b-a856b6c42a97.jpg,272,316,0.014495364947121432,False,False,"[316, 455, 331, 434, 313]"
val/04966_Animalia_Chordata_Reptilia_Squamata_Colubridae_Thamnophis_cyrtopsis/2d3499af-d198-4dee-a74a-1110cf414803.jpg,272,61,0.012287705390638271,False,False,"[61, 73, 96, 63, 168]"
val/04966_Animalia_Chordata_Reptilia_Squamata_Colubridae_Thamnophis_cyrtopsis/5fc0e3bc-3f61-444b-8aac-b158bf4c0625.jpg,272,295,0.004594376752849408,False,False,"[295, 375, 399, 439, 294]"
val/04966_Animalia_Chordata_Reptilia_Squamata_Colubridae_Thamnophis_cyrtopsis/7bb2cf65-fa18-4464-a16f-771063b01a1a.jpg,272,416,0.015376578245388977,False,False,"[416, 309, 38, 390, 343]"
val/04966_Animalia_Chordata_Reptilia_Squamata_Colubridae_Thamnophis_cyrtopsis/a8a7cc96-54bb-4e4e-8490-335983bba184.jpg,272,327,0.017019385458352857,False,False,"[327, 329, 125, 334, 213]"
val/04966_Animalia_Chordata_Reptilia_Squamata_Colubridae_Thamnophis_cyrtopsis/b778ae60-0244-4f8f-923d-19ce4bd30ecf.jpg,272,75,0.01933804932537573,False,False,"[75, 184, 205, 85, 55]"
val/04966_Animalia_Chordata_Reptilia_Squamata_Colubridae_Thamnophis_cyrtopsis/d16a2803-5050-457a-9928-21b15bcadea9.jpg,272,443,0.01187418001271538,False,False,"[443, 446, 368, 448, 199]"
val/04966_Animalia_Chordata_Reptilia_Squamata_Colubridae_Thamnophis_cyrtopsis/d6447d18-0be9-4ea9-8fa7-e40f30742aa2.jpg,272,372,0.015082130230292989,False,False,"[372, 264, 380, 417, 390]"
val/04966_Animalia_Chordata_Reptilia_Squamata_Colubridae_Thamnophis_cyrtopsis/e76721b1-e45d-41dc-bb99-22cd04246f41.jpg,272,67,0.008911651843198873,False,False,"[67, 173, 253, 35, 46]"
val/04966_Animalia_Chordata_Reptilia_Squamata_Colubridae_Thamnophis_cyrtopsis/ff331c47-b818-437b-bd55-95e99c3a777b.jpg,272,340,0.009405629662954941,False,False,"[340, 223, 168, 360, 35]"
val/04997_Animalia_Chordata_Reptilia_Squamata_Elapidae_Pseudechis_porphyriacus/044b6848-729d-451a-93f4-8517ff3a4543.jpg,273,131,0.009825071074618918,False,False,"[131, 369, 262, 394, 320]"
val/04997_Animalia_Chordata_Reptilia_Squamata_Elapidae_Pseudechis_porphyriacus/34d164d3-45e0-4d79-a82c-57a830f75f07.jpg,273,63,0.01996126715090831,False,False,"[63, 40, 62, 235, 237]"
val/04997_Animalia_Chordata_Reptilia_Squamata_Elapidae_Pseudechis_porphyriacus/3d79ae33-193b-41bd-abe2-7c0bb559afa1.jpg,273,234,0.008796849103036452,False,False,"[234, 96, 195, 249, 327]"
val/04997_Animalia_Chordata_Reptilia_Squamata_Elapidae_Pseudechis_porphyriacus/47631574-e9b3-49dc-826e-7fbb2ca80e14.jpg,273,328,0.014920185918131726,False,False,"[328, 61, 56, 71, 432]"
val/04997_Animalia_Chordata_Reptilia_Squamata_Elapidae_Pseudechis_porphyriacus/8b5d8165-c5c3-4fed-8e01-13c4153ccec6.jpg,273,393,0.00954557575554676,False,False,"[393, 462, 481, 433, 435]"
val/04997_Animalia_Chordata_Reptilia_Squamata_Elapidae_Pseudechis_porphyriacus/b254e117-a7e8-4318-94e1-2afcba7d1dd3.jpg,273,406,0.009130551863095212,False,False,"[406, 262, 210, 37, 459]"
val/04997_Animalia_Chordata_Reptilia_Squamata_Elapidae_Pseudechis_porphyriacus/b8352f57-afd5-492d-845d-f9b6e2cb8838.jpg,273,304,0.004682074307284932,False,False,"[304, 221, 161, 276, 154]"
val/04997_Animalia_Chordata_Reptilia_Squamata_Elapidae_Pseudechis_porphyriacus/b92ad64c-ccd5-450e-b9ee-7aebedc8dd61.jpg,273,305,0.01106437523304784,False,False,"[305, 408, 256, 253, 464]"
val/04997_Animalia_Chordata_Reptilia_Squamata_Elapidae_Pseudechis_porphyriacus/d70328cc-edc6-41b1-85b5-7a33ff1ca98d.jpg,273,152,0.01525148619687038,False,False,"[152, 165, 176, 208, 177]"
val/04997_Animalia_Chordata_Reptilia_Squamata_Elapidae_Pseudechis_porphyriacus/f3699a86-bed7-4145-a518-ccbd65001035.jpg,273,440,0.01062691832923889,False,False,"[440, 361, 250, 259, 307]"
val/04998_Animalia_Chordata_Reptilia_Squamata_Eublepharidae_Coleonyx_variegatus/147dccb7-f102-440e-8eca-7b122725806b.jpg,274,287,0.023091695695780446,False,False,"[287, 445, 480, 447, 454]"
val/04998_Animalia_Chordata_Reptilia_Squamata_Eublepharidae_Coleonyx_variegatus/2c455e02-e08f-4d6d-a49a-07ef72ff8d08.jpg,274,189,0.0082422919811329,False,False,"[189, 306, 13, 499, 441]"
val/04998_Animalia_Chordata_Reptilia_Squamata_Eublepharidae_Coleonyx_variegatus/317e2a64-1015-43fa-9021-567d4b1ed146.jpg,274,313,0.015002026015611616,False,False,"[313, 50, 303, 286, 321]"
val/04998_Animalia_Chordata_Reptilia_Squamata_Eublepharidae_Coleonyx_variegatus/3b2c5228-e759-406e-bbe8-836107d8df2c.jpg,274,89,0.009645295702585434,False,False,"[89, 261, 269, 300, 307]"
val/04998_Animalia_Chordata_Reptilia_Squamata_Eublepharidae_Coleonyx_variegatus/3df974aa-fe34-4cd1-b5f5-1e2dc14b6b1e.jpg,274,96,0.016730765004646382,False,False,"[96, 223, 126, 124, 23]"
val/04998_Animalia_Chordata_Reptilia_Squamata_Eublepharidae_Coleonyx_variegatus/49a41bb3-7d59-4ee1-a041-a4927a1dcde5.jpg,274,429,0.014773058347752457,False,False,"[429, 177, 483, 345, 105]"
val/04998_Animalia_Chordata_Reptilia_Squamata_Eublepharidae_Coleonyx_variegatus/5dd6dea7-b5b2-4dbd-9d43-86be1ace75cf.jpg,274,274,0.03518104528943289,True,True,"[274, 116, 236, 88, 171]"
val/04998_Animalia_Chordata_Reptilia_Squamata_Eublepharidae_Coleonyx_variegatus/8e9ceeaf-586b-42a6-b268-f3e28fcc7f4e.jpg,274,420,0.0153414594535818,False,False,"[420, 468, 253, 457, 49]"
val/04998_Animalia_Chordata_Reptilia_Squamata_Eublepharidae_Coleonyx_variegatus/c10e9cf1-6344-4b2a-8c98-c8d542e640f9.jpg,274,122,0.009764598534571492,False,False,"[122, 283, 120, 257, 106]"
val/04998_Animalia_Chordata_Reptilia_Squamata_Eublepharidae_Coleonyx_variegatus/d8f0153b-0af3-4156-b1b8-83bfcd74b5ac.jpg,274,156,0.010009287593453505,False,False,"[156, 276, 409, 256, 395]"
val/05028_Animalia_Chordata_Reptilia_Squamata_Lamprophiidae_Pseudaspis_cana/17d8d8d4-3ef5-4117-80f7-b17345d91fb3.jpg,275,455,0.016875150577117852,False,False,"[455, 339, 363, 382, 341]"
val/05028_Animalia_Chordata_Reptilia_Squamata_Lamprophiidae_Pseudaspis_cana/1de139e8-2ca8-45a1-bc37-4fd91a13ea93.jpg,275,335,0.016381137743254864,False,False,"[335, 102, 149, 425, 325]"
val/05028_Animalia_Chordata_Reptilia_Squamata_Lamprophiidae_Pseudaspis_cana/236beb47-bb0d-48c2-9d95-f1bdd60bb907.jpg,275,345,0.017238196018995545,False,False,"[345, 420, 84, 374, 490]"
val/05028_Animalia_Chordata_Reptilia_Squamata_Lamprophiidae_Pseudaspis_cana/2af1c693-fbd7-404c-9162-b11e8a32408d.jpg,275,152,0.009500106952759853,False,False,"[152, 398, 261, 454, 91]"
val/05028_Animalia_Chordata_Reptilia_Squamata_Lamprophiidae_Pseudaspis_cana/3c0bbb38-7559-4f9e-af2e-3fcac194cc41.jpg,275,377,0.015504182268426385,False,False,"[377, 140, 253, 349, 167]"
val/05028_Animalia_Chordata_Reptilia_Squamata_Lamprophiidae_Pseudaspis_cana/5e9eaadf-7b0e-4b4c-8302-45adde74f45c.jpg,275,486,0.0102737497060083,False,False,"[486, 440, 443, 494, 396]"
val/05028_Animalia_Chordata_Reptilia_Squamata_Lamprophiidae_Pseudaspis_cana/605bbb03-eedb-4238-b9ea-72c887a9da48.jpg,275,53,0.012270180005074008,False,False,"[53, 123, 43, 182, 82]"
val/05028_Animalia_Chordata_Reptilia_Squamata_Lamprophiidae_Pseudaspis_cana/81c7263a-9035-40da-a2fb-2af6c72d244f.jpg,275,271,0.009457465725667738,False,False,"[271, 108, 262, 107, 144]"
val/05028_Animalia_Chordata_Reptilia_Squamata_Lamprophiidae_Pseudaspis_cana/ea87069e-a197-45cf-8ccd-04b7152abc76.jpg,275,41,0.019265340747236702,False,False,"[41, 224, 265, 9, 262]"
val/05028_Animalia_Chordata_Reptilia_Squamata_Lamprophiidae_Pseudaspis_cana/f5e5457c-bd4a-41c3-87b3-e6c8069521ca.jpg,275,4,0.018122907436683426,False,False,"[4, 165, 269, 174, 63]"
val/05048_Animalia_Chordata_Reptilia_Squamata_Phrynosomatidae_Sceloporus_graciosus/1f9edae1-9433-4c89-8ff9-065f97579f61.jpg,276,338,0.016083616620498117,False,False,"[338, 154, 384, 199, 107]"
val/05048_Animalia_Chordata_Reptilia_Squamata_Phrynosomatidae_Sceloporus_graciosus/2c4775f4-fd10-40a1-8142-496ce434212b.jpg,276,0,0.009794907163003776,False,False,"[0, 8, 327, 211, 68]"
val/05048_Animalia_Chordata_Reptilia_Squamata_Phrynosomatidae_Sceloporus_graciosus/478dd11a-fb27-4dc0-9acf-bad17980d512.jpg,276,361,0.011719731267623929,False,False,"[361, 101, 14, 391, 127]"
val/05048_Animalia_Chordata_Reptilia_Squamata_Phrynosomatidae_Sceloporus_graciosus/861d75f7-528f-49f1-9eb0-5bd4fb5054c7.jpg,276,275,0.009753192977698558,False,True,"[275, 97, 415, 154, 276]"
val/05048_Animalia_Chordata_Reptilia_Squamata_Phrynosomatidae_Sceloporus_graciosus/8cf79bad-4873-44b7-9075-1d9d2ee693db.jpg,276,281,0.019550912963463722,False,False,"[281, 34, 174, 176, 44]"
val/05048_Animalia_Chordata_Reptilia_Squamata_Phrynosomatidae_Sceloporus_graciosus/9bbdaa61-63af-46ee-8f69-f97546b47735.jpg,276,325,0.00913473841974044,False,False,"[325, 243, 332, 426, 65]"
val/05048_Animalia_Chordata_Reptilia_Squamata_Phrynosomatidae_Sceloporus_graciosus/9fe73c03-dc50-49fd-8cf5-aa5539d0f865.jpg,276,39,0.010454628319382356,False,False,"[39, 143, 176, 121, 284]"
val/05048_Animalia_Chordata_Reptilia_Squamata_Phrynosomatidae_Sceloporus_graciosus/ad18e331-7636-4536-93b7-421f3680e8ec.jpg,276,276,0.01077414180669724,True,True,"[276, 37, 174, 62, 184]"
val/05048_Animalia_Chordata_Reptilia_Squamata_Phrynosomatidae_Sceloporus_graciosus/cfcb7a28-0268-446f-b245-ac9afc0daca5.jpg,276,53,0.010301044267859744,False,False,"[53, 90, 229, 95, 94]"
val/05048_Animalia_Chordata_Reptilia_Squamata_Phrynosomatidae_Sceloporus_graciosus/e39c18a1-2316-4705-8073-b14392441e26.jpg,276,16,0.016014024557546257,False,False,"[16, 232, 86, 20, 174]"
val/05056_Animalia_Chordata_Reptilia_Squamata_Phrynosomatidae_Sceloporus_poinsettii/38d5a519-f8ca-4122-8b59-fea8586a321f.jpg,277,239,0.015988493854570233,False,False,"[239, 186, 184, 243, 179]"
val/05056_Animalia_Chordata_Reptilia_Squamata_Phrynosomatidae_Sceloporus_poinsettii/452f0080-1263-4a2c-8eb7-2ce2ab012ecf.jpg,277,335,0.015786029410620146,False,False,"[335, 273, 240, 173, 115]"
val/05056_Animalia_Chordata_Reptilia_Squamata_Phrynosomatidae_Sceloporus_poinsettii/695d8951-8518-49e0-ae36-ab4bf4fd71bc.jpg,277,494,0.016020251049192257,False,False,"[494, 396, 341, 486, 374]"
val/05056_Animalia_Chordata_Reptilia_Squamata_Phrynosomatidae_Sceloporus_poinsettii/6a79c739-be19-4859-8884-a007ced1c814.jpg,277,271,0.015346143153276974,False,False,"[271, 176, 262, 149, 131]"
val/05056_Animalia_Chordata_Reptilia_Squamata_Phrynosomatidae_Sceloporus_poinsettii/82875b93-f81e-48f0-9320-1e736ff1a7f8.jpg,277,266,0.011473957772137543,False,False,"[266, 115, 56, 275, 264]"
val/05056_Animalia_Chordata_Reptilia_Squamata_Phrynosomatidae_Sceloporus_poinsettii/94a57a0c-8fbd-4ca4-80f2-f34cdd319cfe.jpg,277,356,0.008493491347202146,False,False,"[356, 281, 126, 125, 499]"
val/05056_Animalia_Chordata_Reptilia_Squamata_Phrynosomatidae_Sceloporus_poinsettii/9d2106e9-515b-4b9e-9851-415f08b5189b.jpg,277,257,0.009343617136867882,False,False,"[257, 24, 437, 391, 130]"
val/05056_Animalia_Chordata_Reptilia_Squamata_Phrynosomatidae_Sceloporus_poinsettii/b94c9f06-f361-47c6-85cd-8456d18ecefa.jpg,277,384,0.01634145904401859,False,False,"[384, 276, 289, 169, 56]"
val/05056_Animalia_Chordata_Reptilia_Squamata_Phrynosomatidae_Sceloporus_poinsettii/d5683664-9762-4c4c-8d57-908b919b1b84.jpg,277,365,0.010265287757174928,False,False,"[365, 149, 350, 313, 83]"
val/05056_Animalia_Chordata_Reptilia_Squamata_Phrynosomatidae_Sceloporus_poinsettii/e32ca880-767f-4637-924f-7a0723415414.jpg,277,419,0.01041431053363898,False,False,"[419, 89, 415, 488, 116]"
val/05148_Animalia_Chordata_Reptilia_Testudines_Emydidae_Pseudemys_peninsularis/1f8aaddb-cf39-4f27-8952-216cf176f19a.jpg,278,378,0.01562817548818084,False,False,"[378, 448, 300, 292, 493]"
val/05148_Animalia_Chordata_Reptilia_Testudines_Emydidae_Pseudemys_peninsularis/2d7744bb-0394-4081-9102-5fc150c57e3c.jpg,278,491,0.012571400537674566,False,False,"[491, 349, 68, 371, 400]"
val/05148_Animalia_Chordata_Reptilia_Testudines_Emydidae_Pseudemys_peninsularis/8bf1e343-4cc9-491f-a21d-e7b9c1d2f004.jpg,278,216,0.009762092951822367,False,False,"[216, 136, 152, 418, 151]"
val/05148_Animalia_Chordata_Reptilia_Testudines_Emydidae_Pseudemys_peninsularis/9364bcf0-6db2-4395-a67c-866049126d52.jpg,278,142,0.021771827863538134,False,False,"[142, 335, 287, 244, 167]"
val/05148_Animalia_Chordata_Reptilia_Testudines_Emydidae_Pseudemys_peninsularis/b0c1eb76-a45f-44c6-aa5a-ada83383051b.jpg,278,434,0.011493204095272136,False,False,"[434, 358, 351, 59, 211]"
val/05148_Animalia_Chordata_Reptilia_Testudines_Emydidae_Pseudemys_peninsularis/bf173561-5d23-4aaf-9ff9-e496815ecff2.jpg,278,67,0.010310874504775268,False,False,"[67, 283, 256, 312, 163]"
val/05148_Animalia_Chordata_Reptilia_Testudines_Emydidae_Pseudemys_peninsularis/bfbeb3d5-f5c8-41e5-85d5-58a073a39c21.jpg,278,475,0.0113836920161391,False,False,"[475, 460, 495, 455, 354]"
val/05148_Animalia_Chordata_Reptilia_Testudines_Emydidae_Pseudemys_peninsularis/c4dc9cf0-8943-4bbe-98fa-e3b636677de7.jpg,278,4,0.028054635753083777,False,False,"[4, 241, 142, 126, 159]"
val/05148_Animalia_Chordata_Reptilia_Testudines_Emydidae_Pseudemys_peninsularis/c78a793c-9479-4875-9b5d-68920a141eef.jpg,278,140,0.016196103353339455,False,False,"[140, 25, 148, 135, 181]"
val/05148_Animalia_Chordata_Reptilia_Testudines_Emydidae_Pseudemys_peninsularis/ef0d5922-a250-4442-9e5e-6fe1227d34d3.jpg,278,415,0.00874663794367155,False,False,"[415, 313, 419, 314, 306]"
val/05151_Animalia_Chordata_Reptilia_Testudines_Emydidae_Terrapene_carolina/1f1300ea-35e9-4505-9b78-dc73309fa4b5.jpg,279,499,0.010558087883818559,False,False,"[499, 391, 480, 449, 371]"
val/05151_Animalia_Chordata_Reptilia_Testudines_Emydidae_Terrapene_carolina/20f4e62e-ef7f-40a5-a37e-e5c0b95f5a04.jpg,279,298,0.009747646637954945,False,False,"[298, 391, 389, 477, 429]"
val/05151_Animalia_Chordata_Reptilia_Testudines_Emydidae_Terrapene_carolina/44f8f617-bdbd-4979-965b-575030835205.jpg,279,360,0.010978629589839506,False,False,"[360, 10, 460, 490, 470]"
val/05151_Animalia_Chordata_Reptilia_Testudines_Emydidae_Terrapene_carolina/5cea242a-5655-4f8d-956c-0dc46f0fa44d.jpg,279,320,0.010082038483569429,False,False,"[320, 434, 306, 322, 455]"
val/05151_Animalia_Chordata_Reptilia_Testudines_Emydidae_Terrapene_carolina/7629f368-0571-47fb-95e3-50b3a083a2cd.jpg,279,2,0.028374009104055662,False,False,"[2, 222, 319, 360, 140]"
val/05151_Animalia_Chordata_Reptilia_Testudines_Emydidae_Terrapene_carolina/9c65de76-0cab-4f8a-8662-ae8509193085.jpg,279,398,0.009508208509274745,False,False,"[398, 462, 411, 366, 486]"
val/05151_Animalia_Chordata_Reptilia_Testudines_Emydidae_Terrapene_carolina/a57ab48a-f9c6-424c-ac2b-0ea172de6783.jpg,279,362,0.009434368097258146,False,False,"[362, 439, 89, 459, 136]"
val/05151_Animalia_Chordata_Reptilia_Testudines_Emydidae_Terrapene_carolina/a5b06cf6-cd3c-4bcd-8c97-99565fda4805.jpg,279,367,0.02388107457158307,False,False,"[367, 363, 352, 477, 476]"
val/05151_Animalia_Chordata_Reptilia_Testudines_Emydidae_Terrapene_carolina/c551e866-13f9-431e-a6b9-c4264cc944b8.jpg,279,177,0.015109653492515352,False,False,"[177, 427, 429, 445, 265]"
val/05151_Animalia_Chordata_Reptilia_Testudines_Emydidae_Terrapene_carolina/c69fec51-575e-4f0f-9787-8f425d2c894d.jpg,279,466,0.015523717384828979,False,False,"[466, 398, 303, 458, 453]"
val/05186_Animalia_Cnidaria_Anthozoa_Actiniaria_Metridiidae_Metridium_senile/1fe8dacf-3c0b-41a8-9b1e-26794e36c8a6.jpg,280,486,0.014807821384308952,False,False,"[486, 141, 480, 405, 341]"
val/05186_Animalia_Cnidaria_Anthozoa_Actiniaria_Metridiidae_Metridium_senile/292362de-3867-4211-b277-b0df96308e22.jpg,280,146,0.015283236567519435,False,False,"[146, 278, 245, 264, 192]"
val/05186_Animalia_Cnidaria_Anthozoa_Actiniaria_Metridiidae_Metridium_senile/3385cd91-6f92-4f1f-b7e4-2c609785a282.jpg,280,370,0.010868010924202236,False,False,"[370, 459, 347, 494, 206]"
val/05186_Animalia_Cnidaria_Anthozoa_Actiniaria_Metridiidae_Metridium_senile/43374827-1253-47f5-a7dc-e33aa2e36acb.jpg,280,46,0.01706086479964317,False,False,"[46, 25, 183, 66, 52]"
val/05186_Animalia_Cnidaria_Anthozoa_Actiniaria_Metridiidae_Metridium_senile/4cfbe7b6-c1da-407b-94c0-ddc5ca36b677.jpg,280,457,0.019092005148549984,False,False,"[457, 272, 474, 143, 167]"
val/05186_Animalia_Cnidaria_Anthozoa_Actiniaria_Metridiidae_Metridium_senile/9df6301c-1efd-4d38-a047-b5b19d4d8d20.jpg,280,467,0.010579565194546971,False,False,"[467, 440, 360, 495, 413]"
val/05186_Animalia_Cnidaria_Anthozoa_Actiniaria_Metridiidae_Metridium_senile/9f746af0-64eb-4de1-9af9-a7f6f2823a69.jpg,280,86,0.011722734443874495,False,False,"[86, 26, 75, 282, 158]"
val/05186_Animalia_Cnidaria_Anthozoa_Actiniaria_Metridiidae_Metridium_senile/aa985597-ee05-4217-a788-8a4387c6c5c9.jpg,280,401,0.015547181628107903,False,False,"[401, 482, 370, 397, 489]"
val/05186_Animalia_Cnidaria_Anthozoa_Actiniaria_Metridiidae_Metridium_senile/d3fd1f55-4a39-401e-8743-8d98e61841c1.jpg,280,360,0.010533979703995573,False,False,"[360, 397, 401, 258, 494]"
val/05186_Animalia_Cnidaria_Anthozoa_Actiniaria_Metridiidae_Metridium_senile/ee1cf6ed-79f5-48b4-b705-061b783b4089.jpg,280,158,0.022020719395708592,False,False,"[158, 345, 11, 242, 286]"
val/05191_Animalia_Cnidaria_Hydrozoa_Siphonophorae_Physaliidae_Physalia_physalis/5644957a-e39d-44bf-b1b8-23eed9f895b2.jpg,281,107,0.021390574541824057,False,False,"[107, 58, 180, 25, 55]"
val/05191_Animalia_Cnidaria_Hydrozoa_Siphonophorae_Physaliidae_Physalia_physalis/59c438c0-2b93-492d-b4cd-5e43c51f2316.jpg,281,30,0.009823867409599778,False,False,"[30, 274, 81, 198, 220]"
val/05191_Animalia_Cnidaria_Hydrozoa_Siphonophorae_Physaliidae_Physalia_physalis/6975bcb1-2b7b-4388-9c13-3e27cb6e440c.jpg,281,241,0.027016418957844842,False,False,"[241, 162, 186, 111, 146]"
val/05191_Animalia_Cnidaria_Hydrozoa_Siphonophorae_Physaliidae_Physalia_physalis/7185e50c-fb95-4f19-96e9-334d1a7d84ad.jpg,281,460,0.018126117734453533,False,False,"[460, 10, 398, 292, 386]"
val/05191_Animalia_Cnidaria_Hydrozoa_Siphonophorae_Physaliidae_Physalia_physalis/7513a13f-6f6a-4047-898b-9311ff2fe63e.jpg,281,323,0.009470624219571951,False,False,"[323, 199, 243, 301, 94]"
val/05191_Animalia_Cnidaria_Hydrozoa_Siphonophorae_Physaliidae_Physalia_physalis/95115b02-4c64-453a-8a3a-2db44beca1d8.jpg,281,156,0.009281704589990973,False,False,"[156, 147, 109, 153, 482]"
val/05191_Animalia_Cnidaria_Hydrozoa_Siphonophorae_Physaliidae_Physalia_physalis/aa68e89b-ec03-4755-a320-a278a72f5554.jpg,281,292,0.021670300583456172,False,False,"[292, 81, 87, 16, 284]"
val/05191_Animalia_Cnidaria_Hydrozoa_Siphonophorae_Physaliidae_Physalia_physalis/ab3c7767-0a48-4731-8839-5fae91119478.jpg,281,247,0.009193675957151906,False,False,"[247, 71, 32, 69, 260]"
val/05191_Animalia_Cnidaria_Hydrozoa_Siphonophorae_Physaliidae_Physalia_physalis/ec54ba8e-bce2-4195-9f79-65349aadd568.jpg,281,91,0.016402101455485697,False,False,"[91, 71, 165, 117, 76]"
val/05191_Animalia_Cnidaria_Hydrozoa_Siphonophorae_Physaliidae_Physalia_physalis/f1bfd518-21d4-42e9-8ffe-b1590cc4f403.jpg,281,56,0.023495393706173553,False,False,"[56, 55, 82, 249, 73]"
val/05248_Animalia_Mollusca_Bivalvia_Venerida_Veneridae_Leukoma_staminea/070f20dc-9948-4953-9fc1-d28838a0807b.jpg,282,41,0.015896670440115224,False,False,"[41, 164, 165, 241, 179]"
val/05248_Animalia_Mollusca_Bivalvia_Venerida_Veneridae_Leukoma_staminea/16b3e1f8-9ce8-4b44-a061-ff5076aaefbe.jpg,282,419,0.015846495835081274,False,False,"[419, 37, 489, 275, 256]"
val/05248_Animalia_Mollusca_Bivalvia_Venerida_Veneridae_Leukoma_staminea/62c323d2-f46b-4d0d-b91a-2355e22d0e60.jpg,282,197,0.022188256259431285,False,False,"[197, 172, 64, 241, 40]"
val/05248_Animalia_Mollusca_Bivalvia_Venerida_Veneridae_Leukoma_staminea/69f3ed77-c76f-4c1a-b1f4-e48c563459c3.jpg,282,150,0.02181043047888082,False,False,"[150, 53, 13, 210, 328]"
val/05248_Animalia_Mollusca_Bivalvia_Venerida_Veneridae_Leukoma_staminea/7add9865-54ff-4ee4-bba8-f5ff0260ac04.jpg,282,58,0.03247213846416084,False,False,"[58, 30, 82, 86, 190]"
val/05248_Animalia_Mollusca_Bivalvia_Venerida_Veneridae_Leukoma_staminea/9ed110b6-4ba5-4570-bb28-32a11629f504.jpg,282,58,0.013685146444295178,False,False,"[58, 55, 87, 188, 260]"
val/05248_Animalia_Mollusca_Bivalvia_Venerida_Veneridae_Leukoma_staminea/c2878a26-1ca5-4db9-a1fe-15efc30732a3.jpg,282,92,0.009865079130257496,False,False,"[92, 94, 296, 385, 336]"
val/05248_Animalia_Mollusca_Bivalvia_Venerida_Veneridae_Leukoma_staminea/c30c3b47-4a13-461b-af8e-ceaa5758f8f9.jpg,282,82,0.010522075163097073,False,False,"[82, 237, 51, 37, 251]"
val/05248_Animalia_Mollusca_Bivalvia_Venerida_Veneridae_Leukoma_staminea/dbc81554-ec52-493a-9cc5-a71c1202594f.jpg,282,165,0.01594367970167818,False,False,"[165, 64, 40, 23, 174]"
val/05248_Animalia_Mollusca_Bivalvia_Venerida_Veneridae_Leukoma_staminea/e30139a3-8807-485f-b939-9d9eae5c767e.jpg,282,229,0.009704100974012314,False,False,"[229, 487, 236, 190, 288]"
val/05250_Animalia_Mollusca_Bivalvia_Venerida_Veneridae_Ruditapes_philippinarum/08207d9b-e323-40cd-8d99-a779720bcecb.jpg,283,102,0.016430501430050252,False,False,"[102, 45, 315, 279, 305]"
val/05250_Animalia_Mollusca_Bivalvia_Venerida_Veneridae_Ruditapes_philippinarum/11a197d2-cb92-4f17-959a-e76e99fb4f96.jpg,283,222,0.01494039842416217,False,False,"[222, 167, 43, 124, 224]"
val/05250_Animalia_Mollusca_Bivalvia_Venerida_Veneridae_Ruditapes_philippinarum/4ff7c762-b358-4d68-86cd-6d02cd6e62d5.jpg,283,119,0.009748512904733619,False,False,"[119, 73, 415, 7, 110]"
val/05250_Animalia_Mollusca_Bivalvia_Venerida_Veneridae_Ruditapes_philippinarum/64a07869-4c4a-48d0-b8a6-fb613f8a2665.jpg,283,301,0.010605668001000358,False,False,"[301, 19, 409, 280, 254]"
val/05250_Animalia_Mollusca_Bivalvia_Venerida_Veneridae_Ruditapes_philippinarum/79c5525f-5899-424f-a412-48615224b058.jpg,283,88,0.011567168828434131,False,False,"[88, 180, 30, 5, 41]"
val/05250_Animalia_Mollusca_Bivalvia_Venerida_Veneridae_Ruditapes_philippinarum/8d963c33-012a-45b3-ad64-c5fabe61ae40.jpg,283,147,0.022491072191061015,False,False,"[147, 139, 220, 116, 1]"
val/05250_Animalia_Mollusca_Bivalvia_Venerida_Veneridae_Ruditapes_philippinarum/95c34d61-f76a-493e-83a2-a3e840b3d25a.jpg,283,350,0.016252190795854916,False,False,"[350, 292, 398, 293, 464]"
val/05250_Animalia_Mollusca_Bivalvia_Venerida_Veneridae_Ruditapes_philippinarum/c188cb4e-0109-4e2e-9ec1-2644df0dfe62.jpg,283,149,0.009254070278856108,False,False,"[149, 326, 286, 150, 79]"
val/05250_Animalia_Mollusca_Bivalvia_Venerida_Veneridae_Ruditapes_philippinarum/c7f2ea2b-e154-4e64-be4d-87ae00e20e85.jpg,283,19,0.009528893339733778,False,False,"[19, 157, 83, 71, 99]"
val/05250_Animalia_Mollusca_Bivalvia_Venerida_Veneridae_Ruditapes_philippinarum/fc169041-4b97-4d18-b335-3a3a6f6b37c5.jpg,283,118,0.02931044378750989,False,False,"[118, 47, 262, 285, 66]"
val/05270_Animalia_Mollusca_Gastropoda_Littorinimorpha_Naticidae_Neverita_duplicata/0e1dee82-2367-4c40-946d-521eb2b51986.jpg,284,323,0.016522490921209113,False,False,"[323, 458, 152, 1, 147]"
val/05270_Animalia_Mollusca_Gastropoda_Littorinimorpha_Naticidae_Neverita_duplicata/2c9958c9-7e8f-42e5-988f-44a2060d4078.jpg,284,75,0.012409361020249558,False,False,"[75, 63, 25, 50, 127]"
val/05270_Animalia_Mollusca_Gastropoda_Littorinimorpha_Naticidae_Neverita_duplicata/5ae38b14-6449-4bb1-828c-393523afcc00.jpg,284,70,0.013726094829805607,False,False,"[70, 175, 126, 157, 3]"
val/05270_Animalia_Mollusca_Gastropoda_Littorinimorpha_Naticidae_Neverita_duplicata/5d897ab8-02f5-48cf-bc46-5f827455364f.jpg,284,284,0.021547671831978137,True,True,"[284, 82, 92, 385, 149]"
val/05270_Animalia_Mollusca_Gastropoda_Littorinimorpha_Naticidae_Neverita_duplicata/6a5fe892-0b46-48d3-ab90-38e6f5b9fcaf.jpg,284,82,0.009617821085428047,False,False,"[82, 87, 113, 186, 149]"
val/05270_Animalia_Mollusca_Gastropoda_Littorinimorpha_Naticidae_Neverita_duplicata/6c4cb568-be8b-4320-bdcb-5f097e6ba84e.jpg,284,175,0.00915393329240007,False,False,"[175, 406, 81, 36, 428]"
val/05270_Animalia_Mollusca_Gastropoda_Littorinimorpha_Naticidae_Neverita_duplicata/9eaf9277-b08b-43dd-a375-9b18a7a4898f.jpg,284,86,0.009967094991490377,False,False,"[86, 113, 49, 173, 50]"
val/05270_Animalia_Mollusca_Gastropoda_Littorinimorpha_Naticidae_Neverita_duplicata/aaabcf47-93b0-40a1-914c-9e5e2514dd6d.jpg,284,197,0.015428384175774013,False,False,"[197, 31, 96, 186, 187]"
val/05270_Animalia_Mollusca_Gastropoda_Littorinimorpha_Naticidae_Neverita_duplicata/bca303bb-d7be-4630-974e-a33f9f0b129f.jpg,284,282,0.010171057352715281,False,False,"[282, 82, 58, 86, 200]"
val/05270_Animalia_Mollusca_Gastropoda_Littorinimorpha_Naticidae_Neverita_duplicata/f2f0fc1e-08fc-4ab5-b19b-a02f8dc4b7e4.jpg,284,24,0.014932461480564534,False,False,"[24, 379, 211, 51, 66]"
val/05292_Animalia_Mollusca_Gastropoda_Neogastropoda_Olividae_Olivella_biplicata/1424aa4b-451c-4ee0-aa97-203d63dd352f.jpg,285,451,0.010579252095452333,False,False,"[451, 485, 364, 200, 12]"
val/05292_Animalia_Mollusca_Gastropoda_Neogastropoda_Olividae_Olivella_biplicata/2d12c191-7167-4cbf-8c07-0257f3498790.jpg,285,58,0.0163707640110618,False,False,"[58, 52, 60, 159, 44]"
val/05292_Animalia_Mollusca_Gastropoda_Neogastropoda_Olividae_Olivella_biplicata/6511aea9-3922-4502-8565-c145d5b9a3dc.jpg,285,127,0.010100068318076165,False,False,"[127, 117, 14, 116, 287]"
val/05292_Animalia_Mollusca_Gastropoda_Neogastropoda_Olividae_Olivella_biplicata/6d3cc209-406c-44d4-9361-634f1768af29.jpg,285,398,0.012462277634334268,False,False,"[398, 400, 245, 396, 145]"
val/05292_Animalia_Mollusca_Gastropoda_Neogastropoda_Olividae_Olivella_biplicata/7c8050d6-5c40-4fb7-937c-5db9e71ab2d9.jpg,285,93,0.021975400327333656,False,False,"[93, 89, 43, 88, 192]"
val/05292_Animalia_Mollusca_Gastropoda_Neogastropoda_Olividae_Olivella_biplicata/9408ed02-cf56-444f-b65f-66394d5a2dc0.jpg,285,207,0.009751541036031491,False,False,"[207, 432, 335, 395, 240]"
val/05292_Animalia_Mollusca_Gastropoda_Neogastropoda_Olividae_Olivella_biplicata/9b2f996e-81a1-41e7-bc3b-b14728c1bd3d.jpg,285,180,0.032685442257673926,False,False,"[180, 34, 160, 5, 162]"
val/05292_Animalia_Mollusca_Gastropoda_Neogastropoda_Olividae_Olivella_biplicata/d57c9a49-5c72-42d5-9ce7-7beca4f01f06.jpg,285,126,0.020701777173456847,False,False,"[126, 186, 160, 243, 205]"
val/05292_Animalia_Mollusca_Gastropoda_Neogastropoda_Olividae_Olivella_biplicata/ece03b0b-ca2e-4f80-a4f1-4bee4cfbbb2d.jpg,285,244,0.01652916515780723,False,False,"[244, 17, 172, 115, 239]"
val/05292_Animalia_Mollusca_Gastropoda_Neogastropoda_Olividae_Olivella_biplicata/fa039ffe-bccc-4332-a3ef-95e66d9a935a.jpg,285,405,0.009088896583214278,False,False,"[405, 484, 435, 417, 393]"
val/05316_Animalia_Mollusca_Gastropoda_Nudibranchia_Goniodorididae_Okenia_rosacea/1e11ab4a-af04-42c0-9211-60587dd64fe6.jpg,286,9,0.011698456421305977,False,False,"[9, 96, 94, 3, 142]"
val/05316_Animalia_Mollusca_Gastropoda_Nudibranchia_Goniodorididae_Okenia_rosacea/1f7b9866-f2e7-4875-862e-12448c403089.jpg,286,63,0.024452363367705253,False,False,"[63, 148, 23, 47, 183]"
val/05316_Animalia_Mollusca_Gastropoda_Nudibranchia_Goniodorididae_Okenia_rosacea/22a25843-5692-4033-846c-71628121922a.jpg,286,125,0.00960760997213026,False,False,"[125, 273, 137, 275, 201]"
val/05316_Animalia_Mollusca_Gastropoda_Nudibranchia_Goniodorididae_Okenia_rosacea/45d2e8fa-2180-4723-a60d-b8a65a7d024b.jpg,286,140,0.04691458035541228,False,False,"[140, 144, 180, 232, 214]"
val/05316_Animalia_Mollusca_Gastropoda_Nudibranchia_Goniodorididae_Okenia_rosacea/50823592-3fe8-469d-b72c-50adca9b0657.jpg,286,67,0.015239495015423004,False,False,"[67, 297, 398, 295, 456]"
val/05316_Animalia_Mollusca_Gastropoda_Nudibranchia_Goniodorididae_Okenia_rosacea/575b9434-fe81-4b61-8848-44307d5acf02.jpg,286,15,0.01657195744593761,False,False,"[15, 85, 92, 24, 284]"
val/05316_Animalia_Mollusca_Gastropoda_Nudibranchia_Goniodorididae_Okenia_rosacea/acaa4c4d-3e20-4820-b435-4de6c25350e0.jpg,286,254,0.008683290518346628,False,False,"[254, 257, 93, 183, 475]"
val/05316_Animalia_Mollusca_Gastropoda_Nudibranchia_Goniodorididae_Okenia_rosacea/cfaa7fdb-eec9-4d21-a183-61da6a4be32f.jpg,286,296,0.028816926288414806,False,False,"[296, 334, 164, 247, 329]"
val/05316_Animalia_Mollusca_Gastropoda_Nudibranchia_Goniodorididae_Okenia_rosacea/d139468d-310e-4704-a873-96a98c4f48ab.jpg,286,360,0.011571929337839855,False,False,"[360, 299, 289, 268, 86]"
val/05316_Animalia_Mollusca_Gastropoda_Nudibranchia_Goniodorididae_Okenia_rosacea/d4e10599-03d8-470d-99ae-576eca24c1b3.jpg,286,460,0.01052902993934301,False,False,"[460, 354, 480, 484, 67]"
val/05319_Animalia_Mollusca_Gastropoda_Nudibranchia_Onchidorididae_Acanthodoris_lutea/2f8a9a6e-6a5a-48d2-b543-72e23d208989.jpg,287,55,0.07161612703597257,False,False,"[55, 18, 16, 54, 76]"
val/05319_Animalia_Mollusca_Gastropoda_Nudibranchia_Onchidorididae_Acanthodoris_lutea/49330a1b-dc59-41bf-8345-b4065197dad9.jpg,287,366,0.010379793691103591,False,False,"[366, 343, 367, 337, 389]"
val/05319_Animalia_Mollusca_Gastropoda_Nudibranchia_Onchidorididae_Acanthodoris_lutea/52503f7b-8e1b-4f70-b5e0-2d60318d28cd.jpg,287,398,0.010338530285635554,False,False,"[398, 293, 451, 436, 96]"
val/05319_Animalia_Mollusca_Gastropoda_Nudibranchia_Onchidorididae_Acanthodoris_lutea/721a0954-139d-4a8d-98c0-6861c738216c.jpg,287,87,0.00968598362594443,False,False,"[87, 180, 30, 490, 488]"
val/05319_Animalia_Mollusca_Gastropoda_Nudibranchia_Onchidorididae_Acanthodoris_lutea/986582d1-16ef-4427-a0d4-160a017ac42e.jpg,287,57,0.030376063540693932,False,False,"[57, 31, 22, 51, 159]"
val/05319_Animalia_Mollusca_Gastropoda_Nudibranchia_Onchidorididae_Acanthodoris_lutea/bf82aeaf-3066-4a38-98bb-cbb83d8e9cab.jpg,287,62,0.017752574249185193,False,True,"[62, 116, 142, 287, 292]"
val/05319_Animalia_Mollusca_Gastropoda_Nudibranchia_Onchidorididae_Acanthodoris_lutea/c8f302a0-9fa2-4ee4-9588-b06e77fea3ef.jpg,287,358,0.016283687810332976,False,False,"[358, 226, 359, 388, 167]"
val/05319_Animalia_Mollusca_Gastropoda_Nudibranchia_Onchidorididae_Acanthodoris_lutea/d214c713-e10a-4d9b-ad40-d151d0920516.jpg,287,397,0.021683596262152653,False,False,"[397, 126, 114, 236, 12]"
val/05319_Animalia_Mollusca_Gastropoda_Nudibranchia_Onchidorididae_Acanthodoris_lutea/dea77ea2-474c-4625-a5bb-bf596d69bec9.jpg,287,197,0.015594524399525576,False,False,"[197, 139, 62, 52, 41]"
val/05319_Animalia_Mollusca_Gastropoda_Nudibranchia_Onchidorididae_Acanthodoris_lutea/faf51384-750e-4eac-ba79-46e96989fbfb.jpg,287,349,0.02899095312591916,False,False,"[349, 286, 404, 244, 432]"
val/05378_Animalia_Mollusca_Gastropoda_Trochida_Turbinidae_Megastraea_undosa/15ad0afb-d4f2-4eff-a824-8ca5a2042ff0.jpg,288,374,0.010393103967481715,False,False,"[374, 396, 255, 106, 105]"
val/05378_Animalia_Mollusca_Gastropoda_Trochida_Turbinidae_Megastraea_undosa/15d417f4-c8a7-4492-b86a-0a2132879c21.jpg,288,364,0.010188695187594769,False,False,"[364, 459, 441, 106, 295]"
val/05378_Animalia_Mollusca_Gastropoda_Trochida_Turbinidae_Megastraea_undosa/2c6e2e49-82f6-4519-a3b9-df4dbaf98257.jpg,288,359,0.011318382721657272,False,False,"[359, 407, 210, 480, 429]"
val/05378_Animalia_Mollusca_Gastropoda_Trochida_Turbinidae_Megastraea_undosa/30cac632-e49c-401a-80be-36b20e05d8f7.jpg,288,213,0.01711264757640285,False,False,"[213, 126, 216, 334, 266]"
val/05378_Animalia_Mollusca_Gastropoda_Trochida_Turbinidae_Megastraea_undosa/74bb539e-484e-466a-8b8e-3724af880c53.jpg,288,469,0.02189206679337908,False,False,"[469, 427, 412, 206, 442]"
val/05378_Animalia_Mollusca_Gastropoda_Trochida_Turbinidae_Megastraea_undosa/bce661cc-66f3-43ac-b2b0-7f5525d4c8d4.jpg,288,97,0.01727987550678608,False,False,"[97, 481, 419, 264, 232]"
val/05378_Animalia_Mollusca_Gastropoda_Trochida_Turbinidae_Megastraea_undosa/ca6d2ea5-6314-4b82-a8fe-79de36cd993e.jpg,288,395,0.009741433772485163,False,False,"[395, 124, 355, 264, 230]"
val/05378_Animalia_Mollusca_Gastropoda_Trochida_Turbinidae_Megastraea_undosa/ccdeaa4e-512a-4c32-b6df-ba7e02fee616.jpg,288,57,0.010341246295001258,False,False,"[57, 177, 217, 71, 286]"
val/05378_Animalia_Mollusca_Gastropoda_Trochida_Turbinidae_Megastraea_undosa/cd0b99d1-dee6-4e7a-9e7d-cd93532a5420.jpg,288,7,0.009772516617879248,False,False,"[7, 0, 62, 122, 285]"
val/05378_Animalia_Mollusca_Gastropoda_Trochida_Turbinidae_Megastraea_undosa/f9a1a5b1-05ab-423d-b509-b2073a013258.jpg,288,418,0.020823129877572635,False,False,"[418, 142, 147, 244, 53]"
val/05404_Fungi_Ascomycota_Lecanoromycetes_Lecanorales_Cladoniaceae_Cladonia_stellaris/25e97f1a-592d-4234-925a-ee5f5ce98dcf.jpg,289,289,0.01651192714820451,True,True,"[289, 447, 378, 37, 337]"
val/05404_Fungi_Ascomycota_Lecanoromycetes_Lecanorales_Cladoniaceae_Cladonia_stellaris/478fb8b5-a6d9-4e19-aaed-7f128a9b35fb.jpg,289,289,0.011213585520409687,True,True,"[289, 447, 465, 262, 485]"
val/05404_Fungi_Ascomycota_Lecanoromycetes_Lecanorales_Cladoniaceae_Cladonia_stellaris/495d70ad-f070-44ec-b697-5e1e5ed6d15a.jpg,289,253,0.014819908385744703,False,True,"[253, 322, 289, 362, 373]"
val/05404_Fungi_Ascomycota_Lecanoromycetes_Lecanorales_Cladoniaceae_Cladonia_stellaris/512dbdda-0975-4bdb-8d87-7fe7c9c7087b.jpg,289,289,0.016776936821626752,True,True,"[289, 399, 441, 494, 354]"
val/05404_Fungi_Ascomycota_Lecanoromycetes_Lecanorales_Cladoniaceae_Cladonia_stellaris/674f0920-3948-492b-82e9-210cbc13922c.jpg,289,493,0.009419639968030543,False,False,"[493, 274, 483, 45, 429]"
val/05404_Fungi_Ascomycota_Lecanoromycetes_Lecanorales_Cladoniaceae_Cladonia_stellaris/8b8de5c5-ff15-4306-bd4b-68e51954423d.jpg,289,465,0.014958820788431698,False,False,"[465, 226, 138, 447, 81]"
val/05404_Fungi_Ascomycota_Lecanoromycetes_Lecanorales_Cladoniaceae_Cladonia_stellaris/a055f104-7bd3-43ca-a428-8b06ff012f9d.jpg,289,338,0.01160013050155316,False,True,"[338, 289, 485, 473, 380]"
val/05404_Fungi_Ascomycota_Lecanoromycetes_Lecanorales_Cladoniaceae_Cladonia_stellaris/a6a14ba9-9afa-491e-bf3a-6f14a968abfc.jpg,289,145,0.010412230545420892,False,False,"[145, 466, 435, 370, 358]"
val/05404_Fungi_Ascomycota_Lecanoromycetes_Lecanorales_Cladoniaceae_Cladonia_stellaris/c373cb04-1ecc-4c75-97d4-3c021c2f5e9e.jpg,289,352,0.015924563168977977,False,False,"[352, 419, 308, 420, 390]"
val/05404_Fungi_Ascomycota_Lecanoromycetes_Lecanorales_Cladoniaceae_Cladonia_stellaris/f1b82689-3c34-44ef-a489-d55164c6bc6f.jpg,289,98,0.015235395537559567,False,False,"[98, 257, 303, 15, 295]"
val/05407_Fungi_Ascomycota_Lecanoromycetes_Lecanorales_Parmeliaceae_Evernia_prunastri/22f6c533-8110-4640-93bf-506d29aa105b.jpg,290,349,0.009037117968207635,False,False,"[349, 238, 19, 108, 127]"
val/05407_Fungi_Ascomycota_Lecanoromycetes_Lecanorales_Parmeliaceae_Evernia_prunastri/3cee0995-a959-4aa4-9834-9fc9b476bbff.jpg,290,297,0.017204511721681262,False,False,"[297, 436, 457, 10, 460]"
val/05407_Fungi_Ascomycota_Lecanoromycetes_Lecanorales_Parmeliaceae_Evernia_prunastri/7b3034ce-51c4-4b0b-bcbc-1ff0d29c228d.jpg,290,370,0.009342011948883917,False,False,"[370, 442, 435, 310, 421]"
val/05407_Fungi_Ascomycota_Lecanoromycetes_Lecanorales_Parmeliaceae_Evernia_prunastri/7fd94688-f5a2-42f6-8abb-c2ed97fd4455.jpg,290,450,0.02226573278591945,False,False,"[450, 14, 432, 487, 350]"
val/05407_Fungi_Ascomycota_Lecanoromycetes_Lecanorales_Parmeliaceae_Evernia_prunastri/89e21d5e-d491-4f17-92ba-03be4d12fe46.jpg,290,460,0.010760941602711448,False,False,"[460, 353, 307, 397, 387]"
val/05407_Fungi_Ascomycota_Lecanoromycetes_Lecanorales_Parmeliaceae_Evernia_prunastri/8b873e8c-6739-45ae-9696-4e73eb7b0a17.jpg,290,351,0.010633388376009389,False,False,"[351, 375, 392, 107, 291]"
val/05407_Fungi_Ascomycota_Lecanoromycetes_Lecanorales_Parmeliaceae_Evernia_prunastri/944dcac3-4e9a-48fc-a8d4-001c67205221.jpg,290,387,0.017209725115106402,False,False,"[387, 311, 455, 327, 318]"
val/05407_Fungi_Ascomycota_Lecanoromycetes_Lecanorales_Parmeliaceae_Evernia_prunastri/b777f289-06d2-4d0b-bfe0-29996d8eb3f3.jpg,290,414,0.015954059351471997,False,False,"[414, 321, 215, 112, 451]"
val/05407_Fungi_Ascomycota_Lecanoromycetes_Lecanorales_Parmeliaceae_Evernia_prunastri/dd34e325-c29e-406d-81e7-760653cd9a8a.jpg,290,335,0.01038541361115608,False,False,"[335, 464, 397, 470, 485]"
val/05407_Fungi_Ascomycota_Lecanoromycetes_Lecanorales_Parmeliaceae_Evernia_prunastri/ee9f6856-36f1-4fbf-b9e5-34531ac5a836.jpg,290,392,0.01061386925771083,False,False,"[392, 487, 432, 309, 78]"
val/05423_Fungi_Ascomycota_Lecanoromycetes_Lecanorales_Ramalinaceae_Ramalina_celastri/0af5ef7c-324f-47f2-a87d-924b20cae860.jpg,291,401,0.009582741360639871,False,False,"[401, 498, 434, 131, 173]"
val/05423_Fungi_Ascomycota_Lecanoromycetes_Lecanorales_Ramalinaceae_Ramalina_celastri/11f73302-84f1-40e5-92cb-d6357f96c4c4.jpg,291,375,0.011209864856915714,False,False,"[375, 437, 271, 461, 403]"
val/05423_Fungi_Ascomycota_Lecanoromycetes_Lecanorales_Ramalinaceae_Ramalina_celastri/25fb22ac-19eb-4ce7-9099-da33457b69f6.jpg,291,137,0.021547907197996503,False,False,"[137, 275, 9, 439, 350]"
val/05423_Fungi_Ascomycota_Lecanoromycetes_Lecanorales_Ramalinaceae_Ramalina_celastri/48b5656d-b61d-4879-babe-c056103b13e3.jpg,291,12,0.015109993675264987,False,False,"[12, 329, 449, 319, 210]"
val/05423_Fungi_Ascomycota_Lecanoromycetes_Lecanorales_Ramalinaceae_Ramalina_celastri/72d99623-ad78-451b-a848-44eb5efa0c67.jpg,291,108,0.0089210122036584,False,False,"[108, 77, 334, 45, 426]"
val/05423_Fungi_Ascomycota_Lecanoromycetes_Lecanorales_Ramalinaceae_Ramalina_celastri/75b3262a-a8d2-4e6b-b54d-f9774a4b3122.jpg,291,418,0.016470198077078026,False,False,"[418, 316, 376, 306, 434]"
val/05423_Fungi_Ascomycota_Lecanoromycetes_Lecanorales_Ramalinaceae_Ramalina_celastri/86d2a3ee-4bf2-4c7c-ad90-194c4316d454.jpg,291,484,0.009332792798606953,False,True,"[484, 393, 276, 291, 251]"
val/05423_Fungi_Ascomycota_Lecanoromycetes_Lecanorales_Ramalinaceae_Ramalina_celastri/98c497bc-78d1-4125-ad00-6b134911d72c.jpg,291,426,0.010120442887569022,False,False,"[426, 329, 491, 298, 67]"
val/05423_Fungi_Ascomycota_Lecanoromycetes_Lecanorales_Ramalinaceae_Ramalina_celastri/e0a8fc4c-b92c-435c-befe-c2d5f1f375d6.jpg,291,360,0.010174359416621134,False,False,"[360, 206, 53, 362, 303]"
val/05423_Fungi_Ascomycota_Lecanoromycetes_Lecanorales_Ramalinaceae_Ramalina_celastri/e23a8686-3484-4c9c-a4a8-23955e99cade.jpg,291,436,0.010329563107693795,False,False,"[436, 384, 460, 350, 300]"
val/05428_Fungi_Ascomycota_Lecanoromycetes_Ostropales_Phlyctidaceae_Phlyctis_argena/3a095d6b-2d4d-4b61-b3cd-284c32f58983.jpg,292,37,0.022160960688709038,False,False,"[37, 154, 485, 442, 19]"
val/05428_Fungi_Ascomycota_Lecanoromycetes_Ostropales_Phlyctidaceae_Phlyctis_argena/3ca8f27b-f713-4481-bdde-512d8de686ab.jpg,292,289,0.026562782894571698,False,False,"[289, 468, 386, 477, 364]"
val/05428_Fungi_Ascomycota_Lecanoromycetes_Ostropales_Phlyctidaceae_Phlyctis_argena/5dd0a0d9-1486-4d88-b2bc-0e75caebc131.jpg,292,196,0.012363622947873439,False,False,"[196, 164, 182, 183, 165]"
val/05428_Fungi_Ascomycota_Lecanoromycetes_Ostropales_Phlyctidaceae_Phlyctis_argena/78e215ba-a86f-486e-a6e5-8c54dc67ec2c.jpg,292,21,0.01507218714951543,False,False,"[21, 289, 293, 477, 423]"
val/05428_Fungi_Ascomycota_Lecanoromycetes_Ostropales_Phlyctidaceae_Phlyctis_argena/951a24e8-58fd-416c-a345-d8594ae70d5d.jpg,292,341,0.009359863620013877,False,False,"[341, 271, 456, 7, 388]"
val/05428_Fungi_Ascomycota_Lecanoromycetes_Ostropales_Phlyctidaceae_Phlyctis_argena/a45c7d03-c1da-4b41-a047-db6bf31c96c6.jpg,292,70,0.009075216648418025,False,False,"[70, 466, 290, 230, 365]"
val/05428_Fungi_Ascomycota_Lecanoromycetes_Ostropales_Phlyctidaceae_Phlyctis_argena/a81a1810-1638-47aa-9c47-e473a19a7157.jpg,292,308,0.010905444027621416,False,False,"[308, 478, 343, 288, 407]"
val/05428_Fungi_Ascomycota_Lecanoromycetes_Ostropales_Phlyctidaceae_Phlyctis_argena/c1943001-09bf-4dbf-ab7d-4fb81bfc75fc.jpg,292,289,0.01750255586782866,False,False,"[289, 339, 401, 390, 308]"
val/05428_Fungi_Ascomycota_Lecanoromycetes_Ostropales_Phlyctidaceae_Phlyctis_argena/e8db199a-c55d-40dd-b757-dafbb9c45f5e.jpg,292,152,0.009422229559118332,False,False,"[152, 254, 473, 342, 126]"
val/05428_Fungi_Ascomycota_Lecanoromycetes_Ostropales_Phlyctidaceae_Phlyctis_argena/e992d9d4-6d33-49b1-8940-81714e72451b.jpg,292,205,0.010304498330104366,False,False,"[205, 243, 63, 6, 209]"
val/05455_Fungi_Ascomycota_Pezizomycetes_Pezizales_Helvellaceae_Helvella_crispa/018fdb13-b4f5-4408-a18c-bf23fa806846.jpg,293,440,0.017141251117606424,False,False,"[440, 324, 407, 431, 294]"
val/05455_Fungi_Ascomycota_Pezizomycetes_Pezizales_Helvellaceae_Helvella_crispa/10285fd5-0dc5-4b9f-a6ca-d985ca3ee62c.jpg,293,473,0.00968998586566306,False,False,"[473, 308, 463, 167, 224]"
val/05455_Fungi_Ascomycota_Pezizomycetes_Pezizales_Helvellaceae_Helvella_crispa/1d0229c7-e8ca-401d-a6dd-7b8c078c239a.jpg,293,466,0.009696136652646856,False,False,"[466, 280, 412, 442, 87]"
val/05455_Fungi_Ascomycota_Pezizomycetes_Pezizales_Helvellaceae_Helvella_crispa/51e3990e-039a-4090-867a-6a4cffadca10.jpg,293,100,0.015783684444517252,False,False,"[100, 389, 431, 386, 492]"
val/05455_Fungi_Ascomycota_Pezizomycetes_Pezizales_Helvellaceae_Helvella_crispa/62ec5516-70a0-4386-8446-9fdd1e24bafc.jpg,293,466,0.009784438575711102,False,False,"[466, 464, 69, 471, 361]"
val/05455_Fungi_Ascomycota_Pezizomycetes_Pezizales_Helvellaceae_Helvella_crispa/91afcbf5-8b1b-4cd8-8fd2-b735855912ab.jpg,293,114,0.009599403259547614,False,False,"[114, 112, 454, 411, 227]"
val/05455_Fungi_Ascomycota_Pezizomycetes_Pezizales_Helvellaceae_Helvella_crispa/930589a3-bee5-4f61-b446-1734083bb91c.jpg,293,313,0.009867454450585412,False,False,"[313, 457, 435, 329, 327]"
val/05455_Fungi_Ascomycota_Pezizomycetes_Pezizales_Helvellaceae_Helvella_crispa/adb53379-b88c-4b6f-9288-ba9eef3a01cb.jpg,293,380,0.015873866488341406,False,False,"[380, 256, 364, 300, 220]"
val/05455_Fungi_Ascomycota_Pezizomycetes_Pezizales_Helvellaceae_Helvella_crispa/c1466d45-de47-4392-845b-f4dfbacf7677.jpg,293,415,0.009951476519571982,False,False,"[415, 435, 452, 201, 2]"
val/05455_Fungi_Ascomycota_Pezizomycetes_Pezizales_Helvellaceae_Helvella_crispa/fa3590a8-6ba9-40d4-b3ec-414382a98104.jpg,293,447,0.012130389424514526,False,False,"[447, 426, 358, 467, 10]"
val/05460_Fungi_Ascomycota_Pezizomycetes_Pezizales_Sarcoscyphaceae_Sarcoscypha_austriaca/12dce049-789c-4a00-ac46-b1824116fd07.jpg,294,467,0.00994339618849163,False,False,"[467, 394, 419, 372, 253]"
val/05460_Fungi_Ascomycota_Pezizomycetes_Pezizales_Sarcoscyphaceae_Sarcoscypha_austriaca/1593da19-c68e-417b-899f-ff1672cd2322.jpg,294,387,0.010932054654277575,False,False,"[387, 324, 429, 433, 388]"
val/05460_Fungi_Ascomycota_Pezizomycetes_Pezizales_Sarcoscyphaceae_Sarcoscypha_austriaca/4a33fdc9-2318-4020-ad36-2ead261353d2.jpg,294,208,0.009153855305611061,False,False,"[208, 248, 334, 319, 407]"
val/05460_Fungi_Ascomycota_Pezizomycetes_Pezizales_Sarcoscyphaceae_Sarcoscypha_austriaca/5a2b7c5e-c7ed-4284-9c68-152e253e5a87.jpg,294,393,0.009437911287605329,False,False,"[393, 151, 129, 119, 25]"
val/05460_Fungi_Ascomycota_Pezizomycetes_Pezizales_Sarcoscyphaceae_Sarcoscypha_austriaca/74075342-51d1-461c-a270-f952389e0f09.jpg,294,44,0.009505303243301486,False,True,"[44, 470, 301, 414, 294]"
val/05460_Fungi_Ascomycota_Pezizomycetes_Pezizales_Sarcoscyphaceae_Sarcoscypha_austriaca/84059fee-bb44-4b78-9f7b-5382ccf109c4.jpg,294,349,0.009022118719738164,False,False,"[349, 221, 110, 499, 317]"
val/05460_Fungi_Ascomycota_Pezizomycetes_Pezizales_Sarcoscyphaceae_Sarcoscypha_austriaca/8d175d9e-d1b5-4e06-a48c-bb3dd416560f.jpg,294,293,0.010057301671774297,False,False,"[293, 335, 488, 208, 1]"
val/05460_Fungi_Ascomycota_Pezizomycetes_Pezizales_Sarcoscyphaceae_Sarcoscypha_austriaca/acf5306f-6e8b-4827-bd45-9c501175ce64.jpg,294,364,0.010302660440386925,False,False,"[364, 389, 327, 230, 420]"
val/05460_Fungi_Ascomycota_Pezizomycetes_Pezizales_Sarcoscyphaceae_Sarcoscypha_austriaca/c92890ca-4a61-46a5-83ee-94bda49ce445.jpg,294,443,0.00993716537360842,False,False,"[443, 412, 372, 207, 331]"
val/05460_Fungi_Ascomycota_Pezizomycetes_Pezizales_Sarcoscyphaceae_Sarcoscypha_austriaca/d25bdbf4-307c-421b-a3ca-284ea484f173.jpg,294,409,0.009606703385844618,False,False,"[409, 432, 19, 270, 350]"
val/05463_Fungi_Ascomycota_Pezizomycetes_Pezizales_Sarcosomataceae_Galiella_rufa/0afbfb41-40d7-4dc3-a96f-7f08af43803c.jpg,295,445,0.010051217516409292,False,False,"[445, 67, 495, 136, 28]"
val/05463_Fungi_Ascomycota_Pezizomycetes_Pezizales_Sarcosomataceae_Galiella_rufa/45243f0f-5d7b-4b43-88f8-a7fcf5eb1811.jpg,295,295,0.01100228033201385,True,True,"[295, 494, 167, 434, 89]"
val/05463_Fungi_Ascomycota_Pezizomycetes_Pezizales_Sarcosomataceae_Galiella_rufa/92366bce-c0a5-420e-af9a-11e3b2b31ce5.jpg,295,297,0.01747236110196127,False,False,"[297, 479, 405, 360, 32]"
val/05463_Fungi_Ascomycota_Pezizomycetes_Pezizales_Sarcosomataceae_Galiella_rufa/92a55d57-ffd6-4acc-bd65-f0d242e4693b.jpg,295,364,0.010099218316229374,False,False,"[364, 298, 302, 490, 399]"
val/05463_Fungi_Ascomycota_Pezizomycetes_Pezizales_Sarcosomataceae_Galiella_rufa/980204cd-e430-49c5-bb13-fea4e056b928.jpg,295,360,0.008107280713936934,False,False,"[360, 137, 344, 152, 347]"
val/05463_Fungi_Ascomycota_Pezizomycetes_Pezizales_Sarcosomataceae_Galiella_rufa/a254ee83-7c63-429f-9a72-fdf539014358.jpg,295,208,0.009786192496629036,False,False,"[208, 451, 304, 488, 327]"
val/05463_Fungi_Ascomycota_Pezizomycetes_Pezizales_Sarcosomataceae_Galiella_rufa/bb3c7df7-a6bf-406d-baaa-a91e144889ee.jpg,295,390,0.015287260208239613,False,False,"[390, 238, 298, 99, 325]"
val/05463_Fungi_Ascomycota_Pezizomycetes_Pezizales_Sarcosomataceae_Galiella_rufa/c0f6093c-565a-444b-b5b6-4349ca6cf66e.jpg,295,169,0.009587851156067218,False,False,"[169, 236, 100, 303, 250]"
val/05463_Fungi_Ascomycota_Pezizomycetes_Pezizales_Sarcosomataceae_Galiella_rufa/cb3e49c4-409f-4dad-ae46-675f14d42d14.jpg,295,303,0.009981769616104625,False,False,"[303, 316, 169, 265, 436]"
val/05463_Fungi_Ascomycota_Pezizomycetes_Pezizales_Sarcosomataceae_Galiella_rufa/f6208f49-f2e2-4f3f-aa58-164ed8a6f6c5.jpg,295,445,0.008994015840426568,False,False,"[445, 426, 93, 276, 77]"
val/05475_Fungi_Basidiomycota_Agaricomycetes_Agaricales_Agaricaceae_Battarrea_phalloides/02c1c0ed-30eb-40f6-b3e2-b9ca51e47503.jpg,296,327,0.020390858305522418,False,False,"[327, 449, 431, 199, 150]"
val/05475_Fungi_Basidiomycota_Agaricomycetes_Agaricales_Agaricaceae_Battarrea_phalloides/0dbabd91-8d05-4206-b473-2472b1db0f1b.jpg,296,303,0.010086351570751098,False,False,"[303, 484, 461, 370, 89]"
val/05475_Fungi_Basidiomycota_Agaricomycetes_Agaricales_Agaricaceae_Battarrea_phalloides/0f84ebde-89e2-4bdb-af4f-a7cfe47622e6.jpg,296,31,0.010182340760693007,False,False,"[31, 18, 151, 85, 284]"
val/05475_Fungi_Basidiomycota_Agaricomycetes_Agaricales_Agaricaceae_Battarrea_phalloides/6af6cd9c-ccfa-4512-8eb8-f8a73e938fee.jpg,296,283,0.009397926066636452,False,False,"[283, 226, 269, 197, 105]"
val/05475_Fungi_Basidiomycota_Agaricomycetes_Agaricales_Agaricaceae_Battarrea_phalloides/8308ef8f-6d8d-46a8-8ef9-f4e8e478d98b.jpg,296,494,0.009470837683385948,False,False,"[494, 178, 417, 284, 65]"
val/05475_Fungi_Basidiomycota_Agaricomycetes_Agaricales_Agaricaceae_Battarrea_phalloides/8cf1a10f-e008-488d-85ec-9242cf3e3ce1.jpg,296,443,0.016250456512614253,False,False,"[443, 382, 380, 233, 178]"
val/05475_Fungi_Basidiomycota_Agaricomycetes_Agaricales_Agaricaceae_Battarrea_phalloides/976a3182-d3bc-4e4a-be12-14c6ab418113.jpg,296,182,0.009306914501957477,False,False,"[182, 496, 151, 168, 1]"
val/05475_Fungi_Basidiomycota_Agaricomycetes_Agaricales_Agaricaceae_Battarrea_phalloides/a8e46feb-168c-4786-ba43-6e1492422cd5.jpg,296,283,0.012840117220317433,False,False,"[283, 393, 479, 415, 490]"
val/05475_Fungi_Basidiomycota_Agaricomycetes_Agaricales_Agaricaceae_Battarrea_phalloides/d4aedc33-56be-4297-a29d-745f10788282.jpg,296,293,0.015807213873642093,False,False,"[293, 426, 329, 3, 443]"
val/05475_Fungi_Basidiomycota_Agaricomycetes_Agaricales_Agaricaceae_Battarrea_phalloides/dc5c01c2-452c-4838-ba3c-a07ce326c43e.jpg,296,27,0.009261520081314121,False,False,"[27, 494, 422, 147, 355]"
val/05476_Fungi_Basidiomycota_Agaricomycetes_Agaricales_Agaricaceae_Chlorophyllum_brunneum/025e5b58-c125-46c3-b23c-df4e28d162f8.jpg,297,423,0.009395832141914303,False,False,"[423, 112, 286, 77, 410]"
val/05476_Fungi_Basidiomycota_Agaricomycetes_Agaricales_Agaricaceae_Chlorophyllum_brunneum/41902c57-4f2e-41f3-8cfe-e3096a03accb.jpg,297,297,0.009538878606815517,True,True,"[297, 156, 211, 83, 85]"
val/05476_Fungi_Basidiomycota_Agaricomycetes_Agaricales_Agaricaceae_Chlorophyllum_brunneum/5a4d4445-5c67-4f86-9eb6-672fad73b3cb.jpg,297,297,0.017620357437522573,True,True,"[297, 430, 288, 279, 381]"
val/05476_Fungi_Basidiomycota_Agaricomycetes_Agaricales_Agaricaceae_Chlorophyllum_brunneum/6e6a4c84-02cc-4692-9786-abded6a776dd.jpg,297,235,0.010007270288655161,False,False,"[235, 43, 223, 298, 124]"
val/05476_Fungi_Basidiomycota_Agaricomycetes_Agaricales_Agaricaceae_Chlorophyllum_brunneum/730c9c26-9d66-4fac-8beb-51f96df073b0.jpg,297,143,0.00931071230387534,False,False,"[143, 74, 24, 474, 427]"
val/05476_Fungi_Basidiomycota_Agaricomycetes_Agaricales_Agaricaceae_Chlorophyllum_brunneum/87f3f8c4-2268-4785-85e6-d8325576cdfa.jpg,297,91,0.00900984455135481,False,False,"[91, 117, 273, 272, 86]"
val/05476_Fungi_Basidiomycota_Agaricomycetes_Agaricales_Agaricaceae_Chlorophyllum_brunneum/8c64e56f-331c-4e29-99cd-6b09c189877f.jpg,297,74,0.015319089456407543,False,False,"[74, 398, 81, 345, 299]"
val/05476_Fungi_Basidiomycota_Agaricomycetes_Agaricales_Agaricaceae_Chlorophyllum_brunneum/ba1f71d4-3803-4c0e-b2dc-bd92ada0e902.jpg,297,288,0.010518906006041932,False,False,"[288, 298, 487, 105, 367]"
val/05476_Fungi_Basidiomycota_Agaricomycetes_Agaricales_Agaricaceae_Chlorophyllum_brunneum/d7349099-045b-4c38-824f-d45a7abc73c7.jpg,297,15,0.015617581462180645,False,True,"[15, 16, 297, 288, 29]"
val/05476_Fungi_Basidiomycota_Agaricomycetes_Agaricales_Agaricaceae_Chlorophyllum_brunneum/e8ffa8cf-ffd9-4985-9dee-32d36bf88bae.jpg,297,32,0.01790161348661887,False,False,"[32, 62, 97, 384, 293]"
val/05509_Fungi_Basidiomycota_Agaricomycetes_Agaricales_Cyphellaceae_Chondrostereum_purpureum/06c18f3d-a12e-4230-8f71-219a0241b3e1.jpg,298,245,0.009179396617933867,False,False,"[245, 339, 221, 264, 191]"
val/05509_Fungi_Basidiomycota_Agaricomycetes_Agaricales_Cyphellaceae_Chondrostereum_purpureum/07804d0c-d763-467d-9a4b-0bd2cff07377.jpg,298,462,0.009395557996123334,False,False,"[462, 290, 373, 333, 300]"
val/05509_Fungi_Basidiomycota_Agaricomycetes_Agaricales_Cyphellaceae_Chondrostereum_purpureum/0c84ca2f-bd5a-4ac9-ad50-a59e5b95b5ed.jpg,298,417,0.01030354264842135,False,False,"[417, 364, 413, 474, 139]"
val/05509_Fungi_Basidiomycota_Agaricomycetes_Agaricales_Cyphellaceae_Chondrostereum_purpureum/1c934e6b-40b6-4543-a77d-06128a26d670.jpg,298,366,0.010399781339327846,False,False,"[366, 465, 436, 448, 480]"
val/05509_Fungi_Basidiomycota_Agaricomycetes_Agaricales_Cyphellaceae_Chondrostereum_purpureum/252478fd-af10-4f61-8958-227eb14a4b0b.jpg,298,93,0.009327479111265172,False,False,"[93, 77, 68, 247, 297]"
val/05509_Fungi_Basidiomycota_Agaricomycetes_Agaricales_Cyphellaceae_Chondrostereum_purpureum/68a3ad7d-20f7-4a29-9c49-f92e2760cd0f.jpg,298,103,0.0089772473316793,False,False,"[103, 101, 268, 395, 27]"
val/05509_Fungi_Basidiomycota_Agaricomycetes_Agaricales_Cyphellaceae_Chondrostereum_purpureum/8141b36e-15dd-4d9a-b002-4db56d8d3ffc.jpg,298,488,0.010263822203394475,False,False,"[488, 409, 471, 347, 454]"
val/05509_Fungi_Basidiomycota_Agaricomycetes_Agaricales_Cyphellaceae_Chondrostereum_purpureum/c03df159-725c-4dea-98ca-cc753b92fc18.jpg,298,297,0.011914966778212775,False,False,"[297, 308, 348, 435, 338]"
val/05509_Fungi_Basidiomycota_Agaricomycetes_Agaricales_Cyphellaceae_Chondrostereum_purpureum/f1616ad4-5c15-47e7-946c-39e972c0bde7.jpg,298,460,0.023324916802484174,False,False,"[460, 348, 280, 144, 244]"
val/05509_Fungi_Basidiomycota_Agaricomycetes_Agaricales_Cyphellaceae_Chondrostereum_purpureum/f33d67a8-e356-479d-9cc9-e2b29ba87ccf.jpg,298,376,0.009163184613630207,False,False,"[376, 71, 375, 499, 484]"
val/05551_Fungi_Basidiomycota_Agaricomycetes_Agaricales_Physalacriaceae_Desarmillaria_tabescens/03a68712-22ad-4874-aa31-e1805a7f7601.jpg,299,428,0.009261927108459406,False,False,"[428, 415, 390, 263, 12]"
val/05551_Fungi_Basidiomycota_Agaricomycetes_Agaricales_Physalacriaceae_Desarmillaria_tabescens/06dc5950-dd3f-41f0-a1c3-e176acb5b223.jpg,299,299,0.010064062895639797,True,True,"[299, 386, 295, 152, 318]"
val/05551_Fungi_Basidiomycota_Agaricomycetes_Agaricales_Physalacriaceae_Desarmillaria_tabescens/1260c266-4171-4fa0-bb83-4ce7f4546acc.jpg,299,324,0.009747645028546692,False,False,"[324, 289, 384, 14, 143]"
val/05551_Fungi_Basidiomycota_Agaricomycetes_Agaricales_Physalacriaceae_Desarmillaria_tabescens/19556dc5-5dec-4cf9-8592-d449feefdab4.jpg,299,480,0.013238570765641096,False,False,"[480, 489, 378, 401, 379]"
val/05551_Fungi_Basidiomycota_Agaricomycetes_Agaricales_Physalacriaceae_Desarmillaria_tabescens/4c2f6dec-5c5a-4797-a3bc-7f4b17ccf5da.jpg,299,293,0.01050731597044762,False,False,"[293, 497, 289, 17, 41]"
val/05551_Fungi_Basidiomycota_Agaricomycetes_Agaricales_Physalacriaceae_Desarmillaria_tabescens/772bd651-6b70-41da-943c-8e73520604df.jpg,299,377,0.011583769958033846,False,False,"[377, 308, 435, 32, 15]"
val/05551_Fungi_Basidiomycota_Agaricomycetes_Agaricales_Physalacriaceae_Desarmillaria_tabescens/91483c73-c04c-4426-a2b3-9971cef4bd44.jpg,299,56,0.009830525904114401,False,False,"[56, 60, 488, 168, 286]"
val/05551_Fungi_Basidiomycota_Agaricomycetes_Agaricales_Physalacriaceae_Desarmillaria_tabescens/b5787eb5-5186-4a9c-aa60-381dc99ed749.jpg,299,322,0.0097658142538078,False,False,"[322, 409, 458, 167, 343]"
val/05551_Fungi_Basidiomycota_Agaricomycetes_Agaricales_Physalacriaceae_Desarmillaria_tabescens/b5faef24-e73e-4f5e-8056-f8dcb42f43bf.jpg,299,188,0.011545763732656311,False,False,"[188, 167, 20, 79, 492]"
val/05551_Fungi_Basidiomycota_Agaricomycetes_Agaricales_Physalacriaceae_Desarmillaria_tabescens/b93274c3-4b53-447a-8ea6-9a265c12dff1.jpg,299,395,0.01546154205651215,False,False,"[395, 266, 107, 468, 264]"
val/05591_Fungi_Basidiomycota_Agaricomycetes_Agaricales_Typhulaceae_Xeromphalina_campanella/0c26f22e-9886-475a-a5b6-23ceed3e78f3.jpg,300,297,0.009898316988603165,False,False,"[297, 488, 436, 456, 407]"
val/05591_Fungi_Basidiomycota_Agaricomycetes_Agaricales_Typhulaceae_Xeromphalina_campanella/2b7ec3d7-2d52-449e-932b-721a35aa19af.jpg,300,210,0.009706064874825601,False,False,"[210, 143, 247, 451, 215]"
val/05591_Fungi_Basidiomycota_Agaricomycetes_Agaricales_Typhulaceae_Xeromphalina_campanella/5b185ce0-9872-485d-a361-6eeb14f17088.jpg,300,297,0.024193004936421736,False,False,"[297, 349, 457, 10, 460]"
val/05591_Fungi_Basidiomycota_Agaricomycetes_Agaricales_Typhulaceae_Xeromphalina_campanella/5b1dd247-7a0f-4789-a7a4-a2bc9e8c8e03.jpg,300,358,0.01769449474408794,False,False,"[358, 305, 387, 360, 445]"
val/05591_Fungi_Basidiomycota_Agaricomycetes_Agaricales_Typhulaceae_Xeromphalina_campanella/90ad0dce-cd9c-4899-a066-54a77f5a0625.jpg,300,494,0.010123189330110065,False,False,"[494, 360, 455, 422, 352]"
val/05591_Fungi_Basidiomycota_Agaricomycetes_Agaricales_Typhulaceae_Xeromphalina_campanella/915964a0-24bc-4997-b73e-2b0e1b336e64.jpg,300,470,0.00929477674814886,False,False,"[470, 67, 480, 245, 440]"
val/05591_Fungi_Basidiomycota_Agaricomycetes_Agaricales_Typhulaceae_Xeromphalina_campanella/cc0224d3-bb3a-45e6-9e14-796a4764ccab.jpg,300,326,0.016503217662844415,False,False,"[326, 238, 397, 346, 429]"
val/05591_Fungi_Basidiomycota_Agaricomycetes_Agaricales_Typhulaceae_Xeromphalina_campanella/e136a53c-f3c1-4f49-b0f9-e158e93dd17f.jpg,300,435,0.009606269127247363,False,False,"[435, 208, 317, 425, 262]"
val/05591_Fungi_Basidiomycota_Agaricomycetes_Agaricales_Typhulaceae_Xeromphalina_campanella/e89a399c-e590-423c-adf4-5e18159e3bef.jpg,300,450,0.01049319648971654,False,False,"[450, 104, 282, 12, 354]"
val/05591_Fungi_Basidiomycota_Agaricomycetes_Agaricales_Typhulaceae_Xeromphalina_campanella/ee82320d-f536-4bec-8f78-dda993cb4a06.jpg,300,344,0.015942089924774493,False,False,"[344, 363, 297, 490, 443]"
val/05606_Fungi_Basidiomycota_Agaricomycetes_Boletales_Boletaceae_Suillellus_amygdalinus/0679ced9-ff20-49f3-bbd4-7a950b5dcd1c.jpg,301,460,0.013309818899321459,False,True,"[460, 297, 410, 308, 301]"
val/05606_Fungi_Basidiomycota_Agaricomycetes_Boletales_Boletaceae_Suillellus_amygdalinus/11cf52f4-c6fb-4827-b339-5ec7966aa355.jpg,301,208,0.00958016604499497,False,False,"[208, 210, 381, 340, 433]"
val/05606_Fungi_Basidiomycota_Agaricomycetes_Boletales_Boletaceae_Suillellus_amygdalinus/2261f6da-2abd-4b11-aa68-e06837f9f59e.jpg,301,478,0.011847708152145657,False,False,"[478, 480, 354, 391, 360]"
val/05606_Fungi_Basidiomycota_Agaricomycetes_Boletales_Boletaceae_Suillellus_amygdalinus/33ae2fe2-0f64-46f5-9a6e-e988b9bfb03f.jpg,301,406,0.008707022638874497,False,False,"[406, 264, 110, 46, 123]"
val/05606_Fungi_Basidiomycota_Agaricomycetes_Boletales_Boletaceae_Suillellus_amygdalinus/3722c9f7-78e8-4213-9c5b-d2b742883c95.jpg,301,448,0.014303473802440817,False,False,"[448, 303, 442, 182, 136]"
val/05606_Fungi_Basidiomycota_Agaricomycetes_Boletales_Boletaceae_Suillellus_amygdalinus/4392b3b7-b7b1-463c-83b9-43ba327ec4f2.jpg,301,419,0.00990181487026436,False,False,"[419, 372, 442, 346, 249]"
val/05606_Fungi_Basidiomycota_Agaricomycetes_Boletales_Boletaceae_Suillellus_amygdalinus/5fbfab91-3b91-4db5-97a3-7d3b750b1f2c.jpg,301,393,0.010448818242348796,False,True,"[393, 463, 492, 165, 301]"
val/05606_Fungi_Basidiomycota_Agaricomycetes_Boletales_Boletaceae_Suillellus_amygdalinus/7bdeb35f-21fc-4c9a-917f-3212069a4eb8.jpg,301,491,0.015460343014921461,False,False,"[491, 437, 280, 74, 165]"
val/05606_Fungi_Basidiomycota_Agaricomycetes_Boletales_Boletaceae_Suillellus_amygdalinus/b37d80ff-1365-43d9-acbf-eafbd323ef0b.jpg,301,202,0.008613711548282785,False,False,"[202, 336, 489, 438, 407]"
val/05606_Fungi_Basidiomycota_Agaricomycetes_Boletales_Boletaceae_Suillellus_amygdalinus/cb7c4c69-5535-46fb-8e8b-1892e1adf06c.jpg,301,298,0.009798138162790094,False,False,"[298, 1, 460, 374, 156]"
val/05612_Fungi_Basidiomycota_Agaricomycetes_Boletales_Pisolithaceae_Pisolithus_arhizus/194fb9e0-c4a9-478f-8926-8a7dc9ae29ab.jpg,302,301,0.009723108673125144,False,False,"[301, 316, 29, 277, 201]"
val/05612_Fungi_Basidiomycota_Agaricomycetes_Boletales_Pisolithaceae_Pisolithus_arhizus/3200237a-702d-4e74-9267-8528ea335133.jpg,302,240,0.010034133805852769,False,False,"[240, 494, 217, 383, 255]"
val/05612_Fungi_Basidiomycota_Agaricomycetes_Boletales_Pisolithaceae_Pisolithus_arhizus/81f1ed6a-7a85-4201-9992-7f1a73b2e828.jpg,302,218,0.015776812030998233,False,False,"[218, 465, 301, 295, 464]"
val/05612_Fungi_Basidiomycota_Agaricomycetes_Boletales_Pisolithaceae_Pisolithus_arhizus/8214f51f-3961-4e57-bcf1-990bf52f17f4.jpg,302,314,0.011341192540380794,False,False,"[314, 315, 356, 458, 490]"
val/05612_Fungi_Basidiomycota_Agaricomycetes_Boletales_Pisolithaceae_Pisolithus_arhizus/832bed8a-67da-443e-8d36-942bf6eef707.jpg,302,314,0.021364972688674922,False,False,"[314, 306, 455, 230, 394]"
val/05612_Fungi_Basidiomycota_Agaricomycetes_Boletales_Pisolithaceae_Pisolithus_arhizus/87ff19e9-ae5e-4c04-b9d8-b5a7ac75195c.jpg,302,476,0.011957916451232727,False,False,"[476, 195, 445, 77, 21]"
val/05612_Fungi_Basidiomycota_Agaricomycetes_Boletales_Pisolithaceae_Pisolithus_arhizus/aca563a6-0935-46d8-8d38-12f60144298e.jpg,302,202,0.015254148500473226,False,False,"[202, 275, 273, 48, 274]"
val/05612_Fungi_Basidiomycota_Agaricomycetes_Boletales_Pisolithaceae_Pisolithus_arhizus/b4604ccc-7cdb-4647-91c3-e54d687cfc02.jpg,302,438,0.0168330143712565,False,False,"[438, 314, 412, 425, 443]"
val/05612_Fungi_Basidiomycota_Agaricomycetes_Boletales_Pisolithaceae_Pisolithus_arhizus/e270ef01-0ccb-496b-9055-9b900d8eb4de.jpg,302,292,0.010095049384923373,False,False,"[292, 457, 464, 456, 442]"
val/05612_Fungi_Basidiomycota_Agaricomycetes_Boletales_Pisolithaceae_Pisolithus_arhizus/fbb0f1b3-b969-4576-99a8-8bf557440014.jpg,302,404,0.009683305908642106,False,False,"[404, 394, 448, 485, 369]"
val/05649_Fungi_Basidiomycota_Agaricomycetes_Phallales_Phallaceae_Phallus_indusiatus/1fa12a09-2bfd-4a89-9319-54b9ff8b8904.jpg,303,325,0.00942205246008373,False,False,"[325, 322, 467, 270, 388]"
val/05649_Fungi_Basidiomycota_Agaricomycetes_Phallales_Phallaceae_Phallus_indusiatus/3dc1a047-39ff-4912-b741-30205f595201.jpg,303,398,0.011408178008776736,False,True,"[398, 10, 300, 362, 303]"
val/05649_Fungi_Basidiomycota_Agaricomycetes_Phallales_Phallaceae_Phallus_indusiatus/43b79362-796e-4043-8802-478dbd709c02.jpg,303,297,0.011377769109042944,False,True,"[297, 399, 377, 316, 303]"
val/05649_Fungi_Basidiomycota_Agaricomycetes_Phallales_Phallaceae_Phallus_indusiatus/4470152f-1981-4844-9fda-26817143b8a5.jpg,303,96,0.0094254853448319,False,False,"[96, 19, 109, 32, 56]"
val/05649_Fungi_Basidiomycota_Agaricomycetes_Phallales_Phallaceae_Phallus_indusiatus/525b1ce2-b606-45e4-b531-104859fe2aff.jpg,303,50,0.023738753697428706,False,False,"[50, 324, 6, 332, 456]"
val/05649_Fungi_Basidiomycota_Agaricomycetes_Phallales_Phallaceae_Phallus_indusiatus/78c0b715-c715-4fcb-8730-aa198937b986.jpg,303,317,0.01012729272772985,False,False,"[317, 446, 368, 149, 178]"
val/05649_Fungi_Basidiomycota_Agaricomycetes_Phallales_Phallaceae_Phallus_indusiatus/82a7f79c-4af6-4a90-b102-914b3e0b4a43.jpg,303,258,0.009656044797827017,False,False,"[258, 19, 257, 451, 126]"
val/05649_Fungi_Basidiomycota_Agaricomycetes_Phallales_Phallaceae_Phallus_indusiatus/9c3217f7-362a-40bf-83db-b2fa0ac52aea.jpg,303,14,0.01457446868467057,False,False,"[14, 482, 307, 439, 80]"
val/05649_Fungi_Basidiomycota_Agaricomycetes_Phallales_Phallaceae_Phallus_indusiatus/d7f9d1c0-2a1e-462d-8f1b-0c3a6f33dfb1.jpg,303,277,0.010050353055731322,False,False,"[277, 435, 394, 425, 386]"
val/05649_Fungi_Basidiomycota_Agaricomycetes_Phallales_Phallaceae_Phallus_indusiatus/eb8d3a96-a04b-47d8-b522-47df631413b9.jpg,303,471,0.015682545866418127,False,False,"[471, 254, 377, 148, 53]"
val/05717_Fungi_Basidiomycota_Dacrymycetes_Dacrymycetales_Dacrymycetaceae_Calocera_cornea/3ce2944f-f03c-47d6-af9c-3f450df8ff9b.jpg,304,304,0.010157840852267183,True,True,"[304, 138, 406, 183, 7]"
val/05717_Fungi_Basidiomycota_Dacrymycetes_Dacrymycetales_Dacrymycetaceae_Calocera_cornea/5fd33800-5cb2-421b-9917-4acf5f5aaf41.jpg,304,272,0.009684145330360794,False,False,"[272, 470, 115, 409, 33]"
val/05717_Fungi_Basidiomycota_Dacrymycetes_Dacrymycetales_Dacrymycetaceae_Calocera_cornea/625bfba1-586c-494d-bc8c-27722869e50f.jpg,304,409,0.010160002585077337,False,False,"[409, 200, 270, 217, 440]"
val/05717_Fungi_Basidiomycota_Dacrymycetes_Dacrymycetales_Dacrymycetaceae_Calocera_cornea/a48ef122-18a3-4516-9a61-630bd73cdd86.jpg,304,416,0.009232175338213442,False,False,"[416, 360, 466, 259, 42]"
val/05717_Fungi_Basidiomycota_Dacrymycetes_Dacrymycetales_Dacrymycetaceae_Calocera_cornea/ab978e14-a46d-475f-8ffc-5a900afd84ee.jpg,304,323,0.007309853732324901,False,False,"[323, 327, 294, 295, 314]"
val/05717_Fungi_Basidiomycota_Dacrymycetes_Dacrymycetales_Dacrymycetaceae_Calocera_cornea/b52becfd-2068-4e85-acfe-4a6cfabc11f8.jpg,304,480,0.02203892469377907,False,False,"[480, 365, 400, 151, 355]"
val/05717_Fungi_Basidiomycota_Dacrymycetes_Dacrymycetales_Dacrymycetaceae_Calocera_cornea/c24a3409-0ce7-46df-af19-4c5a824940ad.jpg,304,359,0.010380444412253366,False,False,"[359, 10, 487, 466, 333]"
val/05717_Fungi_Basidiomycota_Dacrymycetes_Dacrymycetales_Dacrymycetaceae_Calocera_cornea/c3e3572b-f438-4acb-9ecd-bd5dc88e180a.jpg,304,398,0.01008708216097054,False,False,"[398, 348, 405, 426, 67]"
val/05717_Fungi_Basidiomycota_Dacrymycetes_Dacrymycetales_Dacrymycetaceae_Calocera_cornea/c468cf68-f781-4152-98ff-2685ea877ae9.jpg,304,313,0.017002379410609326,False,False,"[313, 339, 273, 293, 484]"
val/05717_Fungi_Basidiomycota_Dacrymycetes_Dacrymycetales_Dacrymycetaceae_Calocera_cornea/fe849b74-c2f2-4525-80f2-07a50c7f5c5f.jpg,304,499,0.010860022219296548,False,False,"[499, 106, 130, 194, 375]"
val/05746_Plantae_Bryophyta_Bryopsida_Hypnales_Hylocomiaceae_Pleurozium_schreberi/2a12339c-82e7-4969-824a-c19bf313e629.jpg,305,414,0.009655581420646127,False,False,"[414, 303, 371, 434, 321]"
val/05746_Plantae_Bryophyta_Bryopsida_Hypnales_Hylocomiaceae_Pleurozium_schreberi/2c451f4f-408d-44d7-b63a-2c830dcfab30.jpg,305,268,0.008958711348087808,False,False,"[268, 199, 171, 420, 491]"
val/05746_Plantae_Bryophyta_Bryopsida_Hypnales_Hylocomiaceae_Pleurozium_schreberi/31123d96-e7ae-44bf-aede-739c2a6ce75a.jpg,305,306,0.02150796101922173,False,False,"[306, 453, 476, 467, 394]"
val/05746_Plantae_Bryophyta_Bryopsida_Hypnales_Hylocomiaceae_Pleurozium_schreberi/6e38ea49-9951-41e7-8da3-e1b3162379c9.jpg,305,420,0.010936184468741368,False,False,"[420, 455, 363, 491, 343]"
val/05746_Plantae_Bryophyta_Bryopsida_Hypnales_Hylocomiaceae_Pleurozium_schreberi/7c0b4ebd-ca6e-48f7-b568-5f01b7414a10.jpg,305,440,0.017883155042822174,False,False,"[440, 359, 487, 470, 267]"
val/05746_Plantae_Bryophyta_Bryopsida_Hypnales_Hylocomiaceae_Pleurozium_schreberi/7dc5bb9c-5562-4e4e-a48e-6744c5be9de1.jpg,305,211,0.010584691290914857,False,False,"[211, 118, 53, 417, 185]"
val/05746_Plantae_Bryophyta_Bryopsida_Hypnales_Hylocomiaceae_Pleurozium_schreberi/853624bb-4425-424f-afe6-83bdbe4ed4f8.jpg,305,356,0.009782714188151931,False,False,"[356, 404, 93, 213, 455]"
val/05746_Plantae_Bryophyta_Bryopsida_Hypnales_Hylocomiaceae_Pleurozium_schreberi/9b11fca7-09e0-4248-8672-90cdb3b8d8cf.jpg,305,353,0.019911564656639964,False,True,"[353, 305, 412, 440, 357]"
val/05746_Plantae_Bryophyta_Bryopsida_Hypnales_Hylocomiaceae_Pleurozium_schreberi/af9cc9ef-1bb2-4d0f-8515-d8728e102174.jpg,305,418,0.01764934749778687,False,False,"[418, 346, 341, 331, 363]"
val/05746_Plantae_Bryophyta_Bryopsida_Hypnales_Hylocomiaceae_Pleurozium_schreberi/cbe5a36c-cf62-4509-8f58-ee8b5401bc4c.jpg,305,353,0.012020321586783027,False,False,"[353, 439, 343, 402, 403]"
val/05754_Plantae_Bryophyta_Bryopsida_Hypnales_Plagiotheciaceae_Plagiothecium_undulatum/0158d086-3b9d-4b9c-9694-57ceb3534e60.jpg,306,167,0.015876423489974624,False,False,"[167, 112, 277, 254, 481]"
val/05754_Plantae_Bryophyta_Bryopsida_Hypnales_Plagiotheciaceae_Plagiothecium_undulatum/0ec20fe4-6bde-42fe-893a-901d68cfbb05.jpg,306,306,0.01787643426214012,True,True,"[306, 331, 353, 131, 290]"
val/05754_Plantae_Bryophyta_Bryopsida_Hypnales_Plagiotheciaceae_Plagiothecium_undulatum/267502c1-1012-446c-bdc0-e0730cbd5c2c.jpg,306,353,0.014871069570700527,False,False,"[353, 356, 495, 251, 463]"
val/05754_Plantae_Bryophyta_Bryopsida_Hypnales_Plagiotheciaceae_Plagiothecium_undulatum/2677672a-ffc5-4154-b614-71fc042d8b7d.jpg,306,496,0.010121802682327086,False,False,"[496, 164, 295, 473, 234]"
val/05754_Plantae_Bryophyta_Bryopsida_Hypnales_Plagiotheciaceae_Plagiothecium_undulatum/348b93fb-3b70-493d-80a1-71fb31409446.jpg,306,216,0.022894973804358544,False,True,"[216, 306, 59, 327, 453]"
val/05754_Plantae_Bryophyta_Bryopsida_Hypnales_Plagiotheciaceae_Plagiothecium_undulatum/4a0ddf26-b357-432d-9e41-a7e4d4240e9a.jpg,306,434,0.00941890023905716,False,False,"[434, 263, 288, 186, 327]"
val/05754_Plantae_Bryophyta_Bryopsida_Hypnales_Plagiotheciaceae_Plagiothecium_undulatum/91b752da-d7ec-4107-a646-83b36124a7db.jpg,306,434,0.010548941081862294,False,True,"[434, 314, 306, 98, 318]"
val/05754_Plantae_Bryophyta_Bryopsida_Hypnales_Plagiotheciaceae_Plagiothecium_undulatum/d4a4fe61-9f8b-4a83-9b67-d03a69bf14c4.jpg,306,302,0.01587195100899574,False,False,"[302, 327, 434, 313, 332]"
val/05754_Plantae_Bryophyta_Bryopsida_Hypnales_Plagiotheciaceae_Plagiothecium_undulatum/fb1fd5f0-cb34-40be-9feb-8333ec3e5236.jpg,306,306,0.013742921652530877,True,True,"[306, 455, 353, 439, 317]"
val/05754_Plantae_Bryophyta_Bryopsida_Hypnales_Plagiotheciaceae_Plagiothecium_undulatum/fc74c824-399e-4728-a6f3-a73874d20172.jpg,306,379,0.01064677687995117,False,False,"[379, 456, 442, 178, 176]"
val/05757_Plantae_Bryophyta_Bryopsida_Pottiales_Pottiaceae_Syntrichia_ruralis/02088b91-007a-4ea1-80c7-0e684b17a891.jpg,307,262,0.010848472246522361,False,False,"[262, 483, 476, 48, 459]"
val/05757_Plantae_Bryophyta_Bryopsida_Pottiales_Pottiaceae_Syntrichia_ruralis/0a75edc8-823b-40f4-aeba-041c03e7932f.jpg,307,306,0.020904178900674662,False,False,"[306, 412, 382, 420, 440]"
val/05757_Plantae_Bryophyta_Bryopsida_Pottiales_Pottiaceae_Syntrichia_ruralis/0f89bc73-00f9-492b-a85e-3be31ceeabab.jpg,307,381,0.009482405913820362,False,False,"[381, 378, 303, 151, 205]"
val/05757_Plantae_Bryophyta_Bryopsida_Pottiales_Pottiaceae_Syntrichia_ruralis/17b3d95e-519f-44f6-bbc1-198363a0b9e3.jpg,307,380,0.015484104328536284,False,False,"[380, 370, 37, 482, 379]"
val/05757_Plantae_Bryophyta_Bryopsida_Pottiales_Pottiaceae_Syntrichia_ruralis/1cd825c9-28f5-47a7-84a5-745707959477.jpg,307,340,0.009268633066807997,False,False,"[340, 277, 485, 74, 31]"
val/05757_Plantae_Bryophyta_Bryopsida_Pottiales_Pottiaceae_Syntrichia_ruralis/3653bbd3-04c4-49c1-9c43-6e42b6c2f16a.jpg,307,399,0.02238678939324306,False,False,"[399, 289, 467, 367, 305]"
val/05757_Plantae_Bryophyta_Bryopsida_Pottiales_Pottiaceae_Syntrichia_ruralis/69b2e200-160f-4b72-8aa7-30798ebf30ac.jpg,307,493,0.015958032479532126,False,False,"[493, 491, 495, 481, 77]"
val/05757_Plantae_Bryophyta_Bryopsida_Pottiales_Pottiaceae_Syntrichia_ruralis/6ee2af8d-c3aa-4b3d-b44b-ae471a73000b.jpg,307,447,0.009261177772624989,False,False,"[447, 130, 29, 27, 47]"
val/05757_Plantae_Bryophyta_Bryopsida_Pottiales_Pottiaceae_Syntrichia_ruralis/df124df2-eb47-427b-b509-454d4450470b.jpg,307,221,0.009680200487170398,False,False,"[221, 109, 259, 151, 276]"
val/05757_Plantae_Bryophyta_Bryopsida_Pottiales_Pottiaceae_Syntrichia_ruralis/ecfb1fda-6232-4793-b9bf-f43198aa6bba.jpg,307,343,0.011132766385052308,False,False,"[343, 438, 397, 400, 355]"
val/05770_Plantae_Marchantiophyta_Marchantiopsida_Lunulariales_Lunulariaceae_Lunularia_cruciata/30f9e97a-31e2-4c1e-83b1-1e95041b94cb.jpg,308,376,0.010974196579130463,False,False,"[376, 408, 144, 275, 301]"
val/05770_Plantae_Marchantiophyta_Marchantiopsida_Lunulariales_Lunulariaceae_Lunularia_cruciata/35583dec-31e7-49d6-b733-78d23422192d.jpg,308,104,0.0094349573777204,False,False,"[104, 339, 434, 423, 255]"
val/05770_Plantae_Marchantiophyta_Marchantiopsida_Lunulariales_Lunulariaceae_Lunularia_cruciata/5fb49244-a768-49fb-8dd2-1178a9f54ee4.jpg,308,359,0.01282569651408054,False,False,"[359, 390, 401, 37, 421]"
val/05770_Plantae_Marchantiophyta_Marchantiopsida_Lunulariales_Lunulariaceae_Lunularia_cruciata/7214598b-c661-41df-9bda-d8e0a2eb2e4a.jpg,308,436,0.016887257749037543,False,False,"[436, 445, 322, 280, 283]"
val/05770_Plantae_Marchantiophyta_Marchantiopsida_Lunulariales_Lunulariaceae_Lunularia_cruciata/75085f32-9d72-43ba-a80e-5c4dc46c34ec.jpg,308,301,0.017787234296268824,False,False,"[301, 465, 105, 141, 466]"
val/05770_Plantae_Marchantiophyta_Marchantiopsida_Lunulariales_Lunulariaceae_Lunularia_cruciata/8bae885b-5f57-4fbb-9956-3ad8fa7e1898.jpg,308,24,0.015842449078988807,False,False,"[24, 478, 227, 264, 119]"
val/05770_Plantae_Marchantiophyta_Marchantiopsida_Lunulariales_Lunulariaceae_Lunularia_cruciata/a9e8ee26-0e61-4acb-a887-88151f7f3158.jpg,308,255,0.016040505975623988,False,False,"[255, 101, 260, 16, 393]"
val/05770_Plantae_Marchantiophyta_Marchantiopsida_Lunulariales_Lunulariaceae_Lunularia_cruciata/ac08e59a-cf76-4a4c-b050-564f8895f427.jpg,308,479,0.009927937780417315,False,False,"[479, 10, 408, 452, 439]"
val/05770_Plantae_Marchantiophyta_Marchantiopsida_Lunulariales_Lunulariaceae_Lunularia_cruciata/ccd1d2f7-9c07-4f8d-8166-ef5e800463c2.jpg,308,370,0.01364440187844923,False,False,"[370, 359, 439, 379, 487]"
val/05770_Plantae_Marchantiophyta_Marchantiopsida_Lunulariales_Lunulariaceae_Lunularia_cruciata/f1224dbf-ae71-4af8-8e05-199a3c606252.jpg,308,379,0.017523179148639538,False,False,"[379, 363, 403, 16, 489]"
val/05823_Plantae_Tracheophyta_Liliopsida_Arecales_Arecaceae_Chamaerops_humilis/1c786601-cbcd-4ba5-a552-3e5afec8a0cd.jpg,309,253,0.022307375655636362,False,False,"[253, 327, 453, 38, 425]"
val/05823_Plantae_Tracheophyta_Liliopsida_Arecales_Arecaceae_Chamaerops_humilis/4fdc9492-673d-4c1f-a2b3-434e0febc275.jpg,309,321,0.015468368757697823,False,False,"[321, 98, 410, 480, 348]"
val/05823_Plantae_Tracheophyta_Liliopsida_Arecales_Arecaceae_Chamaerops_humilis/50203192-e9a1-4639-bec5-206f52e858ff.jpg,309,329,0.016933701761509334,False,False,"[329, 387, 492, 164, 406]"
val/05823_Plantae_Tracheophyta_Liliopsida_Arecales_Arecaceae_Chamaerops_humilis/58386f1a-5bef-4d6e-93a1-60e8501112d7.jpg,309,229,0.010053012871808539,False,False,"[229, 124, 115, 213, 3]"
val/05823_Plantae_Tracheophyta_Liliopsida_Arecales_Arecaceae_Chamaerops_humilis/78679e94-c092-44b3-8405-e1d9565e9e0f.jpg,309,327,0.011559979330098644,False,False,"[327, 334, 234, 496, 412]"
val/05823_Plantae_Tracheophyta_Liliopsida_Arecales_Arecaceae_Chamaerops_humilis/8d586174-193b-4ec8-acec-7404250a53c5.jpg,309,77,0.015552365861367953,False,False,"[77, 101, 67, 1, 388]"
val/05823_Plantae_Tracheophyta_Liliopsida_Arecales_Arecaceae_Chamaerops_humilis/94adb9b6-f8bd-4e55-8594-dcc2770ae980.jpg,309,144,0.0165654588882039,False,False,"[144, 405, 308, 392, 420]"
val/05823_Plantae_Tracheophyta_Liliopsida_Arecales_Arecaceae_Chamaerops_humilis/a63a1f04-2895-4ed1-9f63-01b69486cc96.jpg,309,309,0.018420275115402663,True,True,"[309, 329, 334, 164, 78]"
val/05823_Plantae_Tracheophyta_Liliopsida_Arecales_Arecaceae_Chamaerops_humilis/e2567230-7805-4e20-8dce-673f5e7bbd49.jpg,309,48,0.008979287268802648,False,False,"[48, 455, 277, 344, 402]"
val/05823_Plantae_Tracheophyta_Liliopsida_Arecales_Arecaceae_Chamaerops_humilis/ee5dd6b3-9023-40dd-b7d6-b458c601c55a.jpg,309,197,0.022447726826628833,False,False,"[197, 119, 334, 57, 125]"
val/05855_Plantae_Tracheophyta_Liliopsida_Asparagales_Amaryllidaceae_Haemanthus_sanguineus/0288c784-c38d-498a-a15a-d8ff27f6d62d.jpg,310,323,0.01553822684026056,False,False,"[323, 329, 315, 216, 356]"
val/05855_Plantae_Tracheophyta_Liliopsida_Asparagales_Amaryllidaceae_Haemanthus_sanguineus/0d9dd3b5-be64-4a9b-8284-3451faf54a6a.jpg,310,442,0.014797764033500659,False,False,"[442, 265, 306, 426, 330]"
val/05855_Plantae_Tracheophyta_Liliopsida_Asparagales_Amaryllidaceae_Haemanthus_sanguineus/1c6058ff-c192-4586-b1e7-c2549368562e.jpg,310,363,0.00998867902452198,False,False,"[363, 329, 306, 314, 476]"
val/05855_Plantae_Tracheophyta_Liliopsida_Asparagales_Amaryllidaceae_Haemanthus_sanguineus/212d22bd-8b8d-4b49-a0af-05f85a41e44c.jpg,310,136,0.01538625158886477,False,False,"[136, 23, 236, 142, 231]"
val/05855_Plantae_Tracheophyta_Liliopsida_Asparagales_Amaryllidaceae_Haemanthus_sanguineus/2968d9a7-56a5-4dd1-b0bb-7f6f110187eb.jpg,310,438,0.010905136599350574,False,False,"[438, 338, 463, 347, 415]"
val/05855_Plantae_Tracheophyta_Liliopsida_Asparagales_Amaryllidaceae_Haemanthus_sanguineus/29b56f2e-97f7-48af-a6bb-9114f6e8ba8f.jpg,310,279,0.021940363188674532,False,False,"[279, 464, 499, 497, 494]"
val/05855_Plantae_Tracheophyta_Liliopsida_Asparagales_Amaryllidaceae_Haemanthus_sanguineus/657a89a1-2121-4875-9823-08eb19e57137.jpg,310,314,0.016031343201937647,False,False,"[314, 419, 370, 37, 308]"
val/05855_Plantae_Tracheophyta_Liliopsida_Asparagales_Amaryllidaceae_Haemanthus_sanguineus/752eae9f-90ad-4445-afba-5220f1ba6801.jpg,310,289,0.008589794044871051,False,False,"[289, 117, 51, 422, 201]"
val/05855_Plantae_Tracheophyta_Liliopsida_Asparagales_Amaryllidaceae_Haemanthus_sanguineus/8b80ff01-0ff4-4942-baf4-8d142bba950a.jpg,310,332,0.0092872266656015,False,False,"[332, 1, 468, 371, 370]"
val/05855_Plantae_Tracheophyta_Liliopsida_Asparagales_Amaryllidaceae_Haemanthus_sanguineus/d1116b4c-8d49-4a6d-9469-746336db70ab.jpg,310,499,0.010060739866235902,False,False,"[499, 277, 141, 94, 450]"
val/05883_Plantae_Tracheophyta_Liliopsida_Asparagales_Asparagaceae_Bloomeria_crocea/14e5e879-21dc-46c0-bb96-2a306f3e9fc4.jpg,311,402,0.013215453468014693,False,False,"[402, 417, 420, 359, 37]"
val/05883_Plantae_Tracheophyta_Liliopsida_Asparagales_Asparagaceae_Bloomeria_crocea/1d75f6cc-239e-4adf-8c07-a553ef66437a.jpg,311,311,0.014400385967082008,True,True,"[311, 318, 407, 369, 491]"
val/05883_Plantae_Tracheophyta_Liliopsida_Asparagales_Asparagaceae_Bloomeria_crocea/30bd0d51-e345-41b2-90d6-487cb0026d92.jpg,311,305,0.013768908071870601,False,False,"[305, 498, 426, 306, 483]"
val/05883_Plantae_Tracheophyta_Liliopsida_Asparagales_Asparagaceae_Bloomeria_crocea/366c6a31-bbee-4914-a686-adc9c67eb6ef.jpg,311,317,0.01663014542383017,False,True,"[317, 125, 311, 369, 318]"
val/05883_Plantae_Tracheophyta_Liliopsida_Asparagales_Asparagaceae_Bloomeria_crocea/460af55f-faa5-47b4-8a24-3f0c14e96a7e.jpg,311,382,0.0288230741238066,False,False,"[382, 450, 372, 364, 362]"
val/05883_Plantae_Tracheophyta_Liliopsida_Asparagales_Asparagaceae_Bloomeria_crocea/89f6fc48-0f07-494e-b5ef-ba4d73ba39c6.jpg,311,50,0.010221439866023327,False,False,"[50, 51, 90, 283, 287]"
val/05883_Plantae_Tracheophyta_Liliopsida_Asparagales_Asparagaceae_Bloomeria_crocea/a5547ca1-aa90-4a9e-b9cd-b96392c39e84.jpg,311,333,0.011837956889530243,False,False,"[333, 313, 306, 131, 305]"
val/05883_Plantae_Tracheophyta_Liliopsida_Asparagales_Asparagaceae_Bloomeria_crocea/b16d43d2-d334-48cb-9eff-3118b7a8a16e.jpg,311,222,0.01520982715416188,False,False,"[222, 489, 349, 317, 387]"
val/05883_Plantae_Tracheophyta_Liliopsida_Asparagales_Asparagaceae_Bloomeria_crocea/b393fc35-b5b2-4008-935a-cca9463d5b91.jpg,311,315,0.01023524245970508,False,False,"[315, 326, 499, 399, 339]"
val/05883_Plantae_Tracheophyta_Liliopsida_Asparagales_Asparagaceae_Bloomeria_crocea/e34c5334-5a0a-4e07-bc08-b13633a299c6.jpg,311,122,0.009685263817287168,False,False,"[122, 211, 232, 255, 234]"
val/05920_Plantae_Tracheophyta_Liliopsida_Asparagales_Asparagaceae_Polygonatum_biflorum/2d8e10b4-eb19-44df-ab53-678cf9ecc856.jpg,312,315,0.009307167262943767,False,False,"[315, 393, 102, 151, 457]"
val/05920_Plantae_Tracheophyta_Liliopsida_Asparagales_Asparagaceae_Polygonatum_biflorum/4474f0a5-550f-4649-a966-00198517bbdd.jpg,312,70,0.008885718519443185,False,False,"[70, 129, 169, 462, 257]"
val/05920_Plantae_Tracheophyta_Liliopsida_Asparagales_Asparagaceae_Polygonatum_biflorum/4a7b0d8a-da2e-4390-a99f-c483f3a0f769.jpg,312,444,0.009011803981079253,False,False,"[444, 221, 60, 323, 301]"
val/05920_Plantae_Tracheophyta_Liliopsida_Asparagales_Asparagaceae_Polygonatum_biflorum/52d354f2-4dcb-4d34-b426-343cefb8140f.jpg,312,0,0.014293316564868735,False,False,"[0, 4, 83, 231, 236]"
val/05920_Plantae_Tracheophyta_Liliopsida_Asparagales_Asparagaceae_Polygonatum_biflorum/63ee264e-31ec-4ff8-a10e-cc75a0894836.jpg,312,188,0.010686158789128418,False,False,"[188, 154, 103, 488, 255]"
val/05920_Plantae_Tracheophyta_Liliopsida_Asparagales_Asparagaceae_Polygonatum_biflorum/6e4ef123-6e53-4504-8761-4d94784c63e1.jpg,312,295,0.009978711774315032,False,False,"[295, 32, 168, 207, 188]"
val/05920_Plantae_Tracheophyta_Liliopsida_Asparagales_Asparagaceae_Polygonatum_biflorum/85292330-d870-4d18-bde3-9892ad57785e.jpg,312,423,0.009552329473693968,False,False,"[423, 391, 98, 410, 427]"
val/05920_Plantae_Tracheophyta_Liliopsida_Asparagales_Asparagaceae_Polygonatum_biflorum/d6eba511-546c-426d-902f-c5f29bd16ce6.jpg,312,384,0.009690994351166719,False,False,"[384, 200, 286, 364, 372]"
val/05920_Plantae_Tracheophyta_Liliopsida_Asparagales_Asparagaceae_Polygonatum_biflorum/e5e4a30e-8a13-4751-a37b-1976c7764fec.jpg,312,367,0.009508225213587969,False,False,"[367, 408, 129, 96, 203]"
val/05920_Plantae_Tracheophyta_Liliopsida_Asparagales_Asparagaceae_Polygonatum_biflorum/ec137377-b8f7-45b1-bf32-4147bf70327a.jpg,312,399,0.009533303738479671,False,False,"[399, 370, 390, 482, 487]"
val/05962_Plantae_Tracheophyta_Liliopsida_Asparagales_Iridaceae_Crocus_vernus/1863ef6c-98fa-4113-a23d-2ad2831b8c7c.jpg,313,359,0.015841703243712722,False,False,"[359, 480, 354, 413, 341]"
val/05962_Plantae_Tracheophyta_Liliopsida_Asparagales_Iridaceae_Crocus_vernus/1b1d55cb-6c76-456b-b5e1-ccf4a83c1ef2.jpg,313,490,0.009856692075546705,False,False,"[490, 466, 365, 412, 351]"
val/05962_Plantae_Tracheophyta_Liliopsida_Asparagales_Iridaceae_Crocus_vernus/8030683a-60a6-4397-aeb8-0043aa009c77.jpg,313,8,0.009210653671610794,False,False,"[8, 10, 238, 397, 464]"
val/05962_Plantae_Tracheophyta_Liliopsida_Asparagales_Iridaceae_Crocus_vernus/91b07b98-0d5d-41b4-947f-9e8dd28aaf08.jpg,313,305,0.00468020313438399,False,False,"[305, 369, 449, 353, 455]"
val/05962_Plantae_Tracheophyta_Liliopsida_Asparagales_Iridaceae_Crocus_vernus/a3d4d106-185c-4d62-b9d0-5c2811bcf0cd.jpg,313,314,0.013056340216383968,False,False,"[314, 318, 431, 331, 418]"
val/05962_Plantae_Tracheophyta_Liliopsida_Asparagales_Iridaceae_Crocus_vernus/aca62f2f-b1d5-4e59-81f7-458b87385f79.jpg,313,80,0.008836826177001163,False,False,"[80, 283, 382, 301, 464]"
val/05962_Plantae_Tracheophyta_Liliopsida_Asparagales_Iridaceae_Crocus_vernus/b3464385-f003-40a8-a186-965d1519aa6b.jpg,313,323,0.011700805349680985,False,False,"[323, 394, 255, 413, 340]"
val/05962_Plantae_Tracheophyta_Liliopsida_Asparagales_Iridaceae_Crocus_vernus/c0bb0131-9313-4d9e-bfc3-81fff6d15b85.jpg,313,325,0.01578364928710943,False,False,"[325, 321, 335, 16, 415]"
val/05962_Plantae_Tracheophyta_Liliopsida_Asparagales_Iridaceae_Crocus_vernus/cd786dbf-8547-4c2d-9a17-1e69303bcc53.jpg,313,327,0.011484924683803181,False,False,"[327, 418, 112, 374, 320]"
val/05962_Plantae_Tracheophyta_Liliopsida_Asparagales_Iridaceae_Crocus_vernus/f2b7e8a2-ff7d-421c-9c5a-b201fe4d305a.jpg,313,414,0.00971137173086753,False,False,"[414, 487, 60, 223, 84]"
val/05972_Plantae_Tracheophyta_Liliopsida_Asparagales_Iridaceae_Iris_ruthenica/2be48d94-693c-4a8f-929f-533671d20543.jpg,314,329,0.02493451290084631,False,False,"[329, 394, 327, 334, 387]"
val/05972_Plantae_Tracheophyta_Liliopsida_Asparagales_Iridaceae_Iris_ruthenica/2ddd9b64-660e-4063-a4da-381bf5b03fd6.jpg,314,50,0.010768379154106207,False,False,"[50, 23, 371, 114, 155]"
val/05972_Plantae_Tracheophyta_Liliopsida_Asparagales_Iridaceae_Iris_ruthenica/59f18967-1c9d-4e1d-a856-7e41b595357d.jpg,314,305,0.013131006087780292,False,False,"[305, 313, 455, 372, 299]"
val/05972_Plantae_Tracheophyta_Liliopsida_Asparagales_Iridaceae_Iris_ruthenica/5d88987e-2a5e-4ed8-a222-24c53d35f285.jpg,314,327,0.015522905928077212,False,False,"[327, 426, 455, 233, 261]"
val/05972_Plantae_Tracheophyta_Liliopsida_Asparagales_Iridaceae_Iris_ruthenica/bc59bbd9-4268-469c-9cb9-d1f80714dc9f.jpg,314,498,0.011422924400105212,False,False,"[498, 331, 383, 431, 332]"
val/05972_Plantae_Tracheophyta_Liliopsida_Asparagales_Iridaceae_Iris_ruthenica/d775d8b5-7dd8-4ce6-a50a-8197b52f3cbb.jpg,314,50,0.00912165483652103,False,False,"[50, 72, 310, 272, 312]"
val/05972_Plantae_Tracheophyta_Liliopsida_Asparagales_Iridaceae_Iris_ruthenica/e48af8aa-ce1e-4a73-9d75-643e924df91d.jpg,314,402,0.013388660719668275,False,False,"[402, 433, 401, 324, 32]"
val/05972_Plantae_Tracheophyta_Liliopsida_Asparagales_Iridaceae_Iris_ruthenica/f22ab7d8-0890-4402-817a-dc0f260b8068.jpg,314,329,0.03392185261982004,False,False,"[329, 306, 109, 356, 467]"
val/05972_Plantae_Tracheophyta_Liliopsida_Asparagales_Iridaceae_Iris_ruthenica/f4a48f46-4b7e-4479-878a-092ad49ebab3.jpg,314,455,0.017710649091496545,False,False,"[455, 251, 491, 495, 343]"
val/05972_Plantae_Tracheophyta_Liliopsida_Asparagales_Iridaceae_Iris_ruthenica/f84efd29-cc95-48a4-8d77-c2dc55995664.jpg,314,325,0.016362757207065173,False,True,"[325, 314, 453, 476, 431]"
val/05982_Plantae_Tracheophyta_Liliopsida_Asparagales_Iridaceae_Olsynium_douglasii/00f775f4-1231-4c0d-aa3a-dc9b7819c43f.jpg,315,475,0.01332850800528803,False,False,"[475, 137, 387, 260, 455]"
val/05982_Plantae_Tracheophyta_Liliopsida_Asparagales_Iridaceae_Olsynium_douglasii/030046ea-5095-4bd8-a571-517f6a8f7361.jpg,315,163,0.016297176836696955,False,False,"[163, 229, 55, 139, 137]"
val/05982_Plantae_Tracheophyta_Liliopsida_Asparagales_Iridaceae_Olsynium_douglasii/145686cb-5f27-4dcb-bbd1-8dd80e61880d.jpg,315,349,0.010823153674710791,False,False,"[349, 359, 470, 474, 296]"
val/05982_Plantae_Tracheophyta_Liliopsida_Asparagales_Iridaceae_Olsynium_douglasii/73c28054-a093-41d6-8ea4-9c31f1f8e97e.jpg,315,496,0.00995151243754184,False,False,"[496, 331, 376, 149, 464]"
val/05982_Plantae_Tracheophyta_Liliopsida_Asparagales_Iridaceae_Olsynium_douglasii/7c2b9663-016c-42ea-98b4-83abe06381bd.jpg,315,314,0.01234815829379738,False,False,"[314, 420, 330, 368, 410]"
val/05982_Plantae_Tracheophyta_Liliopsida_Asparagales_Iridaceae_Olsynium_douglasii/a3324007-b01f-4d8b-9b0e-a5502ac0e1f4.jpg,315,419,0.014625863459913188,False,False,"[419, 387, 418, 489, 475]"
val/05982_Plantae_Tracheophyta_Liliopsida_Asparagales_Iridaceae_Olsynium_douglasii/bfab5d07-906e-4286-bcdd-0dbf12868652.jpg,315,233,0.01554356458280355,False,False,"[233, 329, 334, 332, 165]"
val/05982_Plantae_Tracheophyta_Liliopsida_Asparagales_Iridaceae_Olsynium_douglasii/c74ed884-3ff0-450a-a0ed-b5cb1cc2857e.jpg,315,334,0.009945457933962204,False,False,"[334, 202, 446, 199, 314]"
val/05982_Plantae_Tracheophyta_Liliopsida_Asparagales_Iridaceae_Olsynium_douglasii/d67f1b27-a16d-44fb-a82a-52111ffc66df.jpg,315,216,0.032593174139024066,False,False,"[216, 334, 314, 327, 234]"
val/05982_Plantae_Tracheophyta_Liliopsida_Asparagales_Iridaceae_Olsynium_douglasii/fd40c458-c01c-4cf9-a032-eb65e2511724.jpg,315,364,0.015897422395120892,False,False,"[364, 311, 369, 290, 363]"
val/06001_Plantae_Tracheophyta_Liliopsida_Asparagales_Orchidaceae_Calypso_bulbosa/16f3bf21-97f7-4b49-a4d9-540090e41580.jpg,316,144,0.008516061062340452,False,False,"[144, 166, 188, 129, 323]"
val/06001_Plantae_Tracheophyta_Liliopsida_Asparagales_Orchidaceae_Calypso_bulbosa/1ec916e1-7ebb-4beb-8af4-ee15816220d9.jpg,316,297,0.010571947223868918,False,False,"[297, 399, 310, 324, 357]"
val/06001_Plantae_Tracheophyta_Liliopsida_Asparagales_Orchidaceae_Calypso_bulbosa/633bc039-690f-4ff5-962a-2f45b3504515.jpg,316,293,0.010008465027962534,False,False,"[293, 294, 303, 497, 295]"
val/06001_Plantae_Tracheophyta_Liliopsida_Asparagales_Orchidaceae_Calypso_bulbosa/7187fb25-cc06-4325-8b39-1f4bf57618fc.jpg,316,125,0.016116537983804843,False,False,"[125, 242, 496, 241, 247]"
val/06001_Plantae_Tracheophyta_Liliopsida_Asparagales_Orchidaceae_Calypso_bulbosa/84468c4d-a0ea-4e6b-8241-496fcba99616.jpg,316,452,0.009072250517588183,False,False,"[452, 139, 294, 297, 295]"
val/06001_Plantae_Tracheophyta_Liliopsida_Asparagales_Orchidaceae_Calypso_bulbosa/95247a1d-6b6a-4ad2-bb32-d6b1b1903539.jpg,316,283,0.009257592271179779,False,False,"[283, 426, 28, 323, 393]"
val/06001_Plantae_Tracheophyta_Liliopsida_Asparagales_Orchidaceae_Calypso_bulbosa/a2115c2d-7104-480a-aa7a-b57ef8166c9f.jpg,316,76,0.018189802054130833,False,False,"[76, 26, 64, 252, 182]"
val/06001_Plantae_Tracheophyta_Liliopsida_Asparagales_Orchidaceae_Calypso_bulbosa/bcf7fc58-5ccc-4511-ab2d-762cf5634c5f.jpg,316,173,0.009690006170705897,False,False,"[173, 324, 273, 38, 458]"
val/06001_Plantae_Tracheophyta_Liliopsida_Asparagales_Orchidaceae_Calypso_bulbosa/bdf8791a-67c3-4526-be61-085c3d093edf.jpg,316,420,0.010181779777613413,False,False,"[420, 372, 365, 470, 462]"
val/06001_Plantae_Tracheophyta_Liliopsida_Asparagales_Orchidaceae_Calypso_bulbosa/cb9430a4-bac2-4568-bc3d-4b377996b392.jpg,316,190,0.014602031475155727,False,False,"[190, 374, 322, 408, 245]"
val/06023_Plantae_Tracheophyta_Liliopsida_Asparagales_Orchidaceae_Dactylorhiza_viridis/002d3ea0-2883-4724-940b-323f84378f67.jpg,317,264,0.02162422507438865,False,False,"[264, 421, 440, 413, 471]"
val/06023_Plantae_Tracheophyta_Liliopsida_Asparagales_Orchidaceae_Dactylorhiza_viridis/1df52e56-be1f-4b13-948a-f2077c4ff396.jpg,317,456,0.009509324076146448,False,False,"[456, 419, 173, 375, 295]"
val/06023_Plantae_Tracheophyta_Liliopsida_Asparagales_Orchidaceae_Dactylorhiza_viridis/21fa9040-986d-4b95-9314-2b5f6d22bff2.jpg,317,136,0.015345203105605073,False,False,"[136, 306, 305, 314, 311]"
val/06023_Plantae_Tracheophyta_Liliopsida_Asparagales_Orchidaceae_Dactylorhiza_viridis/84414d81-4111-4532-814e-29db443001a4.jpg,317,77,0.015238001302700654,False,False,"[77, 380, 462, 445, 294]"
val/06023_Plantae_Tracheophyta_Liliopsida_Asparagales_Orchidaceae_Dactylorhiza_viridis/a4d62f9d-e99a-4703-89ea-77c94b3ff80e.jpg,317,297,0.010947725649032798,False,False,"[297, 316, 426, 332, 362]"
val/06023_Plantae_Tracheophyta_Liliopsida_Asparagales_Orchidaceae_Dactylorhiza_viridis/a6315b5a-2fe1-454f-a42f-38b7535c3835.jpg,317,37,0.012603893103410924,False,False,"[37, 376, 353, 482, 485]"
val/06023_Plantae_Tracheophyta_Liliopsida_Asparagales_Orchidaceae_Dactylorhiza_viridis/a89d9f10-58bd-4cd1-990e-7a51fa1990db.jpg,317,363,0.00976377594137229,False,False,"[363, 100, 367, 298, 358]"
val/06023_Plantae_Tracheophyta_Liliopsida_Asparagales_Orchidaceae_Dactylorhiza_viridis/bc25917a-4794-4dfc-a2d7-87ef7c451d15.jpg,317,469,0.0105252995246154,False,False,"[469, 443, 344, 434, 89]"
val/06023_Plantae_Tracheophyta_Liliopsida_Asparagales_Orchidaceae_Dactylorhiza_viridis/ef205ee6-d755-49f4-864e-2d52a8fbf06a.jpg,317,459,0.01589288013530961,False,False,"[459, 160, 480, 306, 401]"
val/06023_Plantae_Tracheophyta_Liliopsida_Asparagales_Orchidaceae_Dactylorhiza_viridis/f7dca1c3-bec9-4456-be44-0b0d94a6a8d1.jpg,317,175,0.01549958155592331,False,False,"[175, 257, 154, 234, 324]"
val/06052_Plantae_Tracheophyta_Liliopsida_Asparagales_Orchidaceae_Neotinea_ustulata/03684b13-cb1e-4223-9485-ac931737a5ea.jpg,318,328,0.041215041705178694,False,False,"[328, 284, 140, 27, 321]"
val/06052_Plantae_Tracheophyta_Liliopsida_Asparagales_Orchidaceae_Neotinea_ustulata/14ed8851-1c83-49d6-8c5a-3dcd2a705943.jpg,318,297,0.010325716998876203,False,False,"[297, 457, 350, 146, 340]"
val/06052_Plantae_Tracheophyta_Liliopsida_Asparagales_Orchidaceae_Neotinea_ustulata/16b3d900-cd2a-47c4-9589-ecea85b53c5b.jpg,318,125,0.016215914942652714,False,False,"[125, 356, 303, 499, 397]"
val/06052_Plantae_Tracheophyta_Liliopsida_Asparagales_Orchidaceae_Neotinea_ustulata/41dd7e12-6894-4381-ac1d-cd4c113ff123.jpg,318,478,0.009500253763724542,False,False,"[478, 288, 45, 157, 455]"
val/06052_Plantae_Tracheophyta_Liliopsida_Asparagales_Orchidaceae_Neotinea_ustulata/4411d856-c8d3-4126-85a3-4f1e1a067b33.jpg,318,306,0.01232865361580715,False,False,"[306, 453, 426, 315, 425]"
val/06052_Plantae_Tracheophyta_Liliopsida_Asparagales_Orchidaceae_Neotinea_ustulata/4de34623-396a-4452-993e-72d0d276797a.jpg,318,369,0.017882801224039718,False,False,"[369, 313, 331, 315, 372]"
val/06052_Plantae_Tracheophyta_Liliopsida_Asparagales_Orchidaceae_Neotinea_ustulata/938e9dc9-3999-4bca-826e-6561a3c80464.jpg,318,306,0.01479582780723711,False,False,"[306, 317, 325, 487, 377]"
val/06052_Plantae_Tracheophyta_Liliopsida_Asparagales_Orchidaceae_Neotinea_ustulata/bc8072b4-8efd-4d52-8556-6b509889bb12.jpg,318,324,0.010024549119159518,False,False,"[324, 426, 396, 387, 27]"
val/06052_Plantae_Tracheophyta_Liliopsida_Asparagales_Orchidaceae_Neotinea_ustulata/de974cc4-67cd-4e26-b953-6de767454035.jpg,318,461,0.009593090397273367,False,False,"[461, 321, 219, 230, 164]"
val/06052_Plantae_Tracheophyta_Liliopsida_Asparagales_Orchidaceae_Neotinea_ustulata/fc591faa-ebc0-458a-957c-5b5dc0dd6bf2.jpg,318,407,0.011741080386169767,False,False,"[407, 418, 481, 326, 373]"
val/06063_Plantae_Tracheophyta_Liliopsida_Asparagales_Orchidaceae_Ophrys_sphegodes/0055fc86-530d-4771-ae6a-5df3543df1b3.jpg,319,307,0.010716431864637907,False,False,"[307, 417, 375, 447, 149]"
val/06063_Plantae_Tracheophyta_Liliopsida_Asparagales_Orchidaceae_Ophrys_sphegodes/06c2d8c8-281a-4cf7-910b-209060f2dbc9.jpg,319,311,0.02403588869410434,False,False,"[311, 306, 42, 318, 353]"
val/06063_Plantae_Tracheophyta_Liliopsida_Asparagales_Orchidaceae_Ophrys_sphegodes/107c5a27-4b84-43e7-beb4-3beca46602dc.jpg,319,272,0.009717636406233085,False,False,"[272, 492, 473, 72, 3]"
val/06063_Plantae_Tracheophyta_Liliopsida_Asparagales_Orchidaceae_Ophrys_sphegodes/20a84177-73e5-4fab-946b-8303dc28bc59.jpg,319,215,0.008866547344595082,False,False,"[215, 427, 380, 405, 486]"
val/06063_Plantae_Tracheophyta_Liliopsida_Asparagales_Orchidaceae_Ophrys_sphegodes/26e4ddb6-cfe7-4b15-8bd9-80e027b0963a.jpg,319,469,0.010192252399236556,False,False,"[469, 473, 476, 457, 491]"
val/06063_Plantae_Tracheophyta_Liliopsida_Asparagales_Orchidaceae_Ophrys_sphegodes/28b33748-c66d-4cf9-8ba0-e33b897dd1b0.jpg,319,469,0.011302433383112933,False,True,"[469, 376, 467, 316, 319]"
val/06063_Plantae_Tracheophyta_Liliopsida_Asparagales_Orchidaceae_Ophrys_sphegodes/355830fd-8991-4829-96ac-38c2c4914548.jpg,319,78,0.009572126460152383,False,False,"[78, 183, 197, 136, 413]"
val/06063_Plantae_Tracheophyta_Liliopsida_Asparagales_Orchidaceae_Ophrys_sphegodes/76e58d7b-e7f7-478d-b07a-ae9dd9716195.jpg,319,140,0.041822697331460344,False,False,"[140, 459, 187, 175, 116]"
val/06063_Plantae_Tracheophyta_Liliopsida_Asparagales_Orchidaceae_Ophrys_sphegodes/7c789a7c-51ae-41a2-a620-9d7e2598f090.jpg,319,373,0.015097868064097898,False,False,"[373, 152, 71, 285, 141]"
val/06063_Plantae_Tracheophyta_Liliopsida_Asparagales_Orchidaceae_Ophrys_sphegodes/8a25646b-4ec1-44c4-9767-405365ec1cc2.jpg,319,305,0.016607860957221728,False,False,"[305, 429, 418, 412, 372]"
val/06075_Plantae_Tracheophyta_Liliopsida_Asparagales_Orchidaceae_Platanthera_clavellata/1ebead0c-30e6-4d21-80fe-021d96a8447a.jpg,320,329,0.015505823469442645,False,False,"[329, 440, 30, 105, 426]"
val/06075_Plantae_Tracheophyta_Liliopsida_Asparagales_Orchidaceae_Platanthera_clavellata/558b0aac-c0a1-4f73-b242-89ffb0667353.jpg,320,424,0.009249080608429272,False,False,"[424, 407, 388, 334, 438]"
val/06075_Plantae_Tracheophyta_Liliopsida_Asparagales_Orchidaceae_Platanthera_clavellata/74e4c432-00a5-408d-9138-1b01df12341d.jpg,320,311,0.011315544342760756,False,False,"[311, 443, 425, 79, 483]"
val/06075_Plantae_Tracheophyta_Liliopsida_Asparagales_Orchidaceae_Platanthera_clavellata/95021f30-c797-408b-9738-91e74c74c7c7.jpg,320,398,0.009962071534206095,False,False,"[398, 293, 451, 391, 255]"
val/06075_Plantae_Tracheophyta_Liliopsida_Asparagales_Orchidaceae_Platanthera_clavellata/9e611944-c522-4faa-9062-80bf5c3d470a.jpg,320,315,0.015934568403865222,False,False,"[315, 387, 381, 36, 70]"
val/06075_Plantae_Tracheophyta_Liliopsida_Asparagales_Orchidaceae_Platanthera_clavellata/a6abea5f-ca24-47b3-944f-1db3b74a103f.jpg,320,407,0.010774435347679773,False,False,"[407, 170, 379, 401, 403]"
val/06075_Plantae_Tracheophyta_Liliopsida_Asparagales_Orchidaceae_Platanthera_clavellata/b2b745b2-caa5-4fe7-9ef2-6f59b65eb6f7.jpg,320,327,0.01363734937157507,False,False,"[327, 311, 431, 331, 418]"
val/06075_Plantae_Tracheophyta_Liliopsida_Asparagales_Orchidaceae_Platanthera_clavellata/bd709492-42dd-4256-b4c6-9052a3dcc825.jpg,320,469,0.009838982108072259,False,False,"[469, 313, 336, 32, 292]"
val/06075_Plantae_Tracheophyta_Liliopsida_Asparagales_Orchidaceae_Platanthera_clavellata/db495f3b-af2c-4e93-881f-5f9063859235.jpg,320,217,0.009832523023668356,False,False,"[217, 219, 42, 187, 245]"
val/06075_Plantae_Tracheophyta_Liliopsida_Asparagales_Orchidaceae_Platanthera_clavellata/fe6385d2-5cbc-44a4-8437-7e85b074d1da.jpg,320,315,0.011051530295863895,False,False,"[315, 355, 370, 29, 197]"
val/06094_Plantae_Tracheophyta_Liliopsida_Asparagales_Orchidaceae_Spathoglottis_plicata/244eb978-46ee-4f29-bca4-a028a5380539.jpg,321,381,0.00922931659124015,False,False,"[381, 255, 414, 459, 213]"
val/06094_Plantae_Tracheophyta_Liliopsida_Asparagales_Orchidaceae_Spathoglottis_plicata/2a10f7d8-e18b-4288-be73-f21a9241f809.jpg,321,469,0.009898201349065154,False,False,"[469, 106, 1, 229, 475]"
val/06094_Plantae_Tracheophyta_Liliopsida_Asparagales_Orchidaceae_Spathoglottis_plicata/357ce59a-19e2-4c5b-8594-cc4c9ee8df12.jpg,321,413,0.015056786953540215,False,False,"[413, 362, 433, 394, 306]"
val/06094_Plantae_Tracheophyta_Liliopsida_Asparagales_Orchidaceae_Spathoglottis_plicata/644b92da-3219-4177-8aff-a263e42f4c5f.jpg,321,213,0.010803726845164579,False,True,"[213, 321, 84, 136, 54]"
val/06094_Plantae_Tracheophyta_Liliopsida_Asparagales_Orchidaceae_Spathoglottis_plicata/858e0481-ea7a-4224-a0dc-d6a6063e2839.jpg,321,133,0.009616678539990629,False,False,"[133, 151, 342, 248, 251]"
val/06094_Plantae_Tracheophyta_Liliopsida_Asparagales_Orchidaceae_Spathoglottis_plicata/9c0c7676-2552-4aeb-b200-7fdeea6b3ed1.jpg,321,426,0.009814382730456669,False,False,"[426, 412, 331, 489, 81]"
val/06094_Plantae_Tracheophyta_Liliopsida_Asparagales_Orchidaceae_Spathoglottis_plicata/cd4e8286-aadd-4df9-9bae-f66e56a7f02d.jpg,321,424,0.00914922226940692,False,False,"[424, 36, 228, 430, 468]"
val/06094_Plantae_Tracheophyta_Liliopsida_Asparagales_Orchidaceae_Spathoglottis_plicata/e20e9642-f85a-41ae-a8e5-c2d1a3da237b.jpg,321,273,0.00970495035651716,False,False,"[273, 416, 497, 430, 301]"
val/06094_Plantae_Tracheophyta_Liliopsida_Asparagales_Orchidaceae_Spathoglottis_plicata/fb5c48fa-6a2c-420a-9360-c33f30e0ca47.jpg,321,58,0.01769128792669072,False,False,"[58, 45, 59, 94, 237]"
val/06094_Plantae_Tracheophyta_Liliopsida_Asparagales_Orchidaceae_Spathoglottis_plicata/fdf97f63-0808-4b67-992c-592ee99f77a3.jpg,321,407,0.009828515381123153,False,False,"[407, 386, 489, 463, 436]"
val/06109_Plantae_Tracheophyta_Liliopsida_Commelinales_Commelinaceae_Tradescantia_fluminensis/1748019c-807b-4c73-9ac2-0f5b3c25c3a6.jpg,322,486,0.012357400926485606,False,False,"[486, 390, 344, 477, 77]"
val/06109_Plantae_Tracheophyta_Liliopsida_Commelinales_Commelinaceae_Tradescantia_fluminensis/4aaec0ba-c6b2-4970-b5a7-f1dd15e61fe6.jpg,322,66,0.014089228626638063,False,False,"[66, 148, 64, 47, 385]"
val/06109_Plantae_Tracheophyta_Liliopsida_Commelinales_Commelinaceae_Tradescantia_fluminensis/5f2bb41a-348b-413e-85f5-891b83a9b623.jpg,322,379,0.023435788599833675,False,False,"[379, 403, 343, 307, 397]"
val/06109_Plantae_Tracheophyta_Liliopsida_Commelinales_Commelinaceae_Tradescantia_fluminensis/7d18235e-2033-4a74-802c-37e3d8ccbbfe.jpg,322,488,0.0096886685610186,False,False,"[488, 445, 384, 434, 295]"
val/06109_Plantae_Tracheophyta_Liliopsida_Commelinales_Commelinaceae_Tradescantia_fluminensis/bcf5eece-4b4c-4218-81d6-300a304bfd4d.jpg,322,497,0.009519896503990405,False,False,"[497, 311, 383, 468, 496]"
val/06109_Plantae_Tracheophyta_Liliopsida_Commelinales_Commelinaceae_Tradescantia_fluminensis/c9ff59c2-9930-4d90-9b47-92baba8e3309.jpg,322,424,0.009379029569467068,False,False,"[424, 293, 325, 346, 81]"
val/06109_Plantae_Tracheophyta_Liliopsida_Commelinales_Commelinaceae_Tradescantia_fluminensis/d556a548-f216-4ea2-ba47-e3c2ea775833.jpg,322,451,0.009952234596591824,False,False,"[451, 323, 7, 380, 50]"
val/06109_Plantae_Tracheophyta_Liliopsida_Commelinales_Commelinaceae_Tradescantia_fluminensis/e4044c8b-28a9-4836-b12b-dfe8bc4bc092.jpg,322,418,0.01184690199402282,False,False,"[418, 387, 100, 335, 416]"
val/06109_Plantae_Tracheophyta_Liliopsida_Commelinales_Commelinaceae_Tradescantia_fluminensis/fa4cae27-4b6a-4639-98d3-2d7f452010de.jpg,322,357,0.015803791354063117,False,False,"[357, 399, 289, 312, 404]"
val/06109_Plantae_Tracheophyta_Liliopsida_Commelinales_Commelinaceae_Tradescantia_fluminensis/fb9984a2-b070-45b2-bebb-5561e13ff83d.jpg,322,295,0.010852266845017774,False,False,"[295, 106, 344, 265, 151]"
val/06132_Plantae_Tracheophyta_Liliopsida_Liliales_Liliaceae_Calochortus_argillosus/0ecac5bd-9b37-4494-9085-e866d0e3befe.jpg,323,457,0.04091331244809296,False,False,"[457, 300, 362, 282, 10]"
val/06132_Plantae_Tracheophyta_Liliopsida_Liliales_Liliaceae_Calochortus_argillosus/1b640a4c-8984-47c5-adf4-f982a08bcee2.jpg,323,30,0.010230213191374616,False,False,"[30, 389, 81, 104, 58]"
val/06132_Plantae_Tracheophyta_Liliopsida_Liliales_Liliaceae_Calochortus_argillosus/45ce92db-dfbc-4041-a1dd-edefab482458.jpg,323,324,0.010559294735154948,False,False,"[324, 412, 331, 290, 335]"
val/06132_Plantae_Tracheophyta_Liliopsida_Liliales_Liliaceae_Calochortus_argillosus/5240f661-9c5d-4d87-9ae7-d0fc77b2a2cc.jpg,323,293,0.010056435425335613,False,False,"[293, 458, 299, 27, 316]"
val/06132_Plantae_Tracheophyta_Liliopsida_Liliales_Liliaceae_Calochortus_argillosus/6679c407-67e9-46e7-9eae-b488bab1e742.jpg,323,153,0.010152039367172513,False,False,"[153, 134, 297, 406, 461]"
val/06132_Plantae_Tracheophyta_Liliopsida_Liliales_Liliaceae_Calochortus_argillosus/a2fe3f83-71b1-4d4d-9b54-b1ec1d5a6c4c.jpg,323,292,0.010802661243694799,False,False,"[292, 389, 403, 361, 352]"
val/06132_Plantae_Tracheophyta_Liliopsida_Liliales_Liliaceae_Calochortus_argillosus/c4eef701-29c1-4a95-99c6-e7945974b733.jpg,323,448,0.012264666662315842,False,False,"[448, 426, 168, 455, 313]"
val/06132_Plantae_Tracheophyta_Liliopsida_Liliales_Liliaceae_Calochortus_argillosus/d6714c20-907f-4bf2-8bc5-f1903076517d.jpg,323,201,0.009119456762316725,False,False,"[201, 45, 466, 61, 189]"
val/06132_Plantae_Tracheophyta_Liliopsida_Liliales_Liliaceae_Calochortus_argillosus/df028ed5-601d-49f2-b832-71635b806274.jpg,323,331,0.01510328485485528,False,False,"[331, 298, 303, 393, 367]"
val/06132_Plantae_Tracheophyta_Liliopsida_Liliales_Liliaceae_Calochortus_argillosus/e9bbd1b3-27aa-407e-9322-77b119ae3131.jpg,323,421,0.010330566696297217,False,False,"[421, 426, 378, 492, 301]"
val/06144_Plantae_Tracheophyta_Liliopsida_Liliales_Liliaceae_Calochortus_pulchellus/08117a8a-ca99-4ffc-8010-935015dfeb1a.jpg,324,56,0.016122441261341425,False,False,"[56, 239, 134, 287, 49]"
val/06144_Plantae_Tracheophyta_Liliopsida_Liliales_Liliaceae_Calochortus_pulchellus/2651c2d2-7ef6-4cda-b45b-57aefa209924.jpg,324,334,0.017141414431928254,False,False,"[334, 216, 309, 306, 234]"
val/06144_Plantae_Tracheophyta_Liliopsida_Liliales_Liliaceae_Calochortus_pulchellus/34e59f06-2e1f-46a8-9150-f71fb848d321.jpg,324,478,0.011225899484214813,False,False,"[478, 352, 245, 469, 423]"
val/06144_Plantae_Tracheophyta_Liliopsida_Liliales_Liliaceae_Calochortus_pulchellus/37023b43-cb05-4d37-a42c-58bd1678c00b.jpg,324,69,0.0224018257299058,False,False,"[69, 455, 256, 388, 327]"
val/06144_Plantae_Tracheophyta_Liliopsida_Liliales_Liliaceae_Calochortus_pulchellus/606cba14-d7ef-4775-97a3-fe4bc0a508ed.jpg,324,392,0.0108621219625689,False,False,"[392, 499, 367, 67, 496]"
val/06144_Plantae_Tracheophyta_Liliopsida_Liliales_Liliaceae_Calochortus_pulchellus/7ac2cb1f-9679-47fa-b3d7-08412c38e091.jpg,324,488,0.010495934068880705,False,False,"[488, 490, 484, 323, 39]"
val/06144_Plantae_Tracheophyta_Liliopsida_Liliales_Liliaceae_Calochortus_pulchellus/909e0655-3de2-4c74-b1f5-5f9fc61a9008.jpg,324,329,0.018879400723789075,False,False,"[329, 69, 125, 335, 197]"
val/06144_Plantae_Tracheophyta_Liliopsida_Liliales_Liliaceae_Calochortus_pulchellus/bba8b2ac-4cd0-452f-a600-148fbd9d82ef.jpg,324,455,0.009265594909646718,False,False,"[455, 69, 423, 320, 190]"
val/06144_Plantae_Tracheophyta_Liliopsida_Liliales_Liliaceae_Calochortus_pulchellus/d1f6915c-3820-4396-9895-e2341b1ef3c4.jpg,324,394,0.009863711049054489,False,False,"[394, 355, 393, 454, 312]"
val/06144_Plantae_Tracheophyta_Liliopsida_Liliales_Liliaceae_Calochortus_pulchellus/f476716c-2124-4fba-a4b1-bd72155cd8f9.jpg,324,372,0.016581719718844652,False,False,"[372, 454, 343, 419, 371]"
val/06161_Plantae_Tracheophyta_Liliopsida_Liliales_Liliaceae_Fritillaria_atropurpurea/082ea45c-350d-43e1-939f-66e028fd7080.jpg,325,440,0.015611308588551183,False,False,"[440, 275, 311, 407, 313]"
val/06161_Plantae_Tracheophyta_Liliopsida_Liliales_Liliaceae_Fritillaria_atropurpurea/16cd75f7-5f2c-42c9-8d5f-d04ccc68a7e8.jpg,325,249,0.008941990405796633,False,False,"[249, 464, 385, 238, 130]"
val/06161_Plantae_Tracheophyta_Liliopsida_Liliales_Liliaceae_Fritillaria_atropurpurea/74688b76-03c5-4006-93a0-0824b20becb9.jpg,325,97,0.01583199930756777,False,False,"[97, 317, 491, 358, 278]"
val/06161_Plantae_Tracheophyta_Liliopsida_Liliales_Liliaceae_Fritillaria_atropurpurea/74f3a63b-defa-4217-8e58-0872eeafc13b.jpg,325,314,0.013932588529824158,False,False,"[314, 418, 495, 444, 306]"
val/06161_Plantae_Tracheophyta_Liliopsida_Liliales_Liliaceae_Fritillaria_atropurpurea/81b7a221-37eb-4b6d-9b1c-ad4f13b30775.jpg,325,141,0.009487724081168764,False,False,"[141, 316, 232, 338, 392]"
val/06161_Plantae_Tracheophyta_Liliopsida_Liliales_Liliaceae_Fritillaria_atropurpurea/86638487-6aea-42be-b589-3c06bae35d1f.jpg,325,116,0.03557407472427686,False,False,"[116, 140, 213, 139, 152]"
val/06161_Plantae_Tracheophyta_Liliopsida_Liliales_Liliaceae_Fritillaria_atropurpurea/ab6d0e2e-3ed1-41c6-8bf4-8f3ffccd702f.jpg,325,294,0.009817889491309956,False,False,"[294, 213, 309, 134, 120]"
val/06161_Plantae_Tracheophyta_Liliopsida_Liliales_Liliaceae_Fritillaria_atropurpurea/c79317c7-4643-4970-9bef-3fcaeeac1ce3.jpg,325,305,0.01093444910704153,False,False,"[305, 349, 497, 409, 348]"
val/06161_Plantae_Tracheophyta_Liliopsida_Liliales_Liliaceae_Fritillaria_atropurpurea/ccb68afc-9b3e-4727-a85d-46494b96d6e0.jpg,325,328,0.01544483746056376,False,False,"[328, 454, 142, 163, 182]"
val/06161_Plantae_Tracheophyta_Liliopsida_Liliales_Liliaceae_Fritillaria_atropurpurea/d0b41a5e-784a-47d3-b066-4f09c065c82c.jpg,325,443,0.01226023075174272,False,False,"[443, 455, 460, 311, 371]"
val/06179_Plantae_Tracheophyta_Liliopsida_Liliales_Liliaceae_Lilium_superbum/02224387-24d7-4841-82ee-c4237b5af356.jpg,326,207,0.015978371681270743,False,False,"[207, 471, 351, 373, 346]"
val/06179_Plantae_Tracheophyta_Liliopsida_Liliales_Liliaceae_Lilium_superbum/1a01575c-cc0f-46d3-ae97-bedacb048138.jpg,326,329,0.010482095266429261,False,False,"[329, 455, 125, 412, 419]"
val/06179_Plantae_Tracheophyta_Liliopsida_Liliales_Liliaceae_Lilium_superbum/1ea71971-4eae-4fb7-a6a2-e7343ca11e46.jpg,326,457,0.01922111925431032,False,False,"[457, 460, 364, 478, 387]"
val/06179_Plantae_Tracheophyta_Liliopsida_Liliales_Liliaceae_Lilium_superbum/24997949-4ec2-4ed7-9ecf-5e56df745624.jpg,326,455,0.00890155573550528,False,False,"[455, 357, 309, 97, 358]"
val/06179_Plantae_Tracheophyta_Liliopsida_Liliales_Liliaceae_Lilium_superbum/39e72146-b1ad-4bb6-a38e-3ebd1ac1d177.jpg,326,481,0.009959102700957127,False,False,"[481, 310, 275, 405, 182]"
val/06179_Plantae_Tracheophyta_Liliopsida_Liliales_Liliaceae_Lilium_superbum/78ba8481-e91e-4d5b-811c-34f3388e83e1.jpg,326,347,0.011834014219550819,False,False,"[347, 452, 54, 499, 98]"
val/06179_Plantae_Tracheophyta_Liliopsida_Liliales_Liliaceae_Lilium_superbum/8129d8e8-e86b-4938-bd32-d0c3166d296f.jpg,326,318,0.010646217569080699,False,False,"[318, 431, 426, 437, 408]"
val/06179_Plantae_Tracheophyta_Liliopsida_Liliales_Liliaceae_Lilium_superbum/ad70b493-5c87-455f-b77b-5ef8bce050d2.jpg,326,344,0.012113277274539461,False,False,"[344, 477, 280, 476, 332]"
val/06179_Plantae_Tracheophyta_Liliopsida_Liliales_Liliaceae_Lilium_superbum/ba3fed64-0522-4fb8-87f4-91fb8a8d0324.jpg,326,128,0.009210890038740331,False,False,"[128, 91, 166, 147, 216]"
val/06179_Plantae_Tracheophyta_Liliopsida_Liliales_Liliaceae_Lilium_superbum/bbefe3a2-8fe5-4349-a428-56dfd2b04ac6.jpg,326,233,0.009373680129036773,False,False,"[233, 99, 96, 210, 161]"
val/06237_Plantae_Tracheophyta_Liliopsida_Poales_Cyperaceae_Carex_crinita/198dcc88-bc16-463e-ac8c-6dbe17d77fff.jpg,327,259,0.01540282903646274,False,False,"[259, 306, 368, 319, 309]"
val/06237_Plantae_Tracheophyta_Liliopsida_Poales_Cyperaceae_Carex_crinita/2096b526-14da-453c-ae3a-589e545e0da0.jpg,327,203,0.01867925322812034,False,False,"[203, 228, 231, 205, 126]"
val/06237_Plantae_Tracheophyta_Liliopsida_Poales_Cyperaceae_Carex_crinita/2321bf1d-f2cd-44fd-bb28-67e3b7902048.jpg,327,311,0.017474213241589858,False,False,"[311, 234, 426, 216, 453]"
val/06237_Plantae_Tracheophyta_Liliopsida_Poales_Cyperaceae_Carex_crinita/24208c9a-ea07-43ba-afb5-4d74fb1de777.jpg,327,491,0.01627387659758975,False,False,"[491, 311, 329, 305, 234]"
val/06237_Plantae_Tracheophyta_Liliopsida_Poales_Cyperaceae_Carex_crinita/3bce05b5-98fe-40a6-99a9-6498be4ece1c.jpg,327,185,0.010815613647869347,False,False,"[185, 237, 34, 406, 248]"
val/06237_Plantae_Tracheophyta_Liliopsida_Poales_Cyperaceae_Carex_crinita/3fcdb814-e9c5-460f-8158-6a8175fa8db0.jpg,327,270,0.00855552345800969,False,False,"[270, 499, 295, 294, 484]"
val/06237_Plantae_Tracheophyta_Liliopsida_Poales_Cyperaceae_Carex_crinita/4ceb285d-84c8-4311-a50c-4f415228dc01.jpg,327,271,0.00941181699718611,False,False,"[271, 332, 267, 415, 260]"
val/06237_Plantae_Tracheophyta_Liliopsida_Poales_Cyperaceae_Carex_crinita/67c093d6-bdc9-421d-b938-767bb48d2a69.jpg,327,327,0.014447917231486859,True,True,"[327, 314, 394, 218, 329]"
val/06237_Plantae_Tracheophyta_Liliopsida_Poales_Cyperaceae_Carex_crinita/7645ff8e-2add-485e-bb0f-7427bdbda66e.jpg,327,199,0.011481528221868958,False,False,"[199, 476, 204, 313, 270]"
val/06237_Plantae_Tracheophyta_Liliopsida_Poales_Cyperaceae_Carex_crinita/8e69ca14-70b1-4575-8736-209a0555aa7c.jpg,327,314,0.011788443544338754,False,False,"[314, 329, 446, 69, 211]"
val/06263_Plantae_Tracheophyta_Liliopsida_Poales_Cyperaceae_Carex_rosea/3b5d7143-6966-4547-b477-a789bc943718.jpg,328,77,0.014192376127159694,False,False,"[77, 329, 175, 334, 280]"
val/06263_Plantae_Tracheophyta_Liliopsida_Poales_Cyperaceae_Carex_rosea/63c6a05c-8ed2-44f3-b7b1-c79afc096673.jpg,328,402,0.011311143902191763,False,False,"[402, 380, 405, 265, 403]"
val/06263_Plantae_Tracheophyta_Liliopsida_Poales_Cyperaceae_Carex_rosea/7735e656-2b2e-4d6f-a5e5-8fe401ed1468.jpg,328,179,0.024527858804166153,False,False,"[179, 119, 34, 127, 6]"
val/06263_Plantae_Tracheophyta_Liliopsida_Poales_Cyperaceae_Carex_rosea/7a200ae5-d72d-4dc5-80bf-e177e2d34ea6.jpg,328,326,0.009085942165856991,False,False,"[326, 0, 223, 292, 408]"
val/06263_Plantae_Tracheophyta_Liliopsida_Poales_Cyperaceae_Carex_rosea/a8270bb4-5de0-4e5f-84b3-6eb82398d54e.jpg,328,1,0.021940391377392815,False,False,"[1, 453, 68, 362, 457]"
val/06263_Plantae_Tracheophyta_Liliopsida_Poales_Cyperaceae_Carex_rosea/ae7d15ad-0a88-46d7-8a8f-7eb106e65573.jpg,328,337,0.011941146655524232,False,False,"[337, 359, 346, 466, 149]"
val/06263_Plantae_Tracheophyta_Liliopsida_Poales_Cyperaceae_Carex_rosea/b9a687bb-e29e-40e6-a463-168b32f7386a.jpg,328,135,0.016516731459521403,False,False,"[135, 364, 449, 123, 25]"
val/06263_Plantae_Tracheophyta_Liliopsida_Poales_Cyperaceae_Carex_rosea/bec19295-485d-4839-b858-4db9f528a82f.jpg,328,468,0.010617404013748654,False,False,"[468, 344, 326, 374, 84]"
val/06263_Plantae_Tracheophyta_Liliopsida_Poales_Cyperaceae_Carex_rosea/c533fb2b-470e-49f8-a66d-a437efa4e229.jpg,328,418,0.015930256797244233,False,False,"[418, 321, 291, 36, 305]"
val/06263_Plantae_Tracheophyta_Liliopsida_Poales_Cyperaceae_Carex_rosea/e4692865-d0c1-44d8-a8c9-de7ce1aaa3ee.jpg,328,0,0.017488051038939974,False,False,"[0, 23, 250, 205, 85]"
val/06283_Plantae_Tracheophyta_Liliopsida_Poales_Cyperaceae_Cyperus_ustulatus/1503e6cc-222b-477f-a482-0178f8c5c009.jpg,329,334,0.017679261417299693,False,True,"[334, 306, 335, 329, 327]"
val/06283_Plantae_Tracheophyta_Liliopsida_Poales_Cyperaceae_Cyperus_ustulatus/2f7096d4-fda9-4a6e-86ad-ce798e99665d.jpg,329,296,0.010591616553622276,False,False,"[296, 313, 197, 293, 246]"
val/06283_Plantae_Tracheophyta_Liliopsida_Poales_Cyperaceae_Cyperus_ustulatus/7011e79a-d656-400a-a927-2d1377acc7bb.jpg,329,329,0.011318788830169438,True,True,"[329, 496, 469, 355, 335]"
val/06283_Plantae_Tracheophyta_Liliopsida_Poales_Cyperaceae_Cyperus_ustulatus/737cf9fc-04df-4915-a02a-fa239e682a8f.jpg,329,233,0.011495679983755195,False,False,"[233, 331, 201, 383, 177]"
val/06283_Plantae_Tracheophyta_Liliopsida_Poales_Cyperaceae_Cyperus_ustulatus/75d6adca-db6e-4015-9179-161cbbcecbb3.jpg,329,422,0.009193711712932272,False,False,"[422, 348, 477, 373, 261]"
val/06283_Plantae_Tracheophyta_Liliopsida_Poales_Cyperaceae_Cyperus_ustulatus/7ffbe805-9e10-46cc-afb3-7ea2d4547004.jpg,329,306,0.015208776435235999,False,False,"[306, 318, 327, 333, 443]"
val/06283_Plantae_Tracheophyta_Liliopsida_Poales_Cyperaceae_Cyperus_ustulatus/89cd74c8-325e-432e-9797-022f92fc77fe.jpg,329,363,0.01018777883747296,False,False,"[363, 429, 337, 275, 427]"
val/06283_Plantae_Tracheophyta_Liliopsida_Poales_Cyperaceae_Cyperus_ustulatus/939f48be-9b09-4a0a-9cc8-717a337548b6.jpg,329,329,0.012586427820383531,True,True,"[329, 324, 334, 125, 260]"
val/06283_Plantae_Tracheophyta_Liliopsida_Poales_Cyperaceae_Cyperus_ustulatus/bfaba6f8-4d76-47d9-b090-fb4d735d1dbb.jpg,329,351,0.01796718061892144,False,False,"[351, 214, 491, 311, 440]"
val/06283_Plantae_Tracheophyta_Liliopsida_Poales_Cyperaceae_Cyperus_ustulatus/fce08612-87c2-4da0-90a4-8d4888518c65.jpg,329,65,0.01496347195754239,False,False,"[65, 334, 213, 385, 181]"
val/06313_Plantae_Tracheophyta_Liliopsida_Poales_Juncaceae_Luzula_multiflora/0a424b37-2ae5-4fde-ac6c-db934485144d.jpg,330,242,0.014560014238851494,False,False,"[242, 368, 314, 438, 372]"
val/06313_Plantae_Tracheophyta_Liliopsida_Poales_Juncaceae_Luzula_multiflora/17b5a6b5-53a3-4d06-aa6a-9aacc962da65.jpg,330,426,0.0095213289380196,False,False,"[426, 95, 333, 317, 316]"
val/06313_Plantae_Tracheophyta_Liliopsida_Poales_Juncaceae_Luzula_multiflora/191c420e-3cda-480d-a4a5-0bc7d2dd6b93.jpg,330,311,0.026771676543818308,False,False,"[311, 305, 453, 431, 455]"
val/06313_Plantae_Tracheophyta_Liliopsida_Poales_Juncaceae_Luzula_multiflora/4d720ba8-0109-45e7-9f46-4897aa9c5a79.jpg,330,436,0.006927078308552797,False,False,"[436, 294, 442, 301, 484]"
val/06313_Plantae_Tracheophyta_Liliopsida_Poales_Juncaceae_Luzula_multiflora/6103ea84-f0fc-4c21-942a-ec5925944de9.jpg,330,491,0.009023549152585218,False,False,"[491, 253, 133, 71, 1]"
val/06313_Plantae_Tracheophyta_Liliopsida_Poales_Juncaceae_Luzula_multiflora/a644fdaf-5e7c-495f-87bb-b181d561222c.jpg,330,488,0.00996000105115666,False,False,"[488, 494, 403, 61, 454]"
val/06313_Plantae_Tracheophyta_Liliopsida_Poales_Juncaceae_Luzula_multiflora/c0c1480d-6a3e-45dc-b01d-d5afdde1a8e6.jpg,330,242,0.016985997150039216,False,False,"[242, 181, 334, 233, 271]"
val/06313_Plantae_Tracheophyta_Liliopsida_Poales_Juncaceae_Luzula_multiflora/c124b8f5-448e-44bb-aee8-57d6b4e6367a.jpg,330,240,0.01609429797387271,False,False,"[240, 496, 436, 316, 246]"
val/06313_Plantae_Tracheophyta_Liliopsida_Poales_Juncaceae_Luzula_multiflora/c3efb1a9-2e28-4d2e-9d26-ea458b0fac30.jpg,330,225,0.009727178783709446,False,False,"[225, 175, 385, 492, 442]"
val/06313_Plantae_Tracheophyta_Liliopsida_Poales_Juncaceae_Luzula_multiflora/fcd78a2b-f282-4525-a902-7acd3d2a2a58.jpg,330,47,0.015257344805154931,False,False,"[47, 260, 130, 158, 224]"
val/06316_Plantae_Tracheophyta_Liliopsida_Poales_Poaceae_Achnatherum_miliaceum/0a14bc97-f743-4b18-93d4-82b1b8e60395.jpg,331,44,0.009332690799290238,False,False,"[44, 16, 478, 112, 19]"
val/06316_Plantae_Tracheophyta_Liliopsida_Poales_Poaceae_Achnatherum_miliaceum/2f7cdd4b-3541-47f0-a042-66eb6be09deb.jpg,331,437,0.012412827122992597,False,False,"[437, 302, 366, 319, 32]"
val/06316_Plantae_Tracheophyta_Liliopsida_Poales_Poaceae_Achnatherum_miliaceum/51c217df-f52f-45aa-8a99-b720dbead75b.jpg,331,329,0.014837054368545557,False,False,"[329, 311, 476, 327, 271]"
val/06316_Plantae_Tracheophyta_Liliopsida_Poales_Poaceae_Achnatherum_miliaceum/58b86d45-2e56-4bbc-a740-c80931b7b998.jpg,331,164,0.035843796298258915,False,False,"[164, 495, 329, 112, 330]"
val/06316_Plantae_Tracheophyta_Liliopsida_Poales_Poaceae_Achnatherum_miliaceum/5edacd50-04eb-41f7-b67f-6b4250939e53.jpg,331,387,0.010849847972216982,False,False,"[387, 318, 404, 434, 321]"
val/06316_Plantae_Tracheophyta_Liliopsida_Poales_Poaceae_Achnatherum_miliaceum/b31ffd59-0038-4da3-83d2-70711d1e8644.jpg,331,112,0.009050688503887148,False,False,"[112, 423, 149, 451, 9]"
val/06316_Plantae_Tracheophyta_Liliopsida_Poales_Poaceae_Achnatherum_miliaceum/b96b9856-6159-4688-9e7e-429e81f64bb9.jpg,331,495,0.010069454793891663,False,False,"[495, 370, 336, 498, 483]"
val/06316_Plantae_Tracheophyta_Liliopsida_Poales_Poaceae_Achnatherum_miliaceum/d8bf6a75-edbd-4f02-bc02-2f8be1acc1ac.jpg,331,455,0.02457046137036205,False,False,"[455, 431, 394, 446, 483]"
val/06316_Plantae_Tracheophyta_Liliopsida_Poales_Poaceae_Achnatherum_miliaceum/efe90155-8b5b-49b4-971e-340e321ccbbc.jpg,331,236,0.010560766118844957,False,False,"[236, 87, 143, 26, 281]"
val/06316_Plantae_Tracheophyta_Liliopsida_Poales_Poaceae_Achnatherum_miliaceum/f2d60a85-1158-4e0e-b7b9-ea2e28253aa0.jpg,331,327,0.011268994072943243,False,False,"[327, 431, 329, 434, 317]"
val/06403_Plantae_Tracheophyta_Liliopsida_Poales_Poaceae_Oryzopsis_asperifolia/03f1b6df-00a6-4957-92dc-115db4ae5d08.jpg,332,299,0.010126890804837113,False,False,"[299, 301, 454, 201, 461]"
val/06403_Plantae_Tracheophyta_Liliopsida_Poales_Poaceae_Oryzopsis_asperifolia/3dfb1ae1-e22c-42a2-a7e8-75f3357c76a1.jpg,332,419,0.008773475922933843,False,False,"[419, 129, 314, 426, 327]"
val/06403_Plantae_Tracheophyta_Liliopsida_Poales_Poaceae_Oryzopsis_asperifolia/4ff3e306-d792-49a1-820f-3d2c48f7bde8.jpg,332,351,0.016377229194700044,False,False,"[351, 469, 317, 331, 455]"
val/06403_Plantae_Tracheophyta_Liliopsida_Poales_Poaceae_Oryzopsis_asperifolia/5284b7d9-5856-4757-95ed-7d6b2be8445f.jpg,332,262,0.016609489769620976,False,True,"[262, 234, 314, 369, 332]"
val/06403_Plantae_Tracheophyta_Liliopsida_Poales_Poaceae_Oryzopsis_asperifolia/64065f93-4851-4fc9-9429-5668686dd4c4.jpg,332,473,0.01015120066486618,False,False,"[473, 314, 372, 437, 354]"
val/06403_Plantae_Tracheophyta_Liliopsida_Poales_Poaceae_Oryzopsis_asperifolia/6d0c1fbe-254b-4eb6-b342-6c83b7361514.jpg,332,142,0.02054551880845325,False,False,"[142, 205, 13, 123, 181]"
val/06403_Plantae_Tracheophyta_Liliopsida_Poales_Poaceae_Oryzopsis_asperifolia/72794225-c276-4e68-a3cc-9aa22d5233d7.jpg,332,345,0.010388326004533911,False,False,"[345, 256, 218, 448, 317]"
val/06403_Plantae_Tracheophyta_Liliopsida_Poales_Poaceae_Oryzopsis_asperifolia/ab84a147-321c-43a8-a0ea-89f74bc1bf95.jpg,332,442,0.00923407301346957,False,False,"[442, 418, 314, 374, 473]"
val/06403_Plantae_Tracheophyta_Liliopsida_Poales_Poaceae_Oryzopsis_asperifolia/be79c362-dff9-4fe6-807f-ef9309e86682.jpg,332,317,0.009753531703722925,False,False,"[317, 164, 466, 114, 202]"
val/06403_Plantae_Tracheophyta_Liliopsida_Poales_Poaceae_Oryzopsis_asperifolia/e0f86a9d-86bb-4029-9343-e95650ea83a2.jpg,332,8,0.016276193062059026,False,False,"[8, 482, 149, 305, 425]"
val/06424_Plantae_Tracheophyta_Liliopsida_Poales_Poaceae_Setaria_pumila/2fc9b7fb-7ccc-44ac-a02e-62500e380aa3.jpg,333,98,0.015896840759251237,False,False,"[98, 474, 303, 46, 321]"
val/06424_Plantae_Tracheophyta_Liliopsida_Poales_Poaceae_Setaria_pumila/45f9a98a-b3ba-443f-8c32-8c962c1f5113.jpg,333,142,0.05677577123712646,False,False,"[142, 139, 167, 140, 145]"
val/06424_Plantae_Tracheophyta_Liliopsida_Poales_Poaceae_Setaria_pumila/8bf7df7e-7670-418a-a749-5833395b5cd8.jpg,333,16,0.01565314350230702,False,False,"[16, 167, 135, 128, 260]"
val/06424_Plantae_Tracheophyta_Liliopsida_Poales_Poaceae_Setaria_pumila/a94732f0-92cf-4c79-99bf-811d4a31b4e8.jpg,333,376,0.01030232822500709,False,False,"[376, 475, 490, 38, 216]"
val/06424_Plantae_Tracheophyta_Liliopsida_Poales_Poaceae_Setaria_pumila/aec7a4c8-4ab0-423b-b13a-3fefa8fb58e1.jpg,333,205,0.017321625663259,False,False,"[205, 228, 231, 158, 192]"
val/06424_Plantae_Tracheophyta_Liliopsida_Poales_Poaceae_Setaria_pumila/bf47a51a-e4bc-4f03-9fc6-32fdbdd40bd4.jpg,333,434,0.01638104975760314,False,True,"[434, 333, 491, 363, 334]"
val/06424_Plantae_Tracheophyta_Liliopsida_Poales_Poaceae_Setaria_pumila/c997f169-285a-4dfb-9836-0282d70f89c0.jpg,333,95,0.013107792914496047,False,False,"[95, 117, 285, 90, 249]"
val/06424_Plantae_Tracheophyta_Liliopsida_Poales_Poaceae_Setaria_pumila/d678b40e-ba8a-431f-be81-fa01df1b6da3.jpg,333,399,0.01049145965910519,False,False,"[399, 365, 440, 340, 408]"
val/06424_Plantae_Tracheophyta_Liliopsida_Poales_Poaceae_Setaria_pumila/d8bb7007-f81e-4615-92d9-eb015882ab02.jpg,333,455,0.01792812222413499,False,False,"[455, 120, 313, 305, 314]"
val/06424_Plantae_Tracheophyta_Liliopsida_Poales_Poaceae_Setaria_pumila/e1f80ffd-96e8-47a1-af98-2e8b1caba325.jpg,333,297,0.010975639904736226,False,False,"[297, 288, 487, 323, 97]"
val/06443_Plantae_Tracheophyta_Liliopsida_Poales_Typhaceae_Typha_angustifolia/04a38020-1472-4836-aa07-8e614be4455d.jpg,334,142,0.023458173641450992,False,False,"[142, 160, 171, 131, 185]"
val/06443_Plantae_Tracheophyta_Liliopsida_Poales_Typhaceae_Typha_angustifolia/07b59577-656a-4150-8b75-90a9378569df.jpg,334,314,0.012772239949812376,False,False,"[314, 327, 318, 369, 321]"
val/06443_Plantae_Tracheophyta_Liliopsida_Poales_Typhaceae_Typha_angustifolia/2b3c3590-6d32-4f74-9328-b2329be94c3e.jpg,334,494,0.015647243918187725,False,False,"[494, 242, 271, 498, 431]"
val/06443_Plantae_Tracheophyta_Liliopsida_Poales_Typhaceae_Typha_angustifolia/3acd237e-6f7b-4f0f-a816-b981771ace0b.jpg,334,314,0.018779615080007764,False,True,"[314, 334, 204, 383, 444]"
val/06443_Plantae_Tracheophyta_Liliopsida_Poales_Typhaceae_Typha_angustifolia/47100520-d2cd-405b-8c4f-b7c70b71a983.jpg,334,293,0.014619606648745566,False,False,"[293, 9, 69, 57, 328]"
val/06443_Plantae_Tracheophyta_Liliopsida_Poales_Typhaceae_Typha_angustifolia/645c4547-515b-4e96-9170-de0d7d7dc61d.jpg,334,216,0.017160156412713966,False,False,"[216, 206, 3, 12, 219]"
val/06443_Plantae_Tracheophyta_Liliopsida_Poales_Typhaceae_Typha_angustifolia/6b353d93-50ba-47c5-bcd2-4accc1c6521a.jpg,334,12,0.009412289298663478,False,False,"[12, 432, 462, 223, 295]"
val/06443_Plantae_Tracheophyta_Liliopsida_Poales_Typhaceae_Typha_angustifolia/7de4e701-b56b-4da3-9daf-8b3d3d278d00.jpg,334,334,0.06821640394583135,True,True,"[334, 172, 197, 247, 163]"
val/06443_Plantae_Tracheophyta_Liliopsida_Poales_Typhaceae_Typha_angustifolia/80206ed9-3837-4c04-a8f5-fa45d8e442ac.jpg,334,334,0.03702248823374442,True,True,"[334, 197, 329, 216, 385]"
val/06443_Plantae_Tracheophyta_Liliopsida_Poales_Typhaceae_Typha_angustifolia/bd47ebce-2168-4eb5-af1e-2aa47b79ee61.jpg,334,329,0.011382146163977069,False,False,"[329, 496, 199, 309, 318]"
val/06453_Plantae_Tracheophyta_Liliopsida_Zingiberales_Musaceae_Musa_acuminata/03aa4b30-2a0f-465d-9517-99d1de8e309d.jpg,335,33,0.01567957272056575,False,False,"[33, 105, 291, 362, 411]"
val/06453_Plantae_Tracheophyta_Liliopsida_Zingiberales_Musaceae_Musa_acuminata/0f43445e-aeee-4608-bfcc-1add72c40e41.jpg,335,1,0.015153056520966357,False,False,"[1, 407, 391, 478, 322]"
val/06453_Plantae_Tracheophyta_Liliopsida_Zingiberales_Musaceae_Musa_acuminata/2597ed76-5dd8-475e-87a2-a31f849995ed.jpg,335,450,0.00935711034230336,False,False,"[450, 393, 433, 257, 353]"
val/06453_Plantae_Tracheophyta_Liliopsida_Zingiberales_Musaceae_Musa_acuminata/304ad4ed-51ae-4605-999c-fb6d5567e84b.jpg,335,229,0.009723835051799037,False,False,"[229, 463, 44, 188, 331]"
val/06453_Plantae_Tracheophyta_Liliopsida_Zingiberales_Musaceae_Musa_acuminata/501dfe8f-bd3f-4c80-9e2f-1ffee088b5b5.jpg,335,398,0.014314228302086705,False,False,"[398, 58, 14, 35, 165]"
val/06453_Plantae_Tracheophyta_Liliopsida_Zingiberales_Musaceae_Musa_acuminata/6b13512d-998d-4944-9776-852dce1e6dcf.jpg,335,492,0.008618211804590548,False,False,"[492, 135, 475, 303, 318]"
val/06453_Plantae_Tracheophyta_Liliopsida_Zingiberales_Musaceae_Musa_acuminata/76f2fe66-f75d-409b-9dc2-b7859270654f.jpg,335,450,0.0159746209012898,False,False,"[450, 222, 255, 494, 474]"
val/06453_Plantae_Tracheophyta_Liliopsida_Zingiberales_Musaceae_Musa_acuminata/88057efd-647d-4f0c-a715-c708101d475e.jpg,335,70,0.009475623945387729,False,False,"[70, 149, 32, 12, 383]"
val/06453_Plantae_Tracheophyta_Liliopsida_Zingiberales_Musaceae_Musa_acuminata/a4e5480d-24d8-4627-b129-d0ed429cef17.jpg,335,108,0.01529539190538215,False,False,"[108, 462, 478, 420, 370]"
val/06453_Plantae_Tracheophyta_Liliopsida_Zingiberales_Musaceae_Musa_acuminata/cd83cc72-9337-4b65-90fa-f27d6870d182.jpg,335,347,0.015851037057559372,False,False,"[347, 280, 405, 291, 483]"
val/06468_Plantae_Tracheophyta_Lycopodiopsida_Lycopodiales_Lycopodiaceae_Lycopodium_clavatum/0e2c4527-0200-4ff9-ac0f-4ee2de0c6fa6.jpg,336,380,0.010890788395301746,False,False,"[380, 495, 386, 425, 54]"
val/06468_Plantae_Tracheophyta_Lycopodiopsida_Lycopodiales_Lycopodiaceae_Lycopodium_clavatum/299c212c-306e-4f60-a5ee-a47977b566ad.jpg,336,353,0.019061689879744347,False,False,"[353, 376, 455, 313, 382]"
val/06468_Plantae_Tracheophyta_Lycopodiopsida_Lycopodiales_Lycopodiaceae_Lycopodium_clavatum/37130e4f-0741-437c-b274-daeb9b996a3f.jpg,336,336,0.009691129930677445,True,True,"[336, 310, 389, 108, 200]"
val/06468_Plantae_Tracheophyta_Lycopodiopsida_Lycopodiales_Lycopodiaceae_Lycopodium_clavatum/3d15feb9-08f5-4fab-a495-78970616a7d6.jpg,336,353,0.019074687007152365,False,False,"[353, 352, 491, 440, 382]"
val/06468_Plantae_Tracheophyta_Lycopodiopsida_Lycopodiales_Lycopodiaceae_Lycopodium_clavatum/5a3433b2-a4ad-49b4-9142-4c22bad345f7.jpg,336,351,0.011163459348148363,False,False,"[351, 482, 318, 363, 218]"
val/06468_Plantae_Tracheophyta_Lycopodiopsida_Lycopodiales_Lycopodiaceae_Lycopodium_clavatum/77578719-5d1a-4396-8547-3ba086943716.jpg,336,332,0.011416562632805514,False,False,"[332, 489, 437, 263, 167]"
val/06468_Plantae_Tracheophyta_Lycopodiopsida_Lycopodiales_Lycopodiaceae_Lycopodium_clavatum/9b019644-afe2-4f49-b82c-5a350fdb6197.jpg,336,356,0.01010062388912488,False,False,"[356, 111, 415, 362, 301]"
val/06468_Plantae_Tracheophyta_Lycopodiopsida_Lycopodiales_Lycopodiaceae_Lycopodium_clavatum/abaa9fcd-fb7d-4c97-ab73-ed450bbd6961.jpg,336,72,0.011416823943535255,False,False,"[72, 426, 432, 496, 324]"
val/06468_Plantae_Tracheophyta_Lycopodiopsida_Lycopodiales_Lycopodiaceae_Lycopodium_clavatum/b675a842-5a7c-42a8-a052-ee7cde7686f3.jpg,336,449,0.014134338814805254,False,False,"[449, 314, 453, 496, 366]"
val/06468_Plantae_Tracheophyta_Lycopodiopsida_Lycopodiales_Lycopodiaceae_Lycopodium_clavatum/f0841ecf-601a-4f7a-a4cd-f66a6ec15f39.jpg,336,149,0.015522308384912493,False,False,"[149, 352, 24, 460, 138]"
val/06493_Plantae_Tracheophyta_Magnoliopsida_Apiales_Apiaceae_Chaerophyllum_tainturieri/1214eed4-2842-4c71-b047-c26b47126900.jpg,337,67,0.01668624842255198,False,False,"[67, 391, 269, 32, 288]"
val/06493_Plantae_Tracheophyta_Magnoliopsida_Apiales_Apiaceae_Chaerophyllum_tainturieri/132faf80-ca43-4cf9-8873-455934e613c8.jpg,337,401,0.011845315535685637,False,False,"[401, 372, 493, 310, 220]"
val/06493_Plantae_Tracheophyta_Magnoliopsida_Apiales_Apiaceae_Chaerophyllum_tainturieri/18108250-ff42-4b5b-bf30-8ca27f6b22f7.jpg,337,486,0.01864709199413698,False,False,"[486, 485, 14, 447, 46]"
val/06493_Plantae_Tracheophyta_Magnoliopsida_Apiales_Apiaceae_Chaerophyllum_tainturieri/2c890a2b-8ec8-48c1-8321-04858940db66.jpg,337,482,0.012468474726861087,False,False,"[482, 491, 365, 472, 322]"
val/06493_Plantae_Tracheophyta_Magnoliopsida_Apiales_Apiaceae_Chaerophyllum_tainturieri/6097d30c-157c-4286-888b-0d8543e1f24e.jpg,337,334,0.0205876852563121,False,False,"[334, 271, 314, 234, 233]"
val/06493_Plantae_Tracheophyta_Magnoliopsida_Apiales_Apiaceae_Chaerophyllum_tainturieri/6732d63b-2b56-4fcd-81fa-b0d13a83862a.jpg,337,337,0.01762378770832781,True,True,"[337, 398, 149, 447, 328]"
val/06493_Plantae_Tracheophyta_Magnoliopsida_Apiales_Apiaceae_Chaerophyllum_tainturieri/aab1baec-dfb2-462e-a6e9-3d4c2b434a9e.jpg,337,490,0.01598643134409216,False,False,"[490, 293, 464, 457, 389]"
val/06493_Plantae_Tracheophyta_Magnoliopsida_Apiales_Apiaceae_Chaerophyllum_tainturieri/b3baa9a3-498a-4c0b-bc35-c19f775ead93.jpg,337,316,0.014887662754038055,False,False,"[316, 117, 280, 132, 97]"
val/06493_Plantae_Tracheophyta_Magnoliopsida_Apiales_Apiaceae_Chaerophyllum_tainturieri/c2a7334f-0488-4212-8692-bdb63d410820.jpg,337,250,0.009046070252336197,False,False,"[250, 344, 356, 460, 123]"
val/06493_Plantae_Tracheophyta_Magnoliopsida_Apiales_Apiaceae_Chaerophyllum_tainturieri/eced2ffa-a197-4906-8f90-6de3ee80d22d.jpg,337,354,0.0108685762245621,False,False,"[354, 349, 351, 362, 317]"
val/06515_Plantae_Tracheophyta_Magnoliopsida_Apiales_Apiaceae_Heracleum_sosnowskyi/040f0368-5856-48f1-a011-3fbddee503e2.jpg,338,414,0.009948372740960226,False,False,"[414, 490, 77, 93, 459]"
val/06515_Plantae_Tracheophyta_Magnoliopsida_Apiales_Apiaceae_Heracleum_sosnowskyi/2fc3e78e-890c-4f5a-8fba-da2c5fdf2210.jpg,338,239,0.01601853524686958,False,False,"[239, 144, 2, 48, 186]"
val/06515_Plantae_Tracheophyta_Magnoliopsida_Apiales_Apiaceae_Heracleum_sosnowskyi/3b8fb567-c7cc-4f5d-b066-2b0a25a949b2.jpg,338,499,0.00936900498422251,False,False,"[499, 340, 481, 49, 278]"
val/06515_Plantae_Tracheophyta_Magnoliopsida_Apiales_Apiaceae_Heracleum_sosnowskyi/520bbb6e-e780-4e3e-8b17-92e50dbde425.jpg,338,112,0.01602300977626464,False,False,"[112, 198, 293, 446, 386]"
val/06515_Plantae_Tracheophyta_Magnoliopsida_Apiales_Apiaceae_Heracleum_sosnowskyi/674664d2-e523-4c0f-8708-e03ec453a9c9.jpg,338,454,0.009320737036231845,False,False,"[454, 130, 270, 267, 367]"
val/06515_Plantae_Tracheophyta_Magnoliopsida_Apiales_Apiaceae_Heracleum_sosnowskyi/72ed5f1d-7b95-4980-8537-06deb987dd90.jpg,338,340,0.009403989242679033,False,False,"[340, 486, 309, 451, 361]"
val/06515_Plantae_Tracheophyta_Magnoliopsida_Apiales_Apiaceae_Heracleum_sosnowskyi/747306b5-7bd8-41f6-93bf-b525c20fcfc9.jpg,338,488,0.009504851101629155,False,False,"[488, 418, 139, 464, 297]"
val/06515_Plantae_Tracheophyta_Magnoliopsida_Apiales_Apiaceae_Heracleum_sosnowskyi/a5b6f73c-9055-45f0-bfe7-2704dffaeefb.jpg,338,493,0.016015112271468793,False,False,"[493, 455, 264, 491, 343]"
val/06515_Plantae_Tracheophyta_Magnoliopsida_Apiales_Apiaceae_Heracleum_sosnowskyi/e0839879-c655-4863-9c24-bfd639d3565b.jpg,338,378,0.010988072248753216,False,False,"[378, 407, 279, 420, 350]"
val/06515_Plantae_Tracheophyta_Magnoliopsida_Apiales_Apiaceae_Heracleum_sosnowskyi/e60646d6-1d6a-48c3-9679-de78120e0f43.jpg,338,157,0.01535012404870871,False,False,"[157, 447, 11, 289, 345]"
val/06553_Plantae_Tracheophyta_Magnoliopsida_Apiales_Araliaceae_Cussonia_spicata/117c89aa-806d-4757-a02d-92461267fe32.jpg,339,311,0.013011994967379157,False,False,"[311, 489, 482, 408, 388]"
val/06553_Plantae_Tracheophyta_Magnoliopsida_Apiales_Araliaceae_Cussonia_spicata/1bc5b95d-20fe-4b2c-a0bc-7610c036a2ad.jpg,339,393,0.010177564913861207,False,False,"[393, 10, 433, 454, 326]"
val/06553_Plantae_Tracheophyta_Magnoliopsida_Apiales_Araliaceae_Cussonia_spicata/32a85d74-38b3-4e22-8768-1878200fd04e.jpg,339,477,0.01617643746987697,False,False,"[477, 298, 396, 322, 430]"
val/06553_Plantae_Tracheophyta_Magnoliopsida_Apiales_Araliaceae_Cussonia_spicata/39d62ca6-3d62-477e-b524-db1db9deb8f5.jpg,339,326,0.009456818788250195,False,False,"[326, 497, 493, 67, 107]"
val/06553_Plantae_Tracheophyta_Magnoliopsida_Apiales_Araliaceae_Cussonia_spicata/44a249b5-7013-47af-9c82-fc092d240fe0.jpg,339,15,0.008995514284478994,False,False,"[15, 259, 457, 321, 133]"
val/06553_Plantae_Tracheophyta_Magnoliopsida_Apiales_Araliaceae_Cussonia_spicata/849a8253-b1a8-42ff-8b06-fa126210e3b5.jpg,339,335,0.009733643469798757,False,False,"[335, 441, 391, 380, 277]"
val/06553_Plantae_Tracheophyta_Magnoliopsida_Apiales_Araliaceae_Cussonia_spicata/947a843e-ebbb-4917-95b3-14ecefb1df22.jpg,339,386,0.016909877973229286,False,False,"[386, 498, 285, 430, 403]"
val/06553_Plantae_Tracheophyta_Magnoliopsida_Apiales_Araliaceae_Cussonia_spicata/c6540712-d354-4f3c-8795-0b398d98743c.jpg,339,446,0.009971958952285262,False,False,"[446, 412, 5, 359, 353]"
val/06553_Plantae_Tracheophyta_Magnoliopsida_Apiales_Araliaceae_Cussonia_spicata/fd45c2e2-089f-4c7d-9ebb-56fb7d6bdb07.jpg,339,349,0.0090047325789417,False,False,"[349, 130, 375, 396, 104]"
val/06553_Plantae_Tracheophyta_Magnoliopsida_Apiales_Araliaceae_Cussonia_spicata/fe8293ed-2b51-427a-980d-fc89ca29d067.jpg,339,117,0.015578394166026754,False,False,"[117, 384, 499, 94, 151]"
val/06555_Plantae_Tracheophyta_Magnoliopsida_Apiales_Araliaceae_Hedera_helix/35838e52-c33c-4f52-b823-d0f09403b3eb.jpg,340,360,0.01335969164767832,False,False,"[360, 339, 343, 10, 387]"
val/06555_Plantae_Tracheophyta_Magnoliopsida_Apiales_Araliaceae_Hedera_helix/3b19ef6a-973b-4a97-a893-0160af26448f.jpg,340,256,0.009500216873108926,False,False,"[256, 78, 471, 51, 268]"
val/06555_Plantae_Tracheophyta_Magnoliopsida_Apiales_Araliaceae_Hedera_helix/4daa6f20-dcf8-46e5-bf6a-fabe1e35ffd1.jpg,340,129,0.01515775318007388,False,False,"[129, 314, 311, 266, 307]"
val/06555_Plantae_Tracheophyta_Magnoliopsida_Apiales_Araliaceae_Hedera_helix/652a2d28-330b-4467-ae58-b4e55b883008.jpg,340,485,0.01675574165072801,False,False,"[485, 460, 398, 410, 310]"
val/06555_Plantae_Tracheophyta_Magnoliopsida_Apiales_Araliaceae_Hedera_helix/68371bd3-1b7b-45ec-851e-aefc482f1aa8.jpg,340,307,0.013358689593742307,False,False,"[307, 402, 319, 489, 37]"
val/06555_Plantae_Tracheophyta_Magnoliopsida_Apiales_Araliaceae_Hedera_helix/915f8c57-c59e-4c22-a4cc-b052c8038fd2.jpg,340,322,0.010743820220014013,False,False,"[322, 94, 391, 23, 464]"
val/06555_Plantae_Tracheophyta_Magnoliopsida_Apiales_Araliaceae_Hedera_helix/ab5ad350-c2c2-45fb-896b-005369115360.jpg,340,257,0.009252920105373694,False,False,"[257, 239, 415, 297, 301]"
val/06555_Plantae_Tracheophyta_Magnoliopsida_Apiales_Araliaceae_Hedera_helix/d123714f-ee2f-4a54-bf87-7b3b1abc30d7.jpg,340,387,0.031583060839639854,False,False,"[387, 404, 380, 460, 488]"
val/06555_Plantae_Tracheophyta_Magnoliopsida_Apiales_Araliaceae_Hedera_helix/d8486304-df70-4c3a-91a0-74fea2ed7db8.jpg,340,405,0.009824101834791215,False,False,"[405, 152, 269, 283, 309]"
val/06555_Plantae_Tracheophyta_Magnoliopsida_Apiales_Araliaceae_Hedera_helix/ebd1829c-bf8d-47dd-9bbb-a5d87431929c.jpg,340,402,0.010842046538315213,False,False,"[402, 447, 401, 349, 487]"
val/06574_Plantae_Tracheophyta_Magnoliopsida_Apiales_Pittosporaceae_Bursaria_spinosa/121ab666-e6a7-433a-818d-a40d05674ba2.jpg,341,149,0.022735952059276913,False,False,"[149, 440, 379, 268, 346]"
val/06574_Plantae_Tracheophyta_Magnoliopsida_Apiales_Pittosporaceae_Bursaria_spinosa/13ec8b34-0472-427d-8c72-62b5c5d64084.jpg,341,489,0.010837913058534926,False,False,"[489, 326, 480, 447, 479]"
val/06574_Plantae_Tracheophyta_Magnoliopsida_Apiales_Pittosporaceae_Bursaria_spinosa/185f6a92-fb04-429e-9a63-4687e3099254.jpg,341,355,0.010455472071388453,False,False,"[355, 450, 397, 308, 361]"
val/06574_Plantae_Tracheophyta_Magnoliopsida_Apiales_Pittosporaceae_Bursaria_spinosa/467ffcd5-30e3-4377-b40a-703775717661.jpg,341,468,0.010522231703999376,False,False,"[468, 263, 452, 390, 430]"
val/06574_Plantae_Tracheophyta_Magnoliopsida_Apiales_Pittosporaceae_Bursaria_spinosa/494c8b4c-f799-400f-8f14-624b558d512c.jpg,341,340,0.015701908808414506,False,False,"[340, 489, 470, 449, 250]"
val/06574_Plantae_Tracheophyta_Magnoliopsida_Apiales_Pittosporaceae_Bursaria_spinosa/5580a793-6a9e-4c08-83c2-f2eb54bbd96d.jpg,341,397,0.009671353862388985,False,False,"[397, 430, 497, 416, 218]"
val/06574_Plantae_Tracheophyta_Magnoliopsida_Apiales_Pittosporaceae_Bursaria_spinosa/5666c26d-7edf-462d-ab0b-33024a747cf8.jpg,341,341,0.013097172847106129,True,True,"[341, 491, 351, 387, 427]"
val/06574_Plantae_Tracheophyta_Magnoliopsida_Apiales_Pittosporaceae_Bursaria_spinosa/65186175-2237-4e13-9b6d-b65939840d3c.jpg,341,492,0.00935266068085485,False,False,"[492, 20, 199, 19, 267]"
val/06574_Plantae_Tracheophyta_Magnoliopsida_Apiales_Pittosporaceae_Bursaria_spinosa/afa06a80-2433-4243-946d-98bda556541a.jpg,341,387,0.01947691437482801,False,False,"[387, 417, 365, 339, 318]"
val/06574_Plantae_Tracheophyta_Magnoliopsida_Apiales_Pittosporaceae_Bursaria_spinosa/c6e7332e-2460-4c31-9870-e2707775f004.jpg,341,362,0.009167680346331017,False,False,"[362, 351, 479, 482, 493]"
val/06582_Plantae_Tracheophyta_Magnoliopsida_Aquifoliales_Aquifoliaceae_Ilex_decidua/04e30500-e992-41d8-9d6b-cfbba317c3ee.jpg,342,383,0.00920905226904621,False,False,"[383, 408, 210, 491, 149]"
val/06582_Plantae_Tracheophyta_Magnoliopsida_Aquifoliales_Aquifoliaceae_Ilex_decidua/219bd136-81db-4bcf-a283-da00b97b0ba0.jpg,342,401,0.011167177597260713,False,False,"[401, 359, 299, 150, 464]"
val/06582_Plantae_Tracheophyta_Magnoliopsida_Aquifoliales_Aquifoliaceae_Ilex_decidua/28f61f7e-4a7c-4b75-977a-249e2dafdaf6.jpg,342,240,0.016151645260579724,False,False,"[240, 410, 238, 451, 432]"
val/06582_Plantae_Tracheophyta_Magnoliopsida_Aquifoliales_Aquifoliaceae_Ilex_decidua/e3d043ca-1cc0-4800-a8d4-17ece84e3c7a.jpg,342,253,0.014942341855314473,False,False,"[253, 168, 488, 465, 245]"
val/06582_Plantae_Tracheophyta_Magnoliopsida_Aquifoliales_Aquifoliaceae_Ilex_decidua/ebc5d58e-e134-4258-8816-cd6a66c0fbf8.jpg,342,476,0.010105431059717451,False,False,"[476, 404, 461, 269, 466]"
val/06582_Plantae_Tracheophyta_Magnoliopsida_Aquifoliales_Aquifoliaceae_Ilex_decidua/eece622a-27c2-443b-b647-9e00520254ba.jpg,342,398,0.010977005185837142,False,False,"[398, 282, 384, 456, 300]"
val/06582_Plantae_Tracheophyta_Magnoliopsida_Aquifoliales_Aquifoliaceae_Ilex_decidua/f3cb92a9-bded-40ba-bd21-26e1e89be966.jpg,342,407,0.016101020695672676,False,False,"[407, 256, 349, 416, 417]"
val/06582_Plantae_Tracheophyta_Magnoliopsida_Aquifoliales_Aquifoliaceae_Ilex_decidua/f41e6779-41df-48a1-a987-3dbc53b75c34.jpg,342,88,0.010335500387275766,False,False,"[88, 194, 219, 283, 335]"
val/06582_Plantae_Tracheophyta_Magnoliopsida_Aquifoliales_Aquifoliaceae_Ilex_decidua/f605744e-fda5-44e1-8695-6f024a880d35.jpg,342,315,0.009716654658048855,False,False,"[315, 468, 323, 399, 95]"
val/06582_Plantae_Tracheophyta_Magnoliopsida_Aquifoliales_Aquifoliaceae_Ilex_decidua/ffa3e11a-5849-4db0-bd52-b0bb3adfc309.jpg,342,403,0.010193098250048268,False,False,"[403, 146, 378, 275, 491]"
val/06589_Plantae_Tracheophyta_Magnoliopsida_Asterales_Argophyllaceae_Corokia_cotoneaster/0ae9a1c7-c7a5-400e-88a5-f1272e536144.jpg,343,410,0.016422873955820202,False,False,"[410, 395, 436, 435, 471]"
val/06589_Plantae_Tracheophyta_Magnoliopsida_Asterales_Argophyllaceae_Corokia_cotoneaster/296cb1e5-26c4-40ef-85e7-53edcf242aa6.jpg,343,268,0.018536739537430146,False,False,"[268, 418, 379, 489, 482]"
val/06589_Plantae_Tracheophyta_Magnoliopsida_Asterales_Argophyllaceae_Corokia_cotoneaster/5fa55c4e-0670-46f1-b7d8-fe711392f8af.jpg,343,455,0.015782693472988496,False,True,"[455, 449, 401, 486, 343]"
val/06589_Plantae_Tracheophyta_Magnoliopsida_Asterales_Argophyllaceae_Corokia_cotoneaster/5ff69fca-23f2-40fb-92e6-9548e870963c.jpg,343,307,0.03176189703738272,False,True,"[307, 343, 102, 331, 486]"
val/06589_Plantae_Tracheophyta_Magnoliopsida_Asterales_Argophyllaceae_Corokia_cotoneaster/8f783448-28cc-4d01-af1c-2445a8bc4b06.jpg,343,460,0.010060186814887032,False,False,"[460, 417, 238, 477, 346]"
val/06589_Plantae_Tracheophyta_Magnoliopsida_Asterales_Argophyllaceae_Corokia_cotoneaster/9a52a000-2cd6-484f-9209-a27b0e83ad5c.jpg,343,306,0.010801585646172899,False,False,"[306, 375, 78, 263, 209]"
val/06589_Plantae_Tracheophyta_Magnoliopsida_Asterales_Argophyllaceae_Corokia_cotoneaster/9feb34bd-a5bb-4083-beb7-bc9ae639bc69.jpg,343,331,0.01775412283887796,False,False,"[331, 443, 387, 495, 496]"
val/06589_Plantae_Tracheophyta_Magnoliopsida_Asterales_Argophyllaceae_Corokia_cotoneaster/acdf26d0-26c6-4455-9427-86c05d1aebcf.jpg,343,401,0.019584965972484828,False,False,"[401, 402, 482, 439, 424]"
val/06589_Plantae_Tracheophyta_Magnoliopsida_Asterales_Argophyllaceae_Corokia_cotoneaster/f839811b-1043-4cd2-a02f-91900a5b21df.jpg,343,345,0.01241942785940424,False,False,"[345, 299, 337, 350, 37]"
val/06589_Plantae_Tracheophyta_Magnoliopsida_Asterales_Argophyllaceae_Corokia_cotoneaster/faabe367-70ca-4721-831a-150eb43249b9.jpg,343,119,0.017060614701954527,False,False,"[119, 56, 459, 469, 371]"
val/06601_Plantae_Tracheophyta_Magnoliopsida_Asterales_Asteraceae_Ageratum_houstonianum/0562d62b-5cbb-4553-a53f-54b8374ed7e8.jpg,344,477,0.00870380955448822,False,False,"[477, 398, 468, 301, 414]"
val/06601_Plantae_Tracheophyta_Magnoliopsida_Asterales_Asteraceae_Ageratum_houstonianum/0a5001aa-644d-400b-8a1b-719c2eb6b65c.jpg,344,315,0.010792523340839834,False,False,"[315, 425, 402, 442, 161]"
val/06601_Plantae_Tracheophyta_Magnoliopsida_Asterales_Asteraceae_Ageratum_houstonianum/361825c7-67be-444d-aa42-005579dba634.jpg,344,407,0.01698956625975764,False,False,"[407, 10, 457, 379, 364]"
val/06601_Plantae_Tracheophyta_Magnoliopsida_Asterales_Asteraceae_Ageratum_houstonianum/47aa6cc2-8c07-4e9e-bbc8-82c02e64c843.jpg,344,295,0.010050942054059623,False,False,"[295, 376, 410, 69, 145]"
val/06601_Plantae_Tracheophyta_Magnoliopsida_Asterales_Asteraceae_Ageratum_houstonianum/649b932e-02d7-47cd-bf4d-c6b51d9d6a5b.jpg,344,372,0.010020601414677047,False,False,"[372, 311, 24, 259, 401]"
val/06601_Plantae_Tracheophyta_Magnoliopsida_Asterales_Asteraceae_Ageratum_houstonianum/658d8e6c-2449-4845-8495-9f6f291f161d.jpg,344,354,0.02350479805208215,False,False,"[354, 460, 487, 489, 438]"
val/06601_Plantae_Tracheophyta_Magnoliopsida_Asterales_Asteraceae_Ageratum_houstonianum/7514e706-f23c-485b-b82d-1de820a3b100.jpg,344,160,0.010644587586267885,False,False,"[160, 143, 57, 119, 6]"
val/06601_Plantae_Tracheophyta_Magnoliopsida_Asterales_Asteraceae_Ageratum_houstonianum/8b2178b1-91de-47e6-887f-97b3c720dfb9.jpg,344,327,0.010836819675662506,False,False,"[327, 418, 210, 133, 432]"
val/06601_Plantae_Tracheophyta_Magnoliopsida_Asterales_Asteraceae_Ageratum_houstonianum/b73ec620-1040-44ab-b583-5c8514f0ed22.jpg,344,306,0.011572058305064829,False,False,"[306, 455, 476, 419, 315]"
val/06601_Plantae_Tracheophyta_Magnoliopsida_Asterales_Asteraceae_Ageratum_houstonianum/fd8b13a0-a39c-43b6-b747-de383ce4ea22.jpg,344,346,0.010268375403835319,False,False,"[346, 305, 486, 349, 453]"
val/06641_Plantae_Tracheophyta_Magnoliopsida_Asterales_Asteraceae_Atrichoseris_platyphylla/0bd8d1d5-e9a5-4896-8834-94f07ffa8f7f.jpg,345,398,0.01786425459982899,False,False,"[398, 460, 488, 403, 465]"
val/06641_Plantae_Tracheophyta_Magnoliopsida_Asterales_Asteraceae_Atrichoseris_platyphylla/23e449fa-814a-435d-bd11-b1044f028ca5.jpg,345,108,0.015374211240225822,False,False,"[108, 179, 395, 486, 5]"
val/06641_Plantae_Tracheophyta_Magnoliopsida_Asterales_Asteraceae_Atrichoseris_platyphylla/2b737733-4358-43c8-9685-b5247933cd55.jpg,345,37,0.011015502110398633,False,False,"[37, 174, 191, 250, 251]"
val/06641_Plantae_Tracheophyta_Magnoliopsida_Asterales_Asteraceae_Atrichoseris_platyphylla/5bed6d4f-d299-483b-bb3c-2f4630d2ace7.jpg,345,265,0.014573170309134374,False,False,"[265, 179, 286, 466, 424]"
val/06641_Plantae_Tracheophyta_Magnoliopsida_Asterales_Asteraceae_Atrichoseris_platyphylla/5d4fe492-02b7-4db0-9472-0d764c4a4fb0.jpg,345,211,0.016865566068949327,False,False,"[211, 40, 126, 242, 23]"
val/06641_Plantae_Tracheophyta_Magnoliopsida_Asterales_Asteraceae_Atrichoseris_platyphylla/7c375558-c5f0-460c-971c-595c5646afb6.jpg,345,468,0.011010975079218608,False,False,"[468, 295, 358, 473, 470]"
val/06641_Plantae_Tracheophyta_Magnoliopsida_Asterales_Asteraceae_Atrichoseris_platyphylla/b8d5b4b5-12bc-4e57-aaf7-40d682616b10.jpg,345,398,0.012308793728011812,False,False,"[398, 348, 450, 360, 15]"
val/06641_Plantae_Tracheophyta_Magnoliopsida_Asterales_Asteraceae_Atrichoseris_platyphylla/ddf3fe3f-3e27-4b20-b7ff-51c6bfb534a2.jpg,345,46,0.02145181360691376,False,False,"[46, 485, 473, 420, 22]"
val/06641_Plantae_Tracheophyta_Magnoliopsida_Asterales_Asteraceae_Atrichoseris_platyphylla/e5fa01e0-82cf-4eb6-8584-e8de16e686f5.jpg,345,364,0.055270568668920855,False,True,"[364, 356, 345, 479, 470]"
val/06641_Plantae_Tracheophyta_Magnoliopsida_Asterales_Asteraceae_Atrichoseris_platyphylla/fd003640-0d36-4295-9864-0ca431d95271.jpg,345,436,0.014886738897256531,False,False,"[436, 0, 319, 119, 162]"
val/06642_Plantae_Tracheophyta_Magnoliopsida_Asterales_Asteraceae_Baccharis_halimifolia/48319945-2c68-4af6-bc7b-2496a7aa6632.jpg,346,289,0.010639360545829086,False,False,"[289, 380, 124, 272, 29]"
val/06642_Plantae_Tracheophyta_Magnoliopsida_Asterales_Asteraceae_Baccharis_halimifolia/4d65a191-4a62-441b-8e6c-28cb8c10c8ef.jpg,346,381,0.015845111708305715,False,False,"[381, 178, 353, 318, 314]"
val/06642_Plantae_Tracheophyta_Magnoliopsida_Asterales_Asteraceae_Baccharis_halimifolia/70648f45-2036-492e-ab67-5a08cc9e7743.jpg,346,427,0.012033457174928904,False,False,"[427, 354, 363, 408, 350]"
val/06642_Plantae_Tracheophyta_Magnoliopsida_Asterales_Asteraceae_Baccharis_halimifolia/89aa1fba-e3ca-4a30-8c87-fe1424202adc.jpg,346,401,0.01176796073512149,False,False,"[401, 349, 397, 322, 408]"
val/06642_Plantae_Tracheophyta_Magnoliopsida_Asterales_Asteraceae_Baccharis_halimifolia/99b6df83-7def-4f74-9a81-bb27fef10b0f.jpg,346,360,0.017173401491743494,False,False,"[360, 383, 365, 445, 413]"
val/06642_Plantae_Tracheophyta_Magnoliopsida_Asterales_Asteraceae_Baccharis_halimifolia/ac0ae727-3f8e-4d4c-a8c4-2dc311833dd4.jpg,346,405,0.009601821022595115,False,False,"[405, 298, 245, 486, 316]"
val/06642_Plantae_Tracheophyta_Magnoliopsida_Asterales_Asteraceae_Baccharis_halimifolia/aec07609-e4ef-4649-8bc9-24c0291cdc4e.jpg,346,352,0.0096041777208892,False,False,"[352, 394, 391, 401, 112]"
val/06642_Plantae_Tracheophyta_Magnoliopsida_Asterales_Asteraceae_Baccharis_halimifolia/b122c04e-2fb6-4d36-8e28-3b5e88b6fb3a.jpg,346,402,0.013626115453627354,False,False,"[402, 480, 369, 324, 434]"
val/06642_Plantae_Tracheophyta_Magnoliopsida_Asterales_Asteraceae_Baccharis_halimifolia/ba00b8cd-463d-4f72-9751-fe0ff1cca2e4.jpg,346,327,0.009911262586208815,False,False,"[327, 152, 304, 266, 138]"
val/06642_Plantae_Tracheophyta_Magnoliopsida_Asterales_Asteraceae_Baccharis_halimifolia/cdf1679d-0370-4945-918f-bae6889d4f11.jpg,346,300,0.017380119179888003,False,False,"[300, 386, 298, 410, 359]"
val/06650_Plantae_Tracheophyta_Magnoliopsida_Asterales_Asteraceae_Balsamorhiza_sagittata/33e5ba0f-bc7a-40b2-bd67-9abd03188440.jpg,347,358,0.016209699924504283,False,False,"[358, 474, 349, 392, 350]"
val/06650_Plantae_Tracheophyta_Magnoliopsida_Asterales_Asteraceae_Balsamorhiza_sagittata/5754e0d8-a106-4213-a087-4716ed8a0f88.jpg,347,24,0.022074026340374083,False,False,"[24, 348, 407, 448, 362]"
val/06650_Plantae_Tracheophyta_Magnoliopsida_Asterales_Asteraceae_Balsamorhiza_sagittata/5791cd06-025b-48ec-915c-e049e07647a5.jpg,347,411,0.011459386593949955,False,False,"[411, 369, 453, 393, 114]"
val/06650_Plantae_Tracheophyta_Magnoliopsida_Asterales_Asteraceae_Balsamorhiza_sagittata/5cfdb2bf-244b-40c6-8b81-86618bcdd501.jpg,347,486,0.010669362836969119,False,False,"[486, 386, 313, 429, 492]"
val/06650_Plantae_Tracheophyta_Magnoliopsida_Asterales_Asteraceae_Balsamorhiza_sagittata/7a1814dd-455e-4786-a01b-9e198dd2f537.jpg,347,365,0.02999905629116952,False,False,"[365, 407, 438, 389, 386]"
val/06650_Plantae_Tracheophyta_Magnoliopsida_Asterales_Asteraceae_Balsamorhiza_sagittata/7b1e3efb-41cf-4891-82e1-4f0a9a2d70ed.jpg,347,374,0.010494533021518392,False,False,"[374, 408, 380, 461, 273]"
val/06650_Plantae_Tracheophyta_Magnoliopsida_Asterales_Asteraceae_Balsamorhiza_sagittata/a2eb9ba5-1ac0-42f8-91fa-7ae55a0af556.jpg,347,387,0.01584800237068786,False,False,"[387, 474, 421, 346, 477]"
val/06650_Plantae_Tracheophyta_Magnoliopsida_Asterales_Asteraceae_Balsamorhiza_sagittata/b92e4df2-af73-4a2c-9146-4129a362bdec.jpg,347,359,0.01035753227453035,False,False,"[359, 392, 290, 327, 443]"
val/06650_Plantae_Tracheophyta_Magnoliopsida_Asterales_Asteraceae_Balsamorhiza_sagittata/c2f27206-26c2-4a9f-973e-9bd8de0f4b49.jpg,347,444,0.008849110357514138,False,False,"[444, 415, 62, 375, 10]"
val/06650_Plantae_Tracheophyta_Magnoliopsida_Asterales_Asteraceae_Balsamorhiza_sagittata/eb181d66-9bf7-4124-b541-54abbd45fc4c.jpg,347,152,0.021138041735608664,False,False,"[152, 106, 338, 442, 380]"
val/06666_Plantae_Tracheophyta_Magnoliopsida_Asterales_Asteraceae_Calendula_officinalis/0be5c532-e211-4067-b094-12456035f4f3.jpg,348,286,0.01063819425695924,False,False,"[286, 39, 287, 423, 488]"
val/06666_Plantae_Tracheophyta_Magnoliopsida_Asterales_Asteraceae_Calendula_officinalis/0ce293cf-18c9-4427-8713-b197a6a56238.jpg,348,457,0.030428968546439623,False,False,"[457, 81, 450, 56, 458]"
val/06666_Plantae_Tracheophyta_Magnoliopsida_Asterales_Asteraceae_Calendula_officinalis/1246f9ed-55c9-454a-bb84-38ec756a3efd.jpg,348,141,0.010002961470912319,False,True,"[141, 436, 399, 348, 106]"
val/06666_Plantae_Tracheophyta_Magnoliopsida_Asterales_Asteraceae_Calendula_officinalis/1c44c89c-3b40-490b-b314-868dd80b6b03.jpg,348,460,0.016843871797807518,False,False,"[460, 292, 417, 68, 390]"
val/06666_Plantae_Tracheophyta_Magnoliopsida_Asterales_Asteraceae_Calendula_officinalis/4cd251dd-34b8-41fe-bfb2-99ba390d5613.jpg,348,398,0.012948463224607675,False,False,"[398, 301, 458, 411, 109]"
val/06666_Plantae_Tracheophyta_Magnoliopsida_Asterales_Asteraceae_Calendula_officinalis/4eacef83-a547-4faf-85c7-b3ed62e6d1cc.jpg,348,475,0.017607318722482383,False,False,"[475, 491, 274, 401, 47]"
val/06666_Plantae_Tracheophyta_Magnoliopsida_Asterales_Asteraceae_Calendula_officinalis/86346207-3b40-4d26-b1f3-a346f909baf4.jpg,348,98,0.00903353230875747,False,False,"[98, 415, 464, 40, 378]"
val/06666_Plantae_Tracheophyta_Magnoliopsida_Asterales_Asteraceae_Calendula_officinalis/a9e874ab-7416-45da-a2bb-38cbaa29b406.jpg,348,416,0.01027722156567513,False,False,"[416, 299, 311, 306, 318]"
val/06666_Plantae_Tracheophyta_Magnoliopsida_Asterales_Asteraceae_Calendula_officinalis/d4fc19da-75b5-4b9d-b4ed-0c3c9cc785d3.jpg,348,489,0.010580273536174458,False,False,"[489, 365, 485, 423, 223]"
val/06666_Plantae_Tracheophyta_Magnoliopsida_Asterales_Asteraceae_Calendula_officinalis/fd4bcc2a-428d-4d01-878a-a74e9b872070.jpg,348,364,0.010313198163087706,False,False,"[364, 1, 469, 78, 99]"
val/06671_Plantae_Tracheophyta_Magnoliopsida_Asterales_Asteraceae_Carduus_nutans/076509a9-7ce2-4e3e-b0c8-11253b3d9125.jpg,349,407,0.00966601297203316,False,False,"[407, 431, 443, 399, 473]"
val/06671_Plantae_Tracheophyta_Magnoliopsida_Asterales_Asteraceae_Carduus_nutans/29e589d3-9df0-42f0-8346-dc90ed401126.jpg,349,124,0.023004893239903478,False,False,"[124, 23, 140, 205, 244]"
val/06671_Plantae_Tracheophyta_Magnoliopsida_Asterales_Asteraceae_Carduus_nutans/35f2bea8-eecd-49e6-b93a-12732d774903.jpg,349,193,0.008860050924840285,False,False,"[193, 141, 212, 26, 289]"
val/06671_Plantae_Tracheophyta_Magnoliopsida_Asterales_Asteraceae_Carduus_nutans/4d99475e-8643-48e7-a625-7ccb2cea4514.jpg,349,168,0.022175249033355934,False,False,"[168, 348, 105, 393, 15]"
val/06671_Plantae_Tracheophyta_Magnoliopsida_Asterales_Asteraceae_Carduus_nutans/7b9837b7-642c-40e8-9346-adc5992097af.jpg,349,403,0.011305199328468473,False,False,"[403, 407, 367, 420, 311]"
val/06671_Plantae_Tracheophyta_Magnoliopsida_Asterales_Asteraceae_Carduus_nutans/b15a90e4-4f4c-4498-9bcd-3a038f9a6358.jpg,349,450,0.009255329742787555,False,False,"[450, 151, 94, 422, 97]"
val/06671_Plantae_Tracheophyta_Magnoliopsida_Asterales_Asteraceae_Carduus_nutans/c370580b-5c29-44aa-be18-4c4fcad4222a.jpg,349,479,0.009121348587286828,False,False,"[479, 33, 8, 19, 67]"
val/06671_Plantae_Tracheophyta_Magnoliopsida_Asterales_Asteraceae_Carduus_nutans/cb4ae293-0bc2-4637-a2a3-16eb108ba25f.jpg,349,383,0.01731206813309826,False,False,"[383, 306, 455, 327, 491]"
val/06671_Plantae_Tracheophyta_Magnoliopsida_Asterales_Asteraceae_Carduus_nutans/e9c65055-e42b-4106-8816-0b61419881d3.jpg,349,289,0.01544003979633203,False,False,"[289, 50, 130, 86, 83]"
val/06671_Plantae_Tracheophyta_Magnoliopsida_Asterales_Asteraceae_Carduus_nutans/f7be45e9-ae43-45b4-9f22-a54556180dcc.jpg,349,307,0.01873680578573564,False,False,"[307, 331, 305, 353, 36]"
val/06688_Plantae_Tracheophyta_Magnoliopsida_Asterales_Asteraceae_Chaenactis_carphoclinia/1847dabd-6dba-49a5-9961-441547803f2f.jpg,350,488,0.011547804734512265,False,False,"[488, 292, 435, 433, 297]"
val/06688_Plantae_Tracheophyta_Magnoliopsida_Asterales_Asteraceae_Chaenactis_carphoclinia/20ca33ba-d16e-4453-9671-16d6726c3a72.jpg,350,416,0.015342379423429243,False,False,"[416, 450, 486, 104, 399]"
val/06688_Plantae_Tracheophyta_Magnoliopsida_Asterales_Asteraceae_Chaenactis_carphoclinia/29108160-e556-4c26-93f6-d96f87e159f8.jpg,350,373,0.016670543988442223,False,False,"[373, 465, 79, 292, 276]"
val/06688_Plantae_Tracheophyta_Magnoliopsida_Asterales_Asteraceae_Chaenactis_carphoclinia/37bc3834-390c-440d-9c93-c272cb91fa39.jpg,350,37,0.008750955570525215,False,False,"[37, 398, 77, 445, 479]"
val/06688_Plantae_Tracheophyta_Magnoliopsida_Asterales_Asteraceae_Chaenactis_carphoclinia/4728c951-2171-4ed2-82b5-8798df834ca7.jpg,350,174,0.02023650976727064,False,False,"[174, 62, 175, 235, 131]"
val/06688_Plantae_Tracheophyta_Magnoliopsida_Asterales_Asteraceae_Chaenactis_carphoclinia/4e0fd0cc-11dd-4d1c-8ba2-34f0a4dcfaf9.jpg,350,410,0.01882957180559893,False,False,"[410, 308, 402, 467, 379]"
val/06688_Plantae_Tracheophyta_Magnoliopsida_Asterales_Asteraceae_Chaenactis_carphoclinia/75434bd9-451f-4ab9-b052-15eadd8f3b7e.jpg,350,146,0.01619295526319198,False,False,"[146, 324, 180, 142, 129]"
val/06688_Plantae_Tracheophyta_Magnoliopsida_Asterales_Asteraceae_Chaenactis_carphoclinia/b48049a1-7fa3-4ccd-8a20-8dc510d6d3de.jpg,350,430,0.011616346109624935,False,False,"[430, 355, 338, 33, 424]"
val/06688_Plantae_Tracheophyta_Magnoliopsida_Asterales_Asteraceae_Chaenactis_carphoclinia/d833b1fd-435e-464a-900c-9fa46d82fba0.jpg,350,464,0.010316746417172116,False,False,"[464, 439, 490, 342, 445]"
val/06688_Plantae_Tracheophyta_Magnoliopsida_Asterales_Asteraceae_Chaenactis_carphoclinia/ed4607e3-ca50-44e8-a203-d4140d1fa7fc.jpg,350,479,0.009083460341033484,False,False,"[479, 435, 153, 308, 67]"
val/06751_Plantae_Tracheophyta_Magnoliopsida_Asterales_Asteraceae_Echinops_ritro/1406d6a0-5f07-4108-bedc-a19152628c40.jpg,351,306,0.01579994628761363,False,False,"[306, 427, 48, 327, 314]"
val/06751_Plantae_Tracheophyta_Magnoliopsida_Asterales_Asteraceae_Echinops_ritro/1b5216d5-c577-4115-ad26-b0ede40d2e8c.jpg,351,42,0.021469791190411393,False,False,"[42, 37, 448, 339, 131]"
val/06751_Plantae_Tracheophyta_Magnoliopsida_Asterales_Asteraceae_Echinops_ritro/4e5067bd-b8e2-4ef4-bdbe-0515fa41efc0.jpg,351,491,0.011245667774077872,False,True,"[491, 311, 351, 337, 398]"
val/06751_Plantae_Tracheophyta_Magnoliopsida_Asterales_Asteraceae_Echinops_ritro/88cd332d-6a80-473e-818e-a188ed94df8b.jpg,351,492,0.015975373362203088,False,False,"[492, 343, 251, 497, 441]"
val/06751_Plantae_Tracheophyta_Magnoliopsida_Asterales_Asteraceae_Echinops_ritro/95dd024e-2e05-4867-8fd8-a7ae6c94bcfe.jpg,351,412,0.009968727720131179,False,False,"[412, 338, 334, 455, 420]"
val/06751_Plantae_Tracheophyta_Magnoliopsida_Asterales_Asteraceae_Echinops_ritro/9ea16a18-656c-45e8-adf1-c3c3f812bfca.jpg,351,491,0.018240887840267065,False,False,"[491, 380, 324, 415, 265]"
val/06751_Plantae_Tracheophyta_Magnoliopsida_Asterales_Asteraceae_Echinops_ritro/e15cfe24-c2b8-43a6-8905-fcd98a0d21af.jpg,351,467,0.023092599897688332,False,False,"[467, 455, 306, 305, 329]"
val/06751_Plantae_Tracheophyta_Magnoliopsida_Asterales_Asteraceae_Echinops_ritro/e1a78a8f-9717-4fc1-af37-1a258879fc49.jpg,351,403,0.017403228250265905,False,False,"[403, 367, 307, 448, 308]"
val/06751_Plantae_Tracheophyta_Magnoliopsida_Asterales_Asteraceae_Echinops_ritro/f1d68f71-1921-413d-a40b-7bbb341dbcf0.jpg,351,314,0.014063532600332058,False,False,"[314, 453, 498, 306, 387]"
val/06751_Plantae_Tracheophyta_Magnoliopsida_Asterales_Asteraceae_Echinops_ritro/fc0b31e4-383c-45c7-949b-76fd7313b0f0.jpg,351,122,0.008855262364932111,False,False,"[122, 324, 318, 8, 168]"
val/06762_Plantae_Tracheophyta_Magnoliopsida_Asterales_Asteraceae_Engelmannia_peristenia/07364e3f-5a9a-4412-8248-b10f74221e9f.jpg,352,407,0.03871278191551169,False,False,"[407, 346, 363, 404, 413]"
val/06762_Plantae_Tracheophyta_Magnoliopsida_Asterales_Asteraceae_Engelmannia_peristenia/1dc098b2-c029-45fd-99f0-ac5d3d325073.jpg,352,367,0.03658449650806053,False,False,"[367, 383, 380, 363, 263]"
val/06762_Plantae_Tracheophyta_Magnoliopsida_Asterales_Asteraceae_Engelmannia_peristenia/2504d626-6d54-47b8-bc34-e454af38aaaf.jpg,352,440,0.011317403840010806,False,False,"[440, 452, 289, 256, 261]"
val/06762_Plantae_Tracheophyta_Magnoliopsida_Asterales_Asteraceae_Engelmannia_peristenia/5f672143-76a0-482a-b422-71cd7edd1c71.jpg,352,467,0.012307502268648081,False,False,"[467, 353, 437, 388, 378]"
val/06762_Plantae_Tracheophyta_Magnoliopsida_Asterales_Asteraceae_Engelmannia_peristenia/8ad7e62c-c42e-4eca-91af-e0e1ad49fc93.jpg,352,348,0.010127100077609384,False,False,"[348, 404, 475, 112, 98]"
val/06762_Plantae_Tracheophyta_Magnoliopsida_Asterales_Asteraceae_Engelmannia_peristenia/acd5be0c-431e-40e4-9145-c79792484207.jpg,352,461,0.009385218065899032,False,False,"[461, 278, 282, 33, 476]"
val/06762_Plantae_Tracheophyta_Magnoliopsida_Asterales_Asteraceae_Engelmannia_peristenia/b140a665-3313-495c-a50b-8af7e8ca14c9.jpg,352,337,0.009939353072229987,False,False,"[337, 452, 316, 167, 261]"
val/06762_Plantae_Tracheophyta_Magnoliopsida_Asterales_Asteraceae_Engelmannia_peristenia/dfe9b7d4-f25f-46ef-b1d7-86262a31cc83.jpg,352,302,0.009304334977627378,False,False,"[302, 357, 315, 492, 96]"
val/06762_Plantae_Tracheophyta_Magnoliopsida_Asterales_Asteraceae_Engelmannia_peristenia/e3e3d650-1cf0-40d2-9847-5b73bbb32dd4.jpg,352,341,0.01212916098657151,False,False,"[341, 467, 433, 499, 355]"
val/06762_Plantae_Tracheophyta_Magnoliopsida_Asterales_Asteraceae_Engelmannia_peristenia/f3f7d61b-1212-4d83-85e4-d9d2e6145354.jpg,352,314,0.04038654929767572,False,False,"[314, 368, 467, 438, 444]"
val/06795_Plantae_Tracheophyta_Magnoliopsida_Asterales_Asteraceae_Euthamia_graminifolia/2417620c-0620-403b-9794-931620cb7f07.jpg,353,433,0.015500781312088827,False,False,"[433, 418, 42, 245, 398]"
val/06795_Plantae_Tracheophyta_Magnoliopsida_Asterales_Asteraceae_Euthamia_graminifolia/2e3ec7fb-2a45-4a02-bb4f-b8272cf85b81.jpg,353,403,0.016332444895045865,False,False,"[403, 346, 363, 364, 319]"
val/06795_Plantae_Tracheophyta_Magnoliopsida_Asterales_Asteraceae_Euthamia_graminifolia/55d9ce34-8e27-4c0d-a783-3a6bee6828c1.jpg,353,448,0.015933090649885667,False,False,"[448, 313, 332, 366, 380]"
val/06795_Plantae_Tracheophyta_Magnoliopsida_Asterales_Asteraceae_Euthamia_graminifolia/74eea2a1-f0c4-4e37-9e43-9411efd7b04a.jpg,353,444,0.011755514752695808,False,False,"[444, 480, 341, 417, 413]"
val/06795_Plantae_Tracheophyta_Magnoliopsida_Asterales_Asteraceae_Euthamia_graminifolia/81d5edae-842c-4646-adf4-3d4126d0a258.jpg,353,443,0.016279565472887857,False,False,"[443, 68, 409, 337, 404]"
val/06795_Plantae_Tracheophyta_Magnoliopsida_Asterales_Asteraceae_Euthamia_graminifolia/8f78a37a-732e-4085-aed6-1da1acc69104.jpg,353,306,0.014069410640074036,False,True,"[306, 353, 368, 444, 361]"
val/06795_Plantae_Tracheophyta_Magnoliopsida_Asterales_Asteraceae_Euthamia_graminifolia/ac0b35fd-bb5c-4674-9c1b-c7e932667c19.jpg,353,401,0.012899945094184408,False,False,"[401, 418, 271, 455, 489]"
val/06795_Plantae_Tracheophyta_Magnoliopsida_Asterales_Asteraceae_Euthamia_graminifolia/ac591921-ad5c-4c15-b48e-b5fc387ad94e.jpg,353,306,0.013084812928723578,False,False,"[306, 447, 464, 46, 221]"
val/06795_Plantae_Tracheophyta_Magnoliopsida_Asterales_Asteraceae_Euthamia_graminifolia/dc8639dd-0184-4251-8aab-049cabfa5dae.jpg,353,343,0.011913623340294449,False,False,"[343, 352, 314, 438, 339]"
val/06795_Plantae_Tracheophyta_Magnoliopsida_Asterales_Asteraceae_Euthamia_graminifolia/ee0e96e3-64f1-451e-a592-68140440c7a0.jpg,353,419,0.011545726749820016,False,False,"[419, 376, 417, 368, 110]"
val/06844_Plantae_Tracheophyta_Magnoliopsida_Asterales_Asteraceae_Hymenopappus_scabiosaeus/3b1277a4-1e60-4186-816e-38a9c7d3efd4.jpg,354,376,0.01037858254724486,False,False,"[376, 420, 346, 373, 410]"
val/06844_Plantae_Tracheophyta_Magnoliopsida_Asterales_Asteraceae_Hymenopappus_scabiosaeus/4a81ac5a-5c51-4a5c-a45b-bda0c4df4735.jpg,354,461,0.016354827720791183,False,False,"[461, 434, 112, 339, 357]"
val/06844_Plantae_Tracheophyta_Magnoliopsida_Asterales_Asteraceae_Hymenopappus_scabiosaeus/56c1079c-63c0-4848-82aa-fd8ebfa6158b.jpg,354,477,0.010169384540833687,False,False,"[477, 320, 289, 373, 338]"
val/06844_Plantae_Tracheophyta_Magnoliopsida_Asterales_Asteraceae_Hymenopappus_scabiosaeus/70c35a3e-7464-4c1b-afcf-02de22e25b3c.jpg,354,380,0.01790996579951713,False,False,"[380, 54, 493, 289, 447]"
val/06844_Plantae_Tracheophyta_Magnoliopsida_Asterales_Asteraceae_Hymenopappus_scabiosaeus/858b84f4-4b40-468f-ab07-a13bcb88874f.jpg,354,401,0.016815710316077495,False,False,"[401, 323, 402, 313, 341]"
val/06844_Plantae_Tracheophyta_Magnoliopsida_Asterales_Asteraceae_Hymenopappus_scabiosaeus/8cf4512b-0702-4953-af07-735933a9a8d1.jpg,354,289,0.012948818092397528,False,False,"[289, 307, 308, 448, 373]"
val/06844_Plantae_Tracheophyta_Magnoliopsida_Asterales_Asteraceae_Hymenopappus_scabiosaeus/b7f495e2-b205-4fc3-878f-f77639eac12d.jpg,354,341,0.012700684844249022,False,False,"[341, 460, 413, 344, 358]"
val/06844_Plantae_Tracheophyta_Magnoliopsida_Asterales_Asteraceae_Hymenopappus_scabiosaeus/c0558425-2d77-4fb5-aa2b-0be8e4cb75e4.jpg,354,478,0.010124803524268153,False,False,"[478, 480, 24, 20, 36]"
val/06844_Plantae_Tracheophyta_Magnoliopsida_Asterales_Asteraceae_Hymenopappus_scabiosaeus/c4c514de-95eb-4114-88cc-cef6fba9894f.jpg,354,453,0.011382908559519083,False,False,"[453, 477, 398, 322, 274]"
val/06844_Plantae_Tracheophyta_Magnoliopsida_Asterales_Asteraceae_Hymenopappus_scabiosaeus/fd38dc01-bd9e-4d58-b3f1-fe7ce155f328.jpg,354,151,0.010777783253180457,False,False,"[151, 479, 287, 475, 462]"
val/06848_Plantae_Tracheophyta_Magnoliopsida_Asterales_Asteraceae_Inula_helenium/1564ffca-f18a-4b65-b48a-d9bde96aa2a7.jpg,355,258,0.015946221987106088,False,False,"[258, 254, 434, 412, 433]"
val/06848_Plantae_Tracheophyta_Magnoliopsida_Asterales_Asteraceae_Inula_helenium/2cfcbd80-1edb-428d-bd34-66b29fb93468.jpg,355,268,0.017811410050734562,False,False,"[268, 428, 36, 401, 379]"
val/06848_Plantae_Tracheophyta_Magnoliopsida_Asterales_Asteraceae_Inula_helenium/5c18cbf5-2bb3-4155-9d72-25a151b13a17.jpg,355,421,0.01243585650158522,False,False,"[421, 498, 362, 463, 460]"
val/06848_Plantae_Tracheophyta_Magnoliopsida_Asterales_Asteraceae_Inula_helenium/772d2097-a8ae-4659-a231-a95025a801e6.jpg,355,407,0.01197485945741666,False,False,"[407, 360, 396, 475, 339]"
val/06848_Plantae_Tracheophyta_Magnoliopsida_Asterales_Asteraceae_Inula_helenium/7bb3b663-3530-4ca4-abbd-2bb342e11299.jpg,355,154,0.016123622267101647,False,False,"[154, 484, 292, 49, 276]"
val/06848_Plantae_Tracheophyta_Magnoliopsida_Asterales_Asteraceae_Inula_helenium/7cc5c0d4-d113-46fa-a924-0be00f41c9c9.jpg,355,498,0.015914901320357253,False,True,"[498, 355, 358, 396, 454]"
val/06848_Plantae_Tracheophyta_Magnoliopsida_Asterales_Asteraceae_Inula_helenium/91d5ba08-6d9a-4d54-908e-6285c678e739.jpg,355,339,0.009806490850381008,False,False,"[339, 326, 421, 298, 364]"
val/06848_Plantae_Tracheophyta_Magnoliopsida_Asterales_Asteraceae_Inula_helenium/a2753535-d50c-4b13-b530-540e24a0ae78.jpg,355,445,0.012640470279039724,False,False,"[445, 392, 400, 460, 387]"
val/06848_Plantae_Tracheophyta_Magnoliopsida_Asterales_Asteraceae_Inula_helenium/d7c480ab-43c2-4737-be20-876cd61d21ef.jpg,355,498,0.011172773208986263,False,False,"[498, 358, 199, 432, 158]"
val/06848_Plantae_Tracheophyta_Magnoliopsida_Asterales_Asteraceae_Inula_helenium/e25d044f-4f2e-4279-a53a-fe74c575e356.jpg,355,132,0.00816467995931979,False,False,"[132, 350, 488, 398, 347]"
val/06854_Plantae_Tracheophyta_Magnoliopsida_Asterales_Asteraceae_Ixeris_chinensis/06d12650-2cd6-4552-a3b9-41b583181b8d.jpg,356,351,0.011586045799658573,False,False,"[351, 208, 378, 448, 489]"
val/06854_Plantae_Tracheophyta_Magnoliopsida_Asterales_Asteraceae_Ixeris_chinensis/49591f08-f17f-4d52-b681-818cfaf05d8d.jpg,356,442,0.014942100962737176,False,True,"[442, 306, 387, 453, 356]"
val/06854_Plantae_Tracheophyta_Magnoliopsida_Asterales_Asteraceae_Ixeris_chinensis/5238dcef-2f88-4e09-b390-b11a925da939.jpg,356,154,0.009489555397184853,False,False,"[154, 178, 9, 371, 194]"
val/06854_Plantae_Tracheophyta_Magnoliopsida_Asterales_Asteraceae_Ixeris_chinensis/54d88d96-fd33-4422-bc24-df342550a358.jpg,356,452,0.010648828730996136,False,False,"[452, 390, 479, 453, 491]"
val/06854_Plantae_Tracheophyta_Magnoliopsida_Asterales_Asteraceae_Ixeris_chinensis/55d8dc18-d998-448c-b92a-9e328c9ff32c.jpg,356,496,0.00821176587963612,False,False,"[496, 323, 488, 433, 297]"
val/06854_Plantae_Tracheophyta_Magnoliopsida_Asterales_Asteraceae_Ixeris_chinensis/8e90b54a-7f9a-44c6-9931-ed673f29eb92.jpg,356,449,0.016828796112800724,False,False,"[449, 394, 374, 246, 126]"
val/06854_Plantae_Tracheophyta_Magnoliopsida_Asterales_Asteraceae_Ixeris_chinensis/a197085c-e8a1-490c-a805-411c4fa74132.jpg,356,495,0.011136313334581927,False,False,"[495, 369, 339, 309, 434]"
val/06854_Plantae_Tracheophyta_Magnoliopsida_Asterales_Asteraceae_Ixeris_chinensis/c1dba461-bee8-4557-9568-0cb973e0fbab.jpg,356,337,0.0189259605041018,False,False,"[337, 353, 476, 453, 416]"
val/06854_Plantae_Tracheophyta_Magnoliopsida_Asterales_Asteraceae_Ixeris_chinensis/e451f4c1-9874-4abd-a23f-d18257fdaec9.jpg,356,476,0.009934025210124051,False,False,"[476, 408, 297, 434, 329]"
val/06854_Plantae_Tracheophyta_Magnoliopsida_Asterales_Asteraceae_Ixeris_chinensis/fcf0f0ad-528e-4185-ad30-eaf181692974.jpg,356,360,0.01030161631161009,False,False,"[360, 412, 17, 387, 476]"
val/06861_Plantae_Tracheophyta_Magnoliopsida_Asterales_Asteraceae_Lactuca_canadensis/0b604305-d00e-4812-8112-e2549dcba40f.jpg,357,341,0.011544298668334188,False,False,"[341, 402, 360, 458, 275]"
val/06861_Plantae_Tracheophyta_Magnoliopsida_Asterales_Asteraceae_Lactuca_canadensis/0bf9093a-dc16-4169-82ae-b7bf6f17311f.jpg,357,131,0.009127310535065877,False,False,"[131, 141, 69, 158, 19]"
val/06861_Plantae_Tracheophyta_Magnoliopsida_Asterales_Asteraceae_Lactuca_canadensis/333a8123-6732-4cef-890a-d458a350b655.jpg,357,329,0.011075123565638268,False,False,"[329, 318, 315, 272, 453]"
val/06861_Plantae_Tracheophyta_Magnoliopsida_Asterales_Asteraceae_Lactuca_canadensis/61631422-928f-42b9-9f2d-2011acd80aab.jpg,357,17,0.0158727032072955,False,False,"[17, 7, 163, 192, 65]"
val/06861_Plantae_Tracheophyta_Magnoliopsida_Asterales_Asteraceae_Lactuca_canadensis/6bb6d390-32d1-4e68-9758-0ec9fba42961.jpg,357,455,0.019327558259534253,False,False,"[455, 324, 449, 348, 134]"
val/06861_Plantae_Tracheophyta_Magnoliopsida_Asterales_Asteraceae_Lactuca_canadensis/7165cd4e-4c93-4a97-8f15-7dcd2615b3d5.jpg,357,243,0.010943957147619289,False,False,"[243, 406, 219, 225, 209]"
val/06861_Plantae_Tracheophyta_Magnoliopsida_Asterales_Asteraceae_Lactuca_canadensis/a0755ea5-990d-427e-a78a-709125d3e043.jpg,357,13,0.011263520753291978,False,False,"[13, 129, 180, 128, 244]"
val/06861_Plantae_Tracheophyta_Magnoliopsida_Asterales_Asteraceae_Lactuca_canadensis/a8cba048-0aa2-47f4-a9d5-f02690437a96.jpg,357,143,0.009733996989546006,False,False,"[143, 63, 60, 124, 66]"
val/06861_Plantae_Tracheophyta_Magnoliopsida_Asterales_Asteraceae_Lactuca_canadensis/c35c46b7-8e7b-40a7-983e-db0a5c260964.jpg,357,387,0.010500650193185515,False,False,"[387, 351, 339, 401, 330]"
val/06861_Plantae_Tracheophyta_Magnoliopsida_Asterales_Asteraceae_Lactuca_canadensis/de969a13-44d2-4fd9-93c4-07d7bf77412e.jpg,357,2,0.00833004678498171,False,False,"[2, 498, 495, 362, 314]"
val/06884_Plantae_Tracheophyta_Magnoliopsida_Asterales_Asteraceae_Madia_elegans/0e69b82d-0072-40aa-84d3-143d9fd7be55.jpg,358,249,0.014134476508755187,False,False,"[249, 386, 323, 392, 413]"
val/06884_Plantae_Tracheophyta_Magnoliopsida_Asterales_Asteraceae_Madia_elegans/0fcc3c17-ef90-4cf5-b9f8-d949bfdd3df2.jpg,358,407,0.013845551067076745,False,False,"[407, 491, 455, 369, 489]"
val/06884_Plantae_Tracheophyta_Magnoliopsida_Asterales_Asteraceae_Madia_elegans/2c8ba4bc-9dc7-45fa-82b8-de48a70284f1.jpg,358,378,0.009872142182172024,False,False,"[378, 15, 356, 328, 146]"
val/06884_Plantae_Tracheophyta_Magnoliopsida_Asterales_Asteraceae_Madia_elegans/319594bd-0ba2-42f5-99b3-c7937d9cf4ac.jpg,358,493,0.009602335658176041,False,False,"[493, 494, 288, 105, 233]"
val/06884_Plantae_Tracheophyta_Magnoliopsida_Asterales_Asteraceae_Madia_elegans/39e4899c-f9f3-4020-9f00-15f9499a7dc2.jpg,358,417,0.011568513159694049,False,False,"[417, 376, 378, 475, 20]"
val/06884_Plantae_Tracheophyta_Magnoliopsida_Asterales_Asteraceae_Madia_elegans/663c8cb9-60ea-484f-afb0-ee647488ea8d.jpg,358,410,0.009754200447823465,False,False,"[410, 493, 156, 269, 384]"
val/06884_Plantae_Tracheophyta_Magnoliopsida_Asterales_Asteraceae_Madia_elegans/7b2f3bef-f285-4ad1-9d19-2b1ecabd75be.jpg,358,398,0.016191832429475465,False,False,"[398, 413, 335, 403, 454]"
val/06884_Plantae_Tracheophyta_Magnoliopsida_Asterales_Asteraceae_Madia_elegans/7fbdedf0-1739-4e56-8e2c-9d895c3f63d1.jpg,358,401,0.014288217299468907,False,False,"[401, 403, 402, 482, 380]"
val/06884_Plantae_Tracheophyta_Magnoliopsida_Asterales_Asteraceae_Madia_elegans/826d083d-b9c3-4e37-94a6-aa3d2bd4a699.jpg,358,161,0.016262310856856196,False,False,"[161, 494, 496, 309, 383]"
val/06884_Plantae_Tracheophyta_Magnoliopsida_Asterales_Asteraceae_Madia_elegans/9cbf59fa-f2e4-44fb-accf-4d296d439ab5.jpg,358,354,0.011334043832147719,False,False,"[354, 445, 435, 498, 110]"
val/06891_Plantae_Tracheophyta_Magnoliopsida_Asterales_Asteraceae_Matricaria_discoidea/1c717442-3b07-4069-9270-8f85b749c587.jpg,359,403,0.01036906172767563,False,False,"[403, 416, 348, 317, 349]"
val/06891_Plantae_Tracheophyta_Magnoliopsida_Asterales_Asteraceae_Matricaria_discoidea/22d7933f-d693-4f2d-9024-f3e060a2be08.jpg,359,65,0.007854202597560466,False,False,"[65, 185, 228, 468, 464]"
val/06891_Plantae_Tracheophyta_Magnoliopsida_Asterales_Asteraceae_Matricaria_discoidea/3dc79907-9e66-4c1b-b529-497b6b289834.jpg,359,365,0.009815178904305572,False,False,"[365, 289, 101, 134, 187]"
val/06891_Plantae_Tracheophyta_Magnoliopsida_Asterales_Asteraceae_Matricaria_discoidea/4cbb1fc3-5257-4f26-8dd7-a114caa6dfe7.jpg,359,402,0.010963088529942681,False,False,"[402, 448, 363, 331, 371]"
val/06891_Plantae_Tracheophyta_Magnoliopsida_Asterales_Asteraceae_Matricaria_discoidea/54da7535-bab8-4604-b7f9-620e5456cc05.jpg,359,373,0.03029045645693993,False,True,"[373, 37, 359, 467, 483]"
val/06891_Plantae_Tracheophyta_Magnoliopsida_Asterales_Asteraceae_Matricaria_discoidea/5fccd35a-86e5-4ce8-9d27-a8559e0bd615.jpg,359,367,0.009121882037586277,False,False,"[367, 302, 414, 95, 14]"
val/06891_Plantae_Tracheophyta_Magnoliopsida_Asterales_Asteraceae_Matricaria_discoidea/78c23d4e-509b-4b13-b02a-866f4eb31ca5.jpg,359,321,0.015064030254223218,False,False,"[321, 306, 382, 418, 444]"
val/06891_Plantae_Tracheophyta_Magnoliopsida_Asterales_Asteraceae_Matricaria_discoidea/85880939-fed6-4f30-9396-da55525a10f9.jpg,359,380,0.013357549497691107,False,False,"[380, 397, 372, 391, 264]"
val/06891_Plantae_Tracheophyta_Magnoliopsida_Asterales_Asteraceae_Matricaria_discoidea/90a21fc6-2027-4e5b-86a9-86c46ec435c3.jpg,359,413,0.01638355004807117,False,False,"[413, 387, 365, 351, 481]"
val/06891_Plantae_Tracheophyta_Magnoliopsida_Asterales_Asteraceae_Matricaria_discoidea/958e51b6-9a28-4002-837c-7f1b6be39ef8.jpg,359,482,0.010379520557328966,False,False,"[482, 418, 371, 351, 366]"
val/06911_Plantae_Tracheophyta_Magnoliopsida_Asterales_Asteraceae_Osteospermum_moniliferum/26acc931-ba50-4f07-902a-907ee37ee3da.jpg,360,427,0.0139551865727511,False,False,"[427, 405, 468, 459, 429]"
val/06911_Plantae_Tracheophyta_Magnoliopsida_Asterales_Asteraceae_Osteospermum_moniliferum/3e4cda51-9db1-45c9-879a-96d80ff6bdc3.jpg,360,380,0.02136823440362409,False,False,"[380, 402, 480, 341, 407]"
val/06911_Plantae_Tracheophyta_Magnoliopsida_Asterales_Asteraceae_Osteospermum_moniliferum/3e76472a-659c-4ee0-8deb-c0aee05dfe73.jpg,360,362,0.016534509364554268,False,True,"[362, 234, 448, 355, 360]"
val/06911_Plantae_Tracheophyta_Magnoliopsida_Asterales_Asteraceae_Osteospermum_moniliferum/43583179-1ea8-4a69-b19e-05a082744b24.jpg,360,494,0.012221965345661157,False,False,"[494, 379, 103, 386, 477]"
val/06911_Plantae_Tracheophyta_Magnoliopsida_Asterales_Asteraceae_Osteospermum_moniliferum/57195926-8d01-4ea3-b0cb-cb99d5656a63.jpg,360,340,0.015256519513545938,False,False,"[340, 359, 403, 367, 68]"
val/06911_Plantae_Tracheophyta_Magnoliopsida_Asterales_Asteraceae_Osteospermum_moniliferum/70c1af8d-481a-4346-b312-4c85e1eba477.jpg,360,448,0.006597916869894829,False,False,"[448, 460, 341, 401, 380]"
val/06911_Plantae_Tracheophyta_Magnoliopsida_Asterales_Asteraceae_Osteospermum_moniliferum/7c183338-4582-43f9-9f94-330f95054ebf.jpg,360,171,0.021910447376013248,False,True,"[171, 207, 403, 354, 360]"
val/06911_Plantae_Tracheophyta_Magnoliopsida_Asterales_Asteraceae_Osteospermum_moniliferum/9afb191d-0930-41bd-a085-9b9cc1f8093a.jpg,360,363,0.01799613406442991,False,False,"[363, 402, 475, 346, 413]"
val/06911_Plantae_Tracheophyta_Magnoliopsida_Asterales_Asteraceae_Osteospermum_moniliferum/af6dfdaf-4f17-45c8-8f3f-1a64dcc81d46.jpg,360,363,0.017000563086852907,False,False,"[363, 422, 498, 476, 38]"
val/06911_Plantae_Tracheophyta_Magnoliopsida_Asterales_Asteraceae_Osteospermum_moniliferum/b15315ae-ccd8-4d98-9b8f-d62723875a61.jpg,360,338,0.010368285322951068,False,False,"[338, 392, 459, 465, 257]"
val/06920_Plantae_Tracheophyta_Magnoliopsida_Asterales_Asteraceae_Palafoxia_callosa/1cca9de1-012c-4cb2-a652-d8e4905fd022.jpg,361,306,0.012894778053110862,False,False,"[306, 314, 311, 412, 332]"
val/06920_Plantae_Tracheophyta_Magnoliopsida_Asterales_Asteraceae_Palafoxia_callosa/22607dd7-1681-4f3a-8e02-2d5b62fd59b9.jpg,361,400,0.01002251012375214,False,False,"[400, 459, 304, 110, 209]"
val/06920_Plantae_Tracheophyta_Magnoliopsida_Asterales_Asteraceae_Palafoxia_callosa/3767e9c3-f129-494a-a14b-7b4688220f61.jpg,361,483,0.01573904320465951,False,False,"[483, 417, 403, 222, 332]"
val/06920_Plantae_Tracheophyta_Magnoliopsida_Asterales_Asteraceae_Palafoxia_callosa/53849547-6d39-4495-a899-e415165b9bbb.jpg,361,376,0.01701304845865127,False,False,"[376, 380, 359, 379, 378]"
val/06920_Plantae_Tracheophyta_Magnoliopsida_Asterales_Asteraceae_Palafoxia_callosa/9076ce61-809a-46ee-b802-ca5d1265bb81.jpg,361,440,0.011269529130336027,False,False,"[440, 380, 419, 398, 390]"
val/06920_Plantae_Tracheophyta_Magnoliopsida_Asterales_Asteraceae_Palafoxia_callosa/9f4d70fc-aa8c-4488-8f12-405170f0fb2f.jpg,361,342,0.010719167794335736,False,False,"[342, 470, 37, 405, 480]"
val/06920_Plantae_Tracheophyta_Magnoliopsida_Asterales_Asteraceae_Palafoxia_callosa/a28d2399-771f-44ca-aabe-e7c979502135.jpg,361,497,0.00980690704352217,False,False,"[497, 402, 428, 347, 259]"
val/06920_Plantae_Tracheophyta_Magnoliopsida_Asterales_Asteraceae_Palafoxia_callosa/ad47dbc1-bc98-4ad4-9c2a-09c5cb9db524.jpg,361,475,0.017524499272139258,False,False,"[475, 457, 434, 380, 387]"
val/06920_Plantae_Tracheophyta_Magnoliopsida_Asterales_Asteraceae_Palafoxia_callosa/f31025b8-924e-4c69-8ee1-512b26b56ef7.jpg,361,390,0.010143368769024108,False,False,"[390, 108, 71, 70, 374]"
val/06920_Plantae_Tracheophyta_Magnoliopsida_Asterales_Asteraceae_Palafoxia_callosa/fa0f523a-6f05-4e7e-8eb8-ccfd18e270c0.jpg,361,412,0.017169470813738347,False,False,"[412, 419, 381, 347, 334]"
val/06933_Plantae_Tracheophyta_Magnoliopsida_Asterales_Asteraceae_Phaenocoma_prolifera/10f3eae0-f6e4-4e62-bb35-6416aa7aebfa.jpg,362,475,0.009245948621991398,False,False,"[475, 325, 417, 480, 469]"
val/06933_Plantae_Tracheophyta_Magnoliopsida_Asterales_Asteraceae_Phaenocoma_prolifera/174f959e-ccb0-4919-970a-4a763b656184.jpg,362,233,0.01017924616139563,False,False,"[233, 461, 421, 42, 477]"
val/06933_Plantae_Tracheophyta_Magnoliopsida_Asterales_Asteraceae_Phaenocoma_prolifera/36e0c0ec-5b5d-4985-ab49-72a063986b51.jpg,362,383,0.015851607568520568,False,False,"[383, 364, 322, 447, 488]"
val/06933_Plantae_Tracheophyta_Magnoliopsida_Asterales_Asteraceae_Phaenocoma_prolifera/495df1e1-0fb0-4602-b92b-2aed34a4b753.jpg,362,354,0.010171133712330286,False,False,"[354, 352, 358, 387, 304]"
val/06933_Plantae_Tracheophyta_Magnoliopsida_Asterales_Asteraceae_Phaenocoma_prolifera/7b3a71cf-0ae7-476b-9353-ccc971d69753.jpg,362,430,0.009936827555294151,False,False,"[430, 68, 338, 303, 460]"
val/06933_Plantae_Tracheophyta_Magnoliopsida_Asterales_Asteraceae_Phaenocoma_prolifera/b645892b-cb4d-4065-ba73-32d07a2e438b.jpg,362,335,0.010110643948831754,False,False,"[335, 333, 481, 314, 476]"
val/06933_Plantae_Tracheophyta_Magnoliopsida_Asterales_Asteraceae_Phaenocoma_prolifera/c96b0f03-c4df-4ffc-ba9e-d6175e0d3daf.jpg,362,355,0.010791099934107968,False,False,"[355, 341, 430, 398, 488]"
val/06933_Plantae_Tracheophyta_Magnoliopsida_Asterales_Asteraceae_Phaenocoma_prolifera/c97c4e1e-3543-42b8-b511-76032a561709.jpg,362,358,0.01060484908781068,False,False,"[358, 397, 367, 378, 38]"
val/06933_Plantae_Tracheophyta_Magnoliopsida_Asterales_Asteraceae_Phaenocoma_prolifera/de037709-cc95-4d92-b33f-a7914b3cadad.jpg,362,413,0.010392583241890083,False,False,"[413, 255, 480, 499, 434]"
val/06933_Plantae_Tracheophyta_Magnoliopsida_Asterales_Asteraceae_Phaenocoma_prolifera/ec8bc707-a780-4370-a80f-79703826a820.jpg,362,455,0.01593894733260642,False,False,"[455, 306, 324, 319, 462]"
val/06954_Plantae_Tracheophyta_Magnoliopsida_Asterales_Asteraceae_Pseudognaphalium_obtusifolium/09a15f37-2efe-4100-a96e-527368a33586.jpg,363,375,0.010151121939169547,False,False,"[375, 157, 37, 489, 370]"
val/06954_Plantae_Tracheophyta_Magnoliopsida_Asterales_Asteraceae_Pseudognaphalium_obtusifolium/1220735b-0766-4181-b595-12ff91af7826.jpg,363,360,0.016963473546446176,False,False,"[360, 413, 343, 398, 336]"
val/06954_Plantae_Tracheophyta_Magnoliopsida_Asterales_Asteraceae_Pseudognaphalium_obtusifolium/1915bace-667a-4094-8e7b-0b37ab3befc0.jpg,363,404,0.011480547200864812,False,False,"[404, 146, 442, 380, 129]"
val/06954_Plantae_Tracheophyta_Magnoliopsida_Asterales_Asteraceae_Pseudognaphalium_obtusifolium/3e4c770f-821f-4432-817a-d930f7c38e21.jpg,363,381,0.01562935062229691,False,False,"[381, 468, 262, 338, 443]"
val/06954_Plantae_Tracheophyta_Magnoliopsida_Asterales_Asteraceae_Pseudognaphalium_obtusifolium/440022bc-9400-4f50-a155-3b42805e547b.jpg,363,338,0.01567579066762896,False,False,"[338, 405, 380, 407, 403]"
val/06954_Plantae_Tracheophyta_Magnoliopsida_Asterales_Asteraceae_Pseudognaphalium_obtusifolium/a66c3bb1-7459-4df9-84d4-e306545bce28.jpg,363,358,0.010789708932205478,False,False,"[358, 360, 467, 97, 32]"
val/06954_Plantae_Tracheophyta_Magnoliopsida_Asterales_Asteraceae_Pseudognaphalium_obtusifolium/a7dc7c68-7511-46a9-9322-574e754e7f2d.jpg,363,27,0.009098919362740357,False,False,"[27, 319, 152, 449, 139]"
val/06954_Plantae_Tracheophyta_Magnoliopsida_Asterales_Asteraceae_Pseudognaphalium_obtusifolium/cfd5e627-13ad-4c85-baf0-68c4400572a8.jpg,363,455,0.012954988853805185,False,False,"[455, 343, 421, 354, 326]"
val/06954_Plantae_Tracheophyta_Magnoliopsida_Asterales_Asteraceae_Pseudognaphalium_obtusifolium/d461928a-c58d-4307-bb33-0d66c5782bcc.jpg,363,387,0.011033228916091386,False,False,"[387, 351, 411, 104, 291]"
val/06954_Plantae_Tracheophyta_Magnoliopsida_Asterales_Asteraceae_Pseudognaphalium_obtusifolium/dbbfb50a-7e81-4e06-beb1-f41cd079b652.jpg,363,266,0.014656908395766473,False,False,"[266, 307, 317, 470, 37]"
val/06959_Plantae_Tracheophyta_Magnoliopsida_Asterales_Asteraceae_Rafinesquia_neomexicana/0f612c2e-d3f0-4f25-bb63-a54e87717297.jpg,364,329,0.018550069921666835,False,False,"[329, 469, 376, 336, 455]"
val/06959_Plantae_Tracheophyta_Magnoliopsida_Asterales_Asteraceae_Rafinesquia_neomexicana/57ae1369-b97a-4cae-9226-e57814370c2e.jpg,364,371,0.016571816181384414,False,False,"[371, 375, 455, 313, 407]"
val/06959_Plantae_Tracheophyta_Magnoliopsida_Asterales_Asteraceae_Rafinesquia_neomexicana/63f4b80a-82df-4035-b7e6-9db06743d10b.jpg,364,443,0.018132315940958835,False,False,"[443, 329, 357, 472, 366]"
val/06959_Plantae_Tracheophyta_Magnoliopsida_Asterales_Asteraceae_Rafinesquia_neomexicana/66c57263-a98e-4680-8733-5679225e92aa.jpg,364,309,0.008717323280898857,False,False,"[309, 230, 126, 100, 191]"
val/06959_Plantae_Tracheophyta_Magnoliopsida_Asterales_Asteraceae_Rafinesquia_neomexicana/688d2601-8395-4889-a92a-614a59e45813.jpg,364,490,0.016514533252380482,False,False,"[490, 427, 450, 393, 292]"
val/06959_Plantae_Tracheophyta_Magnoliopsida_Asterales_Asteraceae_Rafinesquia_neomexicana/9047f031-4022-4845-8f41-eeb40773458f.jpg,364,404,0.015488790911207499,False,False,"[404, 375, 347, 436, 293]"
val/06959_Plantae_Tracheophyta_Magnoliopsida_Asterales_Asteraceae_Rafinesquia_neomexicana/bcb733d6-db1b-4ef0-88f1-a427fd321b92.jpg,364,407,0.024641573477264395,False,False,"[407, 346, 401, 403, 352]"
val/06959_Plantae_Tracheophyta_Magnoliopsida_Asterales_Asteraceae_Rafinesquia_neomexicana/d9933d12-5a53-425e-952e-7a6c4aecc13b.jpg,364,238,0.012211918318722825,False,False,"[238, 222, 494, 9, 318]"
val/06959_Plantae_Tracheophyta_Magnoliopsida_Asterales_Asteraceae_Rafinesquia_neomexicana/ddbcf3a8-f264-4bad-a55f-81ff6dd4bac0.jpg,364,353,0.012519949599856162,False,False,"[353, 407, 449, 431, 341]"
val/06959_Plantae_Tracheophyta_Magnoliopsida_Asterales_Asteraceae_Rafinesquia_neomexicana/f5d5fa8f-785c-4a4b-b5c6-f85e8ed7f1fa.jpg,364,357,0.016936818843924825,False,False,"[357, 379, 429, 290, 440]"
val/06969_Plantae_Tracheophyta_Magnoliopsida_Asterales_Asteraceae_Senecio_ampullaceus/07e096e5-ea3f-463a-aa1d-98d262999ff8.jpg,365,429,0.011191116630251335,False,False,"[429, 403, 390, 452, 328]"
val/06969_Plantae_Tracheophyta_Magnoliopsida_Asterales_Asteraceae_Senecio_ampullaceus/1459c98d-135c-453e-a4dc-e7fcf896249d.jpg,365,418,0.01110124873160863,False,False,"[418, 438, 319, 376, 324]"
val/06969_Plantae_Tracheophyta_Magnoliopsida_Asterales_Asteraceae_Senecio_ampullaceus/3f171d32-f5b7-482d-ad43-b02027a314ed.jpg,365,370,0.011345728393036296,False,False,"[370, 439, 357, 249, 256]"
val/06969_Plantae_Tracheophyta_Magnoliopsida_Asterales_Asteraceae_Senecio_ampullaceus/450faebc-d230-40c0-a476-055be52d06b2.jpg,365,486,0.01085964395388637,False,False,"[486, 401, 341, 435, 299]"
val/06969_Plantae_Tracheophyta_Magnoliopsida_Asterales_Asteraceae_Senecio_ampullaceus/7b8893f3-46c6-4805-a8c3-e830cce1ce1c.jpg,365,155,0.01458078657008318,False,True,"[155, 495, 362, 387, 365]"
val/06969_Plantae_Tracheophyta_Magnoliopsida_Asterales_Asteraceae_Senecio_ampullaceus/b7377208-4da6-4d20-a2b3-b5da2e4bb927.jpg,365,481,0.008954337797770714,False,False,"[481, 424, 247, 228, 484]"
val/06969_Plantae_Tracheophyta_Magnoliopsida_Asterales_Asteraceae_Senecio_ampullaceus/ec32e1a9-adfb-4422-86ac-60a09348a1b3.jpg,365,409,0.010657141292723207,False,False,"[409, 337, 408, 375, 484]"
val/06969_Plantae_Tracheophyta_Magnoliopsida_Asterales_Asteraceae_Senecio_ampullaceus/f2d7f9ab-89e5-41ef-ba48-398df855ad9f.jpg,365,491,0.012174192470742442,False,False,"[491, 421, 344, 398, 426]"
val/06969_Plantae_Tracheophyta_Magnoliopsida_Asterales_Asteraceae_Senecio_ampullaceus/f88dcad6-4873-4c0e-a431-80fa15d6c11d.jpg,365,308,0.011686283824844493,False,False,"[308, 398, 399, 101, 389]"
val/06969_Plantae_Tracheophyta_Magnoliopsida_Asterales_Asteraceae_Senecio_ampullaceus/fd74f05d-dbf8-4722-8a45-abab8aaa74ba.jpg,365,370,0.011703314125957922,False,False,"[370, 354, 387, 430, 341]"
val/06974_Plantae_Tracheophyta_Magnoliopsida_Asterales_Asteraceae_Senecio_inaequidens/07677644-413a-4305-a5c6-97678f5d2001.jpg,366,477,0.011615898618871977,False,False,"[477, 387, 10, 360, 353]"
val/06974_Plantae_Tracheophyta_Magnoliopsida_Asterales_Asteraceae_Senecio_inaequidens/26ca1345-c055-4fe8-9b0f-6f766e1c5524.jpg,366,386,0.012653142129448947,False,True,"[386, 440, 366, 324, 258]"
val/06974_Plantae_Tracheophyta_Magnoliopsida_Asterales_Asteraceae_Senecio_inaequidens/2d7018a8-13aa-4a39-9c1e-b38096a8eb01.jpg,366,386,0.018040984047749353,False,True,"[386, 475, 405, 366, 407]"
val/06974_Plantae_Tracheophyta_Magnoliopsida_Asterales_Asteraceae_Senecio_inaequidens/3110a76d-6563-4aae-a3ce-18898e0e607e.jpg,366,408,0.017503625749560717,False,False,"[408, 351, 397, 77, 35]"
val/06974_Plantae_Tracheophyta_Magnoliopsida_Asterales_Asteraceae_Senecio_inaequidens/5aaa917d-648b-47bd-bb71-ba83e98f38bf.jpg,366,282,0.00900046354244935,False,False,"[282, 296, 25, 225, 163]"
val/06974_Plantae_Tracheophyta_Magnoliopsida_Asterales_Asteraceae_Senecio_inaequidens/5ed565ca-b083-4c3d-b07e-d36649d9d1d0.jpg,366,468,0.011660631652496128,False,False,"[468, 341, 365, 387, 336]"
val/06974_Plantae_Tracheophyta_Magnoliopsida_Asterales_Asteraceae_Senecio_inaequidens/615848a9-a354-4414-a82b-ff0c86cacfbe.jpg,366,390,0.01016170851660216,False,False,"[390, 37, 15, 279, 388]"
val/06974_Plantae_Tracheophyta_Magnoliopsida_Asterales_Asteraceae_Senecio_inaequidens/7a5992af-85f5-4df5-ab58-5ac93642186b.jpg,366,365,0.01899218163900883,False,False,"[365, 407, 233, 435, 485]"
val/06974_Plantae_Tracheophyta_Magnoliopsida_Asterales_Asteraceae_Senecio_inaequidens/95d152d6-1394-47f8-8ef9-f5a023727190.jpg,366,491,0.012587827270540973,False,False,"[491, 443, 418, 376, 362]"
val/06974_Plantae_Tracheophyta_Magnoliopsida_Asterales_Asteraceae_Senecio_inaequidens/acc59c35-4c7e-4123-bc50-76908b7e5c11.jpg,366,237,0.011024861306708381,False,False,"[237, 84, 82, 250, 87]"
val/06984_Plantae_Tracheophyta_Magnoliopsida_Asterales_Asteraceae_Senecio_vulgaris/0bf0ec17-fddf-411b-a278-17cdf7f69ccd.jpg,367,144,0.015340594256384508,False,False,"[144, 485, 20, 402, 88]"
val/06984_Plantae_Tracheophyta_Magnoliopsida_Asterales_Asteraceae_Senecio_vulgaris/151ab25c-ee5c-461d-89ef-6a5088a708cb.jpg,367,483,0.012079727578920271,False,False,"[483, 37, 337, 298, 144]"
val/06984_Plantae_Tracheophyta_Magnoliopsida_Asterales_Asteraceae_Senecio_vulgaris/1b538fcd-567a-47aa-9ea9-f9bc8dfbcbb4.jpg,367,379,0.017556246553952617,False,False,"[379, 402, 401, 480, 485]"
val/06984_Plantae_Tracheophyta_Magnoliopsida_Asterales_Asteraceae_Senecio_vulgaris/21bee61e-3b54-43e4-9a34-c64bc65f0035.jpg,367,380,0.016234427977417656,False,False,"[380, 341, 480, 360, 433]"
val/06984_Plantae_Tracheophyta_Magnoliopsida_Asterales_Asteraceae_Senecio_vulgaris/4a46c6d8-a194-47e1-89ae-b3c94ad5b891.jpg,367,305,0.011462320700362768,False,False,"[305, 491, 351, 397, 337]"
val/06984_Plantae_Tracheophyta_Magnoliopsida_Asterales_Asteraceae_Senecio_vulgaris/73452e68-1e5e-4cd9-a0fa-6e6b114eaec2.jpg,367,181,0.015766222941825926,False,False,"[181, 86, 111, 85, 116]"
val/06984_Plantae_Tracheophyta_Magnoliopsida_Asterales_Asteraceae_Senecio_vulgaris/a07b3798-856c-4d3d-80fb-9347a28cbc2f.jpg,367,424,0.010014380941203322,False,False,"[424, 220, 206, 469, 449]"
val/06984_Plantae_Tracheophyta_Magnoliopsida_Asterales_Asteraceae_Senecio_vulgaris/b6bafd4c-73df-4b76-b075-df691d23db05.jpg,367,475,0.015972671850191366,False,False,"[475, 461, 387, 364, 458]"
val/06984_Plantae_Tracheophyta_Magnoliopsida_Asterales_Asteraceae_Senecio_vulgaris/ee83a3da-b451-499c-8116-e3416c58f82b.jpg,367,448,0.009483472796734674,False,False,"[448, 374, 107, 403, 276]"
val/06984_Plantae_Tracheophyta_Magnoliopsida_Asterales_Asteraceae_Senecio_vulgaris/f950ab32-154f-4cb5-8fc1-8f825912185a.jpg,367,290,0.009914894962480695,False,False,"[290, 379, 373, 345, 283]"
val/07016_Plantae_Tracheophyta_Magnoliopsida_Asterales_Asteraceae_Stephanomeria_pauciflora/11dd5c57-465b-4f63-932c-abd8b477ddcf.jpg,368,162,0.014688654584015404,False,False,"[162, 364, 311, 286, 431]"
val/07016_Plantae_Tracheophyta_Magnoliopsida_Asterales_Asteraceae_Stephanomeria_pauciflora/328bdf08-9985-4c17-b983-9337e43a4b7d.jpg,368,331,0.013102111504732856,False,False,"[331, 324, 455, 482, 311]"
val/07016_Plantae_Tracheophyta_Magnoliopsida_Asterales_Asteraceae_Stephanomeria_pauciflora/3a074304-2a9d-4f33-9243-dfda8123cbc7.jpg,368,468,0.010399835980289499,False,False,"[468, 255, 100, 124, 138]"
val/07016_Plantae_Tracheophyta_Magnoliopsida_Asterales_Asteraceae_Stephanomeria_pauciflora/67a0365f-ab88-4372-8efa-ea3eaec481ce.jpg,368,360,0.015002604259718586,False,False,"[360, 146, 407, 344, 102]"
val/07016_Plantae_Tracheophyta_Magnoliopsida_Asterales_Asteraceae_Stephanomeria_pauciflora/6b7318b1-0a11-4263-a64a-856e1560e8f1.jpg,368,372,0.01689763776798651,False,False,"[372, 306, 314, 240, 318]"
val/07016_Plantae_Tracheophyta_Magnoliopsida_Asterales_Asteraceae_Stephanomeria_pauciflora/7c8de827-a1d9-434d-bf25-8665412feb79.jpg,368,407,0.10312597224593556,False,False,"[407, 365, 490, 341, 346]"
val/07016_Plantae_Tracheophyta_Magnoliopsida_Asterales_Asteraceae_Stephanomeria_pauciflora/7f385e30-42f8-4409-afa5-c62408b374be.jpg,368,331,0.018657624069234182,False,False,"[331, 306, 314, 498, 394]"
val/07016_Plantae_Tracheophyta_Magnoliopsida_Asterales_Asteraceae_Stephanomeria_pauciflora/9595cdce-24ed-4c25-9ce6-fa052c1dffe3.jpg,368,169,0.009918181148925998,False,False,"[169, 66, 167, 293, 190]"
val/07016_Plantae_Tracheophyta_Magnoliopsida_Asterales_Asteraceae_Stephanomeria_pauciflora/a0f2e364-cf34-4ca6-91fc-b947f060b2e2.jpg,368,370,0.010854599341358101,False,False,"[370, 336, 460, 372, 449]"
val/07016_Plantae_Tracheophyta_Magnoliopsida_Asterales_Asteraceae_Stephanomeria_pauciflora/f3196f72-7fa3-4110-bfe0-ab9f5c1f6f4a.jpg,368,314,0.014500689249329065,False,False,"[314, 327, 329, 496, 369]"
val/07023_Plantae_Tracheophyta_Magnoliopsida_Asterales_Asteraceae_Symphyotrichum_laeve/04a54e78-25dd-489e-aa16-ba3ecac332a0.jpg,369,256,0.01527988449275778,False,False,"[256, 401, 414, 351, 493]"
val/07023_Plantae_Tracheophyta_Magnoliopsida_Asterales_Asteraceae_Symphyotrichum_laeve/1d78d74d-c7e5-4568-8eac-1f3f47ad4b41.jpg,369,353,0.009555607297838345,False,False,"[353, 149, 440, 293, 409]"
val/07023_Plantae_Tracheophyta_Magnoliopsida_Asterales_Asteraceae_Symphyotrichum_laeve/2357629e-1ef9-483d-a0ed-0f1c9e21235d.jpg,369,380,0.01349859584632975,False,False,"[380, 341, 427, 366, 365]"
val/07023_Plantae_Tracheophyta_Magnoliopsida_Asterales_Asteraceae_Symphyotrichum_laeve/77f74694-eefd-4705-8d9f-fc8a27163c81.jpg,369,467,0.017971534092168655,False,False,"[467, 492, 453, 431, 343]"
val/07023_Plantae_Tracheophyta_Magnoliopsida_Asterales_Asteraceae_Symphyotrichum_laeve/79bc973c-86b9-4194-be08-48a985e02d6c.jpg,369,329,0.013337551132802368,False,False,"[329, 387, 354, 327, 405]"
val/07023_Plantae_Tracheophyta_Magnoliopsida_Asterales_Asteraceae_Symphyotrichum_laeve/b66c221d-dbe2-4405-b6d4-405d5b0ec02f.jpg,369,33,0.009443417502696635,False,False,"[33, 321, 140, 120, 223]"
val/07023_Plantae_Tracheophyta_Magnoliopsida_Asterales_Asteraceae_Symphyotrichum_laeve/cb3693f3-abc9-4bb9-9a73-8c47673a9118.jpg,369,343,0.011668544274985666,False,False,"[343, 353, 370, 389, 375]"
val/07023_Plantae_Tracheophyta_Magnoliopsida_Asterales_Asteraceae_Symphyotrichum_laeve/d6a78fb6-c083-4870-8afd-57915347092f.jpg,369,149,0.028359903390228133,False,False,"[149, 441, 463, 343, 209]"
val/07023_Plantae_Tracheophyta_Magnoliopsida_Asterales_Asteraceae_Symphyotrichum_laeve/f74b3ad7-f20e-48bf-9da1-e42eea5d70f0.jpg,369,424,0.015393550488168858,False,False,"[424, 48, 467, 483, 408]"
val/07023_Plantae_Tracheophyta_Magnoliopsida_Asterales_Asteraceae_Symphyotrichum_laeve/f770c88d-ba72-409d-a351-a73933316c88.jpg,369,360,0.017739642414594147,False,False,"[360, 206, 495, 453, 455]"
val/07045_Plantae_Tracheophyta_Magnoliopsida_Asterales_Asteraceae_Thymophylla_pentachaeta/02b8ece9-493f-49d0-8a2e-f8e2217ee373.jpg,370,307,0.009846340269911333,False,False,"[307, 470, 487, 388, 401]"
val/07045_Plantae_Tracheophyta_Magnoliopsida_Asterales_Asteraceae_Thymophylla_pentachaeta/401ad928-b5c7-45e1-af7b-db5ffdebcc62.jpg,370,398,0.015127301367245079,False,False,"[398, 299, 10, 417, 379]"
val/07045_Plantae_Tracheophyta_Magnoliopsida_Asterales_Asteraceae_Thymophylla_pentachaeta/54b2a45c-f016-4c1e-b4dd-e1b8fa73f15b.jpg,370,165,0.013945017954353359,False,False,"[165, 380, 437, 388, 351]"
val/07045_Plantae_Tracheophyta_Magnoliopsida_Asterales_Asteraceae_Thymophylla_pentachaeta/90e92a37-acf4-4491-aa9f-7d9bc23e36eb.jpg,370,353,0.01087262545576234,False,False,"[353, 202, 486, 317, 374]"
val/07045_Plantae_Tracheophyta_Magnoliopsida_Asterales_Asteraceae_Thymophylla_pentachaeta/9ca9d8e4-2788-42b4-b92c-5d04f232ae61.jpg,370,455,0.018329267716277055,False,False,"[455, 491, 387, 354, 461]"
val/07045_Plantae_Tracheophyta_Magnoliopsida_Asterales_Asteraceae_Thymophylla_pentachaeta/b99fadbf-af18-4e08-beda-bb54534009e5.jpg,370,453,0.010527204433533333,False,False,"[453, 298, 475, 294, 413]"
val/07045_Plantae_Tracheophyta_Magnoliopsida_Asterales_Asteraceae_Thymophylla_pentachaeta/bffa8327-0d63-4c3a-a78b-5d39ac5b5dd1.jpg,370,415,0.009686551412997013,False,False,"[415, 342, 353, 278, 389]"
val/07045_Plantae_Tracheophyta_Magnoliopsida_Asterales_Asteraceae_Thymophylla_pentachaeta/c1421627-b70d-4a7a-94a6-5d664373408c.jpg,370,343,0.011783192086500338,False,False,"[343, 440, 380, 388, 368]"
val/07045_Plantae_Tracheophyta_Magnoliopsida_Asterales_Asteraceae_Thymophylla_pentachaeta/c7136afb-7d93-4310-96df-9f38079f4c27.jpg,370,383,0.018578427390054948,False,False,"[383, 67, 77, 13, 19]"
val/07045_Plantae_Tracheophyta_Magnoliopsida_Asterales_Asteraceae_Thymophylla_pentachaeta/e9686020-8623-4821-a756-7ebd341c2328.jpg,370,354,0.030786355547239682,False,False,"[354, 358, 83, 474, 386]"
val/07096_Plantae_Tracheophyta_Magnoliopsida_Asterales_Campanulaceae_Campanula_sibirica/610dd6ce-4cb6-44e0-868d-70b9cea38a76.jpg,371,42,0.015299266999950156,False,False,"[42, 368, 346, 256, 97]"
val/07096_Plantae_Tracheophyta_Magnoliopsida_Asterales_Campanulaceae_Campanula_sibirica/63a52051-7dfb-4555-9fd0-277e5cc73bcd.jpg,371,128,0.022238198781055856,False,False,"[128, 142, 139, 260, 317]"
val/07096_Plantae_Tracheophyta_Magnoliopsida_Asterales_Campanulaceae_Campanula_sibirica/7c70e08a-04cc-44ef-9f63-a80782e9eb28.jpg,371,402,0.01677107339523657,False,True,"[402, 99, 79, 359, 371]"
val/07096_Plantae_Tracheophyta_Magnoliopsida_Asterales_Campanulaceae_Campanula_sibirica/8300eb10-b088-4460-a410-af4962073d8b.jpg,371,467,0.010015065081056701,False,False,"[467, 173, 21, 262, 464]"
val/07096_Plantae_Tracheophyta_Magnoliopsida_Asterales_Campanulaceae_Campanula_sibirica/85e5e005-255c-45ac-b38f-281c52cd032d.jpg,371,75,0.018608217870492022,False,False,"[75, 63, 160, 176, 231]"
val/07096_Plantae_Tracheophyta_Magnoliopsida_Asterales_Campanulaceae_Campanula_sibirica/ae56bbd5-7304-4359-84bf-2654eded3995.jpg,371,359,0.01790958117026353,False,False,"[359, 417, 460, 344, 355]"
val/07096_Plantae_Tracheophyta_Magnoliopsida_Asterales_Campanulaceae_Campanula_sibirica/c067b148-045b-47ea-bbc9-cc29a3cb5ea0.jpg,371,455,0.015199818174162164,False,False,"[455, 401, 402, 108, 232]"
val/07096_Plantae_Tracheophyta_Magnoliopsida_Asterales_Campanulaceae_Campanula_sibirica/e2611e26-6391-4859-a6bb-e5b37de41e1d.jpg,371,37,0.011314770474484108,False,False,"[37, 469, 407, 102, 308]"
val/07096_Plantae_Tracheophyta_Magnoliopsida_Asterales_Campanulaceae_Campanula_sibirica/e621999f-e2bd-4232-8412-8151d7fa6492.jpg,371,305,0.011234692193255564,False,False,"[305, 323, 491, 355, 407]"
val/07096_Plantae_Tracheophyta_Magnoliopsida_Asterales_Campanulaceae_Campanula_sibirica/fea509bb-5ff3-42cf-9279-cd290aa1ae0a.jpg,371,371,0.010980259116956449,True,True,"[371, 489, 376, 305, 495]"
val/07148_Plantae_Tracheophyta_Magnoliopsida_Boraginales_Boraginaceae_Euploca_tenella/38fa3f0a-0730-4fa0-9f0a-e6981b8ab899.jpg,372,461,0.009353689756563265,False,False,"[461, 331, 70, 370, 51]"
val/07148_Plantae_Tracheophyta_Magnoliopsida_Boraginales_Boraginaceae_Euploca_tenella/41e842d8-ac37-49f6-99a8-82eb8dac354b.jpg,372,400,0.010882050589233189,False,False,"[400, 301, 298, 456, 484]"
val/07148_Plantae_Tracheophyta_Magnoliopsida_Boraginales_Boraginaceae_Euploca_tenella/5ab3c399-ac95-492e-95f4-3bbb727b8d0e.jpg,372,1,0.023757354468280496,False,False,"[1, 407, 348, 112, 17]"
val/07148_Plantae_Tracheophyta_Magnoliopsida_Boraginales_Boraginaceae_Euploca_tenella/69b87aa1-4fb8-44d5-9cf4-48b8bd02e634.jpg,372,411,0.009797812546048043,False,False,"[411, 430, 287, 459, 366]"
val/07148_Plantae_Tracheophyta_Magnoliopsida_Boraginales_Boraginaceae_Euploca_tenella/6cb9b40b-a72a-4eb9-afc3-ad670586ddbc.jpg,372,217,0.015404568705858586,False,False,"[217, 122, 392, 476, 412]"
val/07148_Plantae_Tracheophyta_Magnoliopsida_Boraginales_Boraginaceae_Euploca_tenella/6d7452a5-e57f-4812-bea3-52651d096c88.jpg,372,354,0.017065653537190317,False,False,"[354, 380, 352, 472, 412]"
val/07148_Plantae_Tracheophyta_Magnoliopsida_Boraginales_Boraginaceae_Euploca_tenella/b78f8d2f-baf3-4798-b5bc-1aa4e3ebe60d.jpg,372,200,0.009047719132206634,False,False,"[200, 464, 16, 25, 387]"
val/07148_Plantae_Tracheophyta_Magnoliopsida_Boraginales_Boraginaceae_Euploca_tenella/be94f380-f754-415d-9be3-97bf884d63d9.jpg,372,205,0.017128217660229574,False,False,"[205, 120, 235, 142, 216]"
val/07148_Plantae_Tracheophyta_Magnoliopsida_Boraginales_Boraginaceae_Euploca_tenella/c34dec8d-5786-462f-8afe-66b724de3927.jpg,372,426,0.014813474577712187,False,False,"[426, 100, 393, 450, 80]"
val/07148_Plantae_Tracheophyta_Magnoliopsida_Boraginales_Boraginaceae_Euploca_tenella/e56039d7-9f60-49e4-81a0-6ef89617ee57.jpg,372,279,0.0089455205179453,False,False,"[279, 464, 484, 295, 441]"
val/07176_Plantae_Tracheophyta_Magnoliopsida_Boraginales_Boraginaceae_Nama_hispida/2ea5faca-ce9b-4a59-bb04-626a15314995.jpg,373,88,0.017170555174202615,False,False,"[88, 228, 4, 23, 163]"
val/07176_Plantae_Tracheophyta_Magnoliopsida_Boraginales_Boraginaceae_Nama_hispida/44d5b043-5159-4d45-9fa7-700cea0f467c.jpg,373,352,0.01630150384742091,False,False,"[352, 468, 391, 480, 362]"
val/07176_Plantae_Tracheophyta_Magnoliopsida_Boraginales_Boraginaceae_Nama_hispida/44ead5c3-cf65-4aa5-8ec4-1d499947215a.jpg,373,336,0.010925485420063467,False,True,"[336, 367, 458, 373, 303]"
val/07176_Plantae_Tracheophyta_Magnoliopsida_Boraginales_Boraginaceae_Nama_hispida/45f0e401-16e4-40b3-a099-0a540a217a6e.jpg,373,464,0.01025874914678853,False,False,"[464, 293, 295, 428, 206]"
val/07176_Plantae_Tracheophyta_Magnoliopsida_Boraginales_Boraginaceae_Nama_hispida/58f21284-ff39-438e-ada6-eb8015673468.jpg,373,294,0.00955759425408791,False,False,"[294, 217, 456, 250, 20]"
val/07176_Plantae_Tracheophyta_Magnoliopsida_Boraginales_Boraginaceae_Nama_hispida/682c73a5-eefe-4a0b-a76d-07a786adef67.jpg,373,407,0.02439788487584275,False,False,"[407, 308, 360, 398, 289]"
val/07176_Plantae_Tracheophyta_Magnoliopsida_Boraginales_Boraginaceae_Nama_hispida/7df8393c-d70d-4349-9311-be65e2ce7c22.jpg,373,100,0.01619728302085395,False,False,"[100, 380, 401, 439, 80]"
val/07176_Plantae_Tracheophyta_Magnoliopsida_Boraginales_Boraginaceae_Nama_hispida/aa8c1dea-6999-4915-8bd9-2ad0254e29d6.jpg,373,301,0.009136394750201539,False,False,"[301, 481, 365, 113, 50]"
val/07176_Plantae_Tracheophyta_Magnoliopsida_Boraginales_Boraginaceae_Nama_hispida/df1c6b33-27f0-4eeb-bfd7-d48ca0b2ada9.jpg,373,354,0.015013664290546801,False,False,"[354, 460, 387, 447, 337]"
val/07176_Plantae_Tracheophyta_Magnoliopsida_Boraginales_Boraginaceae_Nama_hispida/fbf02977-526c-4f32-bd92-d660ac35711c.jpg,373,439,0.011120854759365287,False,False,"[439, 455, 311, 474, 220]"
val/07196_Plantae_Tracheophyta_Magnoliopsida_Boraginales_Boraginaceae_Phacelia_parryi/1727b69b-963c-4bb6-84ea-8cf53463e507.jpg,374,480,0.012260114421601725,False,False,"[480, 316, 220, 150, 482]"
val/07196_Plantae_Tracheophyta_Magnoliopsida_Boraginales_Boraginaceae_Phacelia_parryi/2904bf59-4ead-468f-b62a-27d7d6ab3899.jpg,374,224,0.014378688859389992,False,True,"[224, 374, 433, 440, 376]"
val/07196_Plantae_Tracheophyta_Magnoliopsida_Boraginales_Boraginaceae_Phacelia_parryi/5ae5daf1-a5f7-46f1-a7d8-06a0bdb0ffb6.jpg,374,318,0.010184499027434854,False,False,"[318, 403, 404, 305, 291]"
val/07196_Plantae_Tracheophyta_Magnoliopsida_Boraginales_Boraginaceae_Phacelia_parryi/74406f9b-ef89-43e2-9557-5305754394ca.jpg,374,455,0.012573911991977575,False,False,"[455, 401, 469, 387, 349]"
val/07196_Plantae_Tracheophyta_Magnoliopsida_Boraginales_Boraginaceae_Phacelia_parryi/9291f319-3ae1-4fab-a3cc-cf5a37bf6c72.jpg,374,125,0.015575221605783996,False,False,"[125, 141, 39, 31, 328]"
val/07196_Plantae_Tracheophyta_Magnoliopsida_Boraginales_Boraginaceae_Phacelia_parryi/934a678e-4fb9-4539-9f26-fd7ad94bc7e4.jpg,374,379,0.02360354887745708,False,False,"[379, 334, 268, 232, 401]"
val/07196_Plantae_Tracheophyta_Magnoliopsida_Boraginales_Boraginaceae_Phacelia_parryi/c7433e0f-f948-4af0-bfcc-b19cb260816a.jpg,374,319,0.015176093681014677,False,False,"[319, 481, 110, 477, 124]"
val/07196_Plantae_Tracheophyta_Magnoliopsida_Boraginales_Boraginaceae_Phacelia_parryi/c81e7da2-2261-462e-a2c9-9df94dfe39d9.jpg,374,489,0.013373997536641608,False,False,"[489, 37, 439, 463, 404]"
val/07196_Plantae_Tracheophyta_Magnoliopsida_Boraginales_Boraginaceae_Phacelia_parryi/e291047b-53c2-4f65-b316-b92da2e45316.jpg,374,305,0.012960539768696181,False,False,"[305, 382, 370, 36, 492]"
val/07196_Plantae_Tracheophyta_Magnoliopsida_Boraginales_Boraginaceae_Phacelia_parryi/ee0cbb67-a225-42af-8160-17d9cdb94a9e.jpg,374,402,0.012997838754197482,False,False,"[402, 382, 421, 482, 336]"
val/07205_Plantae_Tracheophyta_Magnoliopsida_Boraginales_Boraginaceae_Pulmonaria_officinalis/0aa509c9-dfd2-4292-9d29-3fee9dd68975.jpg,375,451,0.00907814164368313,False,False,"[451, 263, 33, 110, 351]"
val/07205_Plantae_Tracheophyta_Magnoliopsida_Boraginales_Boraginaceae_Pulmonaria_officinalis/13bb8392-fce1-458c-ba74-b86f6fd868b5.jpg,375,222,0.018456503476616537,False,False,"[222, 88, 441, 78, 83]"
val/07205_Plantae_Tracheophyta_Magnoliopsida_Boraginales_Boraginaceae_Pulmonaria_officinalis/36d9230f-b0a3-47c7-bb29-010c61dca9ae.jpg,375,101,0.009710491511197652,False,False,"[101, 354, 358, 263, 48]"
val/07205_Plantae_Tracheophyta_Magnoliopsida_Boraginales_Boraginaceae_Pulmonaria_officinalis/38e67d4f-5e21-4b6d-b260-fc09919c4969.jpg,375,371,0.023368587449708315,False,False,"[371, 306, 439, 438, 467]"
val/07205_Plantae_Tracheophyta_Magnoliopsida_Boraginales_Boraginaceae_Pulmonaria_officinalis/68f0dc69-b6f2-4578-ad8d-f213d61ab134.jpg,375,401,0.014579365378577807,False,False,"[401, 343, 455, 380, 37]"
val/07205_Plantae_Tracheophyta_Magnoliopsida_Boraginales_Boraginaceae_Pulmonaria_officinalis/6bc5ab9e-3809-474c-96e1-969cb1860d2f.jpg,375,308,0.010482492127285666,False,False,"[308, 477, 367, 350, 187]"
val/07205_Plantae_Tracheophyta_Magnoliopsida_Boraginales_Boraginaceae_Pulmonaria_officinalis/78b4bd57-b5ff-4bc3-a687-50fbbd4b5590.jpg,375,355,0.009666587890740728,False,False,"[355, 445, 346, 370, 448]"
val/07205_Plantae_Tracheophyta_Magnoliopsida_Boraginales_Boraginaceae_Pulmonaria_officinalis/bda1f39f-75c0-45c9-a430-b5d306e1cb32.jpg,375,123,0.008330559989770699,False,False,"[123, 488, 231, 295, 464]"
val/07205_Plantae_Tracheophyta_Magnoliopsida_Boraginales_Boraginaceae_Pulmonaria_officinalis/d80d676d-08ae-4827-92ed-c00c656a4458.jpg,375,258,0.013107212435218629,False,False,"[258, 369, 374, 430, 322]"
val/07205_Plantae_Tracheophyta_Magnoliopsida_Boraginales_Boraginaceae_Pulmonaria_officinalis/e74ad280-3c25-41a7-a5cd-a179b327814c.jpg,375,409,0.009818279395053836,False,False,"[409, 381, 207, 210, 206]"
val/07207_Plantae_Tracheophyta_Magnoliopsida_Boraginales_Boraginaceae_Tiquilia_palmeri/069b7e40-e59e-4f57-83c7-b57b3ee7556d.jpg,376,450,0.009191117612516734,False,False,"[450, 341, 315, 272, 463]"
val/07207_Plantae_Tracheophyta_Magnoliopsida_Boraginales_Boraginaceae_Tiquilia_palmeri/2a766f72-0085-499b-8cb5-67481808a51c.jpg,376,344,0.016030275205402515,False,False,"[344, 345, 386, 467, 282]"
val/07207_Plantae_Tracheophyta_Magnoliopsida_Boraginales_Boraginaceae_Tiquilia_palmeri/2c50a81e-491f-4866-8feb-922d9011fb28.jpg,376,145,0.010014711828470087,False,False,"[145, 37, 485, 150, 374]"
val/07207_Plantae_Tracheophyta_Magnoliopsida_Boraginales_Boraginaceae_Tiquilia_palmeri/35663bf4-1bbd-4be1-9619-ae6cb8a3bd52.jpg,376,439,0.011519743736197246,False,False,"[439, 290, 268, 359, 461]"
val/07207_Plantae_Tracheophyta_Magnoliopsida_Boraginales_Boraginaceae_Tiquilia_palmeri/3fa7733b-5eb5-4cae-8b86-57afc8961996.jpg,376,100,0.022236641765629506,False,False,"[100, 324, 434, 440, 68]"
val/07207_Plantae_Tracheophyta_Magnoliopsida_Boraginales_Boraginaceae_Tiquilia_palmeri/545e59ac-a234-42b7-8a92-a5266c6cb625.jpg,376,491,0.013159734214367128,False,False,"[491, 359, 467, 371, 290]"
val/07207_Plantae_Tracheophyta_Magnoliopsida_Boraginales_Boraginaceae_Tiquilia_palmeri/6021f466-a063-4553-874f-8e62993854f7.jpg,376,343,0.011145235524886292,False,False,"[343, 468, 15, 394, 132]"
val/07207_Plantae_Tracheophyta_Magnoliopsida_Boraginales_Boraginaceae_Tiquilia_palmeri/7b7067bd-44a6-420a-80d2-e6abf4d0146a.jpg,376,486,0.010434078439618326,False,False,"[486, 372, 437, 447, 316]"
val/07207_Plantae_Tracheophyta_Magnoliopsida_Boraginales_Boraginaceae_Tiquilia_palmeri/d57bca72-99c2-48b4-af49-bce531f99b62.jpg,376,421,0.010118179150006094,False,False,"[421, 319, 394, 404, 381]"
val/07207_Plantae_Tracheophyta_Magnoliopsida_Boraginales_Boraginaceae_Tiquilia_palmeri/e0b95134-9056-47c7-a96f-1ac7fe910fa4.jpg,376,308,0.01092686702624795,False,False,"[308, 391, 344, 445, 475]"
val/07247_Plantae_Tracheophyta_Magnoliopsida_Brassicales_Brassicaceae_Draba_cuneifolia/2ae8fe8b-0b13-4136-89f3-6f9b4e696a2d.jpg,377,354,0.01025313695140512,False,False,"[354, 355, 462, 329, 380]"
val/07247_Plantae_Tracheophyta_Magnoliopsida_Brassicales_Brassicaceae_Draba_cuneifolia/30f61aee-d28c-4ec6-b4c8-07b52997c65c.jpg,377,287,0.015213305286599879,False,False,"[287, 258, 177, 341, 398]"
val/07247_Plantae_Tracheophyta_Magnoliopsida_Brassicales_Brassicaceae_Draba_cuneifolia/34dd2a80-4ac5-4746-8dbb-b1a36e804d14.jpg,377,12,0.00957598818910347,False,False,"[12, 300, 319, 96, 333]"
val/07247_Plantae_Tracheophyta_Magnoliopsida_Brassicales_Brassicaceae_Draba_cuneifolia/5b089c85-9e3e-4ea4-b5b8-b0b1d0799726.jpg,377,445,0.01124439187203471,False,False,"[445, 379, 413, 342, 391]"
val/07247_Plantae_Tracheophyta_Magnoliopsida_Brassicales_Brassicaceae_Draba_cuneifolia/722f61a7-629f-4e9a-8351-843c794a7634.jpg,377,450,0.009635988167753073,False,False,"[450, 348, 44, 393, 78]"
val/07247_Plantae_Tracheophyta_Magnoliopsida_Brassicales_Brassicaceae_Draba_cuneifolia/8a5fd0b5-da3f-4e2a-9fd6-5edac81abaa7.jpg,377,151,0.01539592054028988,False,False,"[151, 308, 457, 478, 287]"
val/07247_Plantae_Tracheophyta_Magnoliopsida_Brassicales_Brassicaceae_Draba_cuneifolia/99688ddf-00f6-45c8-9250-819087798cc5.jpg,377,350,0.00971083556785843,False,False,"[350, 433, 381, 31, 411]"
val/07247_Plantae_Tracheophyta_Magnoliopsida_Brassicales_Brassicaceae_Draba_cuneifolia/b0a91a9c-b63e-4888-9d46-fe6cc21c8626.jpg,377,418,0.009536657053643859,False,False,"[418, 408, 12, 125, 137]"
val/07247_Plantae_Tracheophyta_Magnoliopsida_Brassicales_Brassicaceae_Draba_cuneifolia/d03e3dc3-c00c-4cba-a897-c1c05a1123a8.jpg,377,272,0.021445729472403714,False,False,"[272, 436, 363, 143, 60]"
val/07247_Plantae_Tracheophyta_Magnoliopsida_Brassicales_Brassicaceae_Draba_cuneifolia/fb908542-5cac-4c7b-b959-95bbf84a72d0.jpg,377,403,0.011403387248995703,False,False,"[403, 401, 10, 435, 284]"
val/07259_Plantae_Tracheophyta_Magnoliopsida_Brassicales_Brassicaceae_Lepidium_lasiocarpum/0d228b1c-a086-4ce0-b057-017d14f541c6.jpg,378,37,0.009346342789635432,False,False,"[37, 100, 394, 487, 273]"
val/07259_Plantae_Tracheophyta_Magnoliopsida_Brassicales_Brassicaceae_Lepidium_lasiocarpum/0e745d22-7b45-4d06-9239-6bb3b76bc8a1.jpg,378,352,0.010234285888238768,False,False,"[352, 279, 413, 330, 423]"
val/07259_Plantae_Tracheophyta_Magnoliopsida_Brassicales_Brassicaceae_Lepidium_lasiocarpum/21d0eccf-6315-4baf-92dd-554717673385.jpg,378,466,0.01143657954745805,False,False,"[466, 444, 440, 37, 338]"
val/07259_Plantae_Tracheophyta_Magnoliopsida_Brassicales_Brassicaceae_Lepidium_lasiocarpum/2afe9b21-bfc6-4b1a-80bd-2900e4309bac.jpg,378,422,0.015228316498682287,False,False,"[422, 401, 307, 363, 421]"
val/07259_Plantae_Tracheophyta_Magnoliopsida_Brassicales_Brassicaceae_Lepidium_lasiocarpum/2afef3b6-c690-48e0-aa52-7cf1cb892baa.jpg,378,306,0.008700164344958948,False,False,"[306, 352, 464, 375, 456]"
val/07259_Plantae_Tracheophyta_Magnoliopsida_Brassicales_Brassicaceae_Lepidium_lasiocarpum/305c52c0-eca2-468c-87fd-eff5af5114b7.jpg,378,300,0.01514183567701317,False,False,"[300, 359, 307, 373, 305]"
val/07259_Plantae_Tracheophyta_Magnoliopsida_Brassicales_Brassicaceae_Lepidium_lasiocarpum/4ee59a20-36d4-430f-b60e-e4249898df25.jpg,378,447,0.015977706978990584,False,False,"[447, 403, 10, 67, 386]"
val/07259_Plantae_Tracheophyta_Magnoliopsida_Brassicales_Brassicaceae_Lepidium_lasiocarpum/abea018c-1962-4233-94b8-08ba4c59eba7.jpg,378,468,0.01698730142065989,False,False,"[468, 416, 380, 460, 308]"
val/07259_Plantae_Tracheophyta_Magnoliopsida_Brassicales_Brassicaceae_Lepidium_lasiocarpum/e6ee3ade-9548-41c4-9c0e-9f4e3e2dbc32.jpg,378,101,0.009479057237210122,False,False,"[101, 269, 310, 272, 173]"
val/07259_Plantae_Tracheophyta_Magnoliopsida_Brassicales_Brassicaceae_Lepidium_lasiocarpum/f1c9722b-bbc8-47c3-8559-f4de9844b4ed.jpg,378,440,0.0102671484386524,False,False,"[440, 437, 212, 244, 184]"
val/07266_Plantae_Tracheophyta_Magnoliopsida_Brassicales_Brassicaceae_Nasturtium_officinale/068adce4-7212-406f-b211-d7f87041b7b2.jpg,379,37,0.013171873685646589,False,False,"[37, 307, 371, 370, 373]"
val/07266_Plantae_Tracheophyta_Magnoliopsida_Brassicales_Brassicaceae_Nasturtium_officinale/07364a3b-289f-4e89-908c-15b173700517.jpg,379,398,0.009187041225776026,False,False,"[398, 154, 484, 454, 102]"
val/07266_Plantae_Tracheophyta_Magnoliopsida_Brassicales_Brassicaceae_Nasturtium_officinale/248d831c-4313-4322-8c34-a1cc27e94f45.jpg,379,443,0.011387507164214956,False,False,"[443, 429, 350, 487, 330]"
val/07266_Plantae_Tracheophyta_Magnoliopsida_Brassicales_Brassicaceae_Nasturtium_officinale/365a390a-f3ff-4550-83da-4cf49531e95e.jpg,379,401,0.014508441654670318,False,True,"[401, 482, 379, 354, 357]"
val/07266_Plantae_Tracheophyta_Magnoliopsida_Brassicales_Brassicaceae_Nasturtium_officinale/412ff2e5-c995-4846-ae4d-297f690d25b2.jpg,379,369,0.011921052456212706,False,False,"[369, 451, 473, 326, 362]"
val/07266_Plantae_Tracheophyta_Magnoliopsida_Brassicales_Brassicaceae_Nasturtium_officinale/5bf812b3-49dc-4e35-9b1e-8353f4306803.jpg,379,392,0.010086859899823898,False,False,"[392, 480, 141, 371, 474]"
val/07266_Plantae_Tracheophyta_Magnoliopsida_Brassicales_Brassicaceae_Nasturtium_officinale/664441e3-9908-4450-bb2a-83877d9678fc.jpg,379,381,0.01639022459585871,False,False,"[381, 441, 245, 358, 402]"
val/07266_Plantae_Tracheophyta_Magnoliopsida_Brassicales_Brassicaceae_Nasturtium_officinale/c40d0efd-dadb-4287-9ec0-f0cad48b7d59.jpg,379,54,0.02841154563958797,False,False,"[54, 297, 35, 81, 361]"
val/07266_Plantae_Tracheophyta_Magnoliopsida_Brassicales_Brassicaceae_Nasturtium_officinale/de669c1e-3c82-4d83-b7a2-492caec61420.jpg,379,442,0.01500881661056933,False,False,"[442, 343, 401, 10, 477]"
val/07266_Plantae_Tracheophyta_Magnoliopsida_Brassicales_Brassicaceae_Nasturtium_officinale/e68eae93-a921-4b3d-ac43-7a12bb68f7f2.jpg,379,414,0.010197402525048626,False,False,"[414, 322, 323, 471, 77]"
val/07270_Plantae_Tracheophyta_Magnoliopsida_Brassicales_Brassicaceae_Rapistrum_rugosum/002b2ccb-6fff-405b-b3a5-8cedeb15a059.jpg,380,373,0.010787934744069291,False,False,"[373, 378, 452, 372, 31]"
val/07270_Plantae_Tracheophyta_Magnoliopsida_Brassicales_Brassicaceae_Rapistrum_rugosum/0874a9ac-70a5-47c7-8498-5ccd1ba7fcf6.jpg,380,407,0.015533259326146872,False,False,"[407, 141, 360, 308, 358]"
val/07270_Plantae_Tracheophyta_Magnoliopsida_Brassicales_Brassicaceae_Rapistrum_rugosum/15524407-bd03-4038-b575-37434b6efba8.jpg,380,398,0.01889997696921694,False,False,"[398, 354, 479, 468, 474]"
val/07270_Plantae_Tracheophyta_Magnoliopsida_Brassicales_Brassicaceae_Rapistrum_rugosum/535e5366-907e-4711-90ea-45cc75fa4ee2.jpg,380,129,0.019771577711170954,False,False,"[129, 37, 263, 419, 365]"
val/07270_Plantae_Tracheophyta_Magnoliopsida_Brassicales_Brassicaceae_Rapistrum_rugosum/58467963-d1fc-4902-bddc-5f8571dc01f6.jpg,380,346,0.010680779109938497,False,False,"[346, 37, 366, 437, 10]"
val/07270_Plantae_Tracheophyta_Magnoliopsida_Brassicales_Brassicaceae_Rapistrum_rugosum/62171ec9-aa7f-4e82-b93d-792a18d4c3c1.jpg,380,429,0.011944019749409297,False,False,"[429, 359, 467, 472, 149]"
val/07270_Plantae_Tracheophyta_Magnoliopsida_Brassicales_Brassicaceae_Rapistrum_rugosum/8719b257-112c-4a7d-b16b-5be6709065ea.jpg,380,457,0.013523380415607446,False,False,"[457, 297, 320, 348, 445]"
val/07270_Plantae_Tracheophyta_Magnoliopsida_Brassicales_Brassicaceae_Rapistrum_rugosum/8b9d565d-5fa0-4567-b8a6-d573d0b93f34.jpg,380,24,0.01643930428991985,False,False,"[24, 348, 398, 350, 168]"
val/07270_Plantae_Tracheophyta_Magnoliopsida_Brassicales_Brassicaceae_Rapistrum_rugosum/8f242e64-1ab7-48b4-a367-a032a073c7ae.jpg,380,313,0.009833748017827916,False,False,"[313, 371, 368, 370, 314]"
val/07270_Plantae_Tracheophyta_Magnoliopsida_Brassicales_Brassicaceae_Rapistrum_rugosum/bf2830cf-93a1-4c8d-8987-5db28cc7ffa7.jpg,380,489,0.010060098127114205,False,False,"[489, 338, 390, 468, 483]"
val/07304_Plantae_Tracheophyta_Magnoliopsida_Caryophyllales_Aizoaceae_Mesembryanthemum_cordifolium/0252118b-a892-4589-885a-424b57273c65.jpg,381,371,0.010494599642315814,False,False,"[371, 351, 363, 289, 302]"
val/07304_Plantae_Tracheophyta_Magnoliopsida_Caryophyllales_Aizoaceae_Mesembryanthemum_cordifolium/12091d7a-bb42-42d1-8aba-58a389255268.jpg,381,37,0.012895212450218269,False,False,"[37, 353, 419, 307, 390]"
val/07304_Plantae_Tracheophyta_Magnoliopsida_Caryophyllales_Aizoaceae_Mesembryanthemum_cordifolium/2d0753b4-ebad-4e3a-a0aa-b647202db985.jpg,381,460,0.012580737965076444,False,False,"[460, 439, 482, 403, 305]"
val/07304_Plantae_Tracheophyta_Magnoliopsida_Caryophyllales_Aizoaceae_Mesembryanthemum_cordifolium/726d81fa-3c20-4c25-be7a-4dab22fc56f2.jpg,381,147,0.009320497727114666,False,False,"[147, 471, 487, 58, 14]"
val/07304_Plantae_Tracheophyta_Magnoliopsida_Caryophyllales_Aizoaceae_Mesembryanthemum_cordifolium/96f69438-9736-4826-8a70-fe14740b82f0.jpg,381,382,0.01214894005168547,False,False,"[382, 376, 388, 444, 338]"
val/07304_Plantae_Tracheophyta_Magnoliopsida_Caryophyllales_Aizoaceae_Mesembryanthemum_cordifolium/a09bde02-dad9-4167-a3ac-82177c1bdeaf.jpg,381,346,0.01197989213789957,False,False,"[346, 420, 433, 388, 312]"
val/07304_Plantae_Tracheophyta_Magnoliopsida_Caryophyllales_Aizoaceae_Mesembryanthemum_cordifolium/ad7e61b3-9440-4d8a-af89-2897db55a333.jpg,381,102,0.01003323491528011,False,False,"[102, 485, 446, 11, 88]"
val/07304_Plantae_Tracheophyta_Magnoliopsida_Caryophyllales_Aizoaceae_Mesembryanthemum_cordifolium/b02fd005-29db-4a5f-9492-5e3a40956c90.jpg,381,473,0.009568730609286907,False,False,"[473, 466, 68, 478, 373]"
val/07304_Plantae_Tracheophyta_Magnoliopsida_Caryophyllales_Aizoaceae_Mesembryanthemum_cordifolium/de957ba1-3d7d-4c6a-9da8-327f9eceb738.jpg,381,415,0.009782476511585446,False,False,"[415, 325, 405, 188, 243]"
val/07304_Plantae_Tracheophyta_Magnoliopsida_Caryophyllales_Aizoaceae_Mesembryanthemum_cordifolium/f7937fa0-6265-44e9-86d1-beac9d193750.jpg,381,102,0.009726902423227976,False,False,"[102, 310, 319, 222, 273]"
val/07338_Plantae_Tracheophyta_Magnoliopsida_Caryophyllales_Amaranthaceae_Salsola_tragus/18119c91-dbc4-4549-adf8-e9a04282ff72.jpg,382,158,0.01131019320633583,False,False,"[158, 383, 351, 292, 249]"
val/07338_Plantae_Tracheophyta_Magnoliopsida_Caryophyllales_Amaranthaceae_Salsola_tragus/686b2217-6470-43d1-9c97-d596ac2dab1a.jpg,382,459,0.016421769561130388,False,False,"[459, 491, 349, 322, 359]"
val/07338_Plantae_Tracheophyta_Magnoliopsida_Caryophyllales_Amaranthaceae_Salsola_tragus/733f7f09-10a1-4351-a7d2-23250091122b.jpg,382,311,0.012761650651202579,False,False,"[311, 421, 443, 317, 358]"
val/07338_Plantae_Tracheophyta_Magnoliopsida_Caryophyllales_Amaranthaceae_Salsola_tragus/7c6c37b6-4c4e-400c-a5ec-ec980e8f229c.jpg,382,289,0.010075870820730507,False,False,"[289, 390, 379, 301, 95]"
val/07338_Plantae_Tracheophyta_Magnoliopsida_Caryophyllales_Amaranthaceae_Salsola_tragus/8135422c-5400-4cd9-bbff-1b40d47fa5a5.jpg,382,382,0.03491555717587291,True,True,"[382, 316, 431, 223, 323]"
val/07338_Plantae_Tracheophyta_Magnoliopsida_Caryophyllales_Amaranthaceae_Salsola_tragus/81ae6277-2ee5-4f82-b2af-7711c849edde.jpg,382,443,0.009896958077316966,False,False,"[443, 307, 362, 342, 467]"
val/07338_Plantae_Tracheophyta_Magnoliopsida_Caryophyllales_Amaranthaceae_Salsola_tragus/a26be541-462e-4c79-952c-d63edc0c4309.jpg,382,258,0.015547908263974636,False,False,"[258, 459, 240, 325, 106]"
val/07338_Plantae_Tracheophyta_Magnoliopsida_Caryophyllales_Amaranthaceae_Salsola_tragus/a5ff211d-0d18-4364-be3e-4a81fb5c4cef.jpg,382,256,0.00921726906003334,False,False,"[256, 115, 305, 367, 273]"
val/07338_Plantae_Tracheophyta_Magnoliopsida_Caryophyllales_Amaranthaceae_Salsola_tragus/d055daeb-6c8e-4a61-8627-32b117310c6b.jpg,382,489,0.032246800645864285,False,False,"[489, 359, 401, 366, 491]"
val/07338_Plantae_Tracheophyta_Magnoliopsida_Caryophyllales_Amaranthaceae_Salsola_tragus/e20e19ad-e1d4-4c23-b6af-16e83bbc0e4c.jpg,382,463,0.00956391104746975,False,False,"[463, 280, 287, 39, 227]"
val/07340_Plantae_Tracheophyta_Magnoliopsida_Caryophyllales_Cactaceae_Acanthocereus_tetragonus/05537def-01a8-458e-bed2-815790a0dc2a.jpg,383,71,0.008971213554194689,False,False,"[71, 294, 327, 295, 434]"
val/07340_Plantae_Tracheophyta_Magnoliopsida_Caryophyllales_Cactaceae_Acanthocereus_tetragonus/444a7a86-7321-4fa6-9c74-859a40497664.jpg,383,289,0.01580782258702209,False,False,"[289, 142, 151, 169, 384]"
val/07340_Plantae_Tracheophyta_Magnoliopsida_Caryophyllales_Cactaceae_Acanthocereus_tetragonus/4485ab39-19a3-4bef-b6be-14fddd6392e0.jpg,383,415,0.011744438991464616,False,False,"[415, 309, 240, 134, 419]"
val/07340_Plantae_Tracheophyta_Magnoliopsida_Caryophyllales_Cactaceae_Acanthocereus_tetragonus/4bb8c6e1-8baf-4b8a-801b-2dd11f75a5f1.jpg,383,330,0.01599705525184023,False,False,"[330, 472, 342, 475, 168]"
val/07340_Plantae_Tracheophyta_Magnoliopsida_Caryophyllales_Cactaceae_Acanthocereus_tetragonus/76321263-b5ba-4f18-9a94-ff7cefe894bf.jpg,383,315,0.009119911270920013,False,False,"[315, 222, 277, 425, 189]"
val/07340_Plantae_Tracheophyta_Magnoliopsida_Caryophyllales_Cactaceae_Acanthocereus_tetragonus/7a1732c9-6109-49e7-82ec-54ce63b857ab.jpg,383,10,0.009995389023113992,False,False,"[10, 480, 454, 286, 153]"
val/07340_Plantae_Tracheophyta_Magnoliopsida_Caryophyllales_Cactaceae_Acanthocereus_tetragonus/7e132dc8-b88a-4316-a16f-85b461d1e9ed.jpg,383,121,0.0163138883751176,False,False,"[121, 74, 237, 35, 118]"
val/07340_Plantae_Tracheophyta_Magnoliopsida_Caryophyllales_Cactaceae_Acanthocereus_tetragonus/bb9d1620-069c-467e-ba7c-89a5fcead2d1.jpg,383,212,0.015532954712978265,False,False,"[212, 79, 297, 398, 488]"
val/07340_Plantae_Tracheophyta_Magnoliopsida_Caryophyllales_Cactaceae_Acanthocereus_tetragonus/c8937416-a97d-4813-b30e-f2f6a03f33ea.jpg,383,306,0.012422241832997354,False,False,"[306, 476, 496, 438, 42]"
val/07340_Plantae_Tracheophyta_Magnoliopsida_Caryophyllales_Cactaceae_Acanthocereus_tetragonus/c9bfab9a-9028-431e-b656-8aae142e299c.jpg,383,406,0.016782182705407614,False,False,"[406, 222, 164, 274, 213]"
val/07396_Plantae_Tracheophyta_Magnoliopsida_Caryophyllales_Cactaceae_Opuntia_chlorotica/039b5900-b5f4-4598-9967-f2d13f6a9243.jpg,384,154,0.009382725448260059,False,False,"[154, 324, 445, 257, 310]"
val/07396_Plantae_Tracheophyta_Magnoliopsida_Caryophyllales_Cactaceae_Opuntia_chlorotica/0fa78ad1-2db4-4021-98df-b5ea5d907efa.jpg,384,456,0.009330574369123443,False,False,"[456, 78, 426, 417, 221]"
val/07396_Plantae_Tracheophyta_Magnoliopsida_Caryophyllales_Cactaceae_Opuntia_chlorotica/17f89019-9c89-41ed-b770-ff50b8f704df.jpg,384,456,0.009774743629375717,False,False,"[456, 295, 221, 367, 89]"
val/07396_Plantae_Tracheophyta_Magnoliopsida_Caryophyllales_Cactaceae_Opuntia_chlorotica/54aaa3d8-cd94-4392-818b-5b8767e06c40.jpg,384,398,0.010106409606328855,False,True,"[398, 312, 384, 343, 408]"
val/07396_Plantae_Tracheophyta_Magnoliopsida_Caryophyllales_Cactaceae_Opuntia_chlorotica/57da6038-6e1b-43a3-8405-30057ae794b6.jpg,384,497,0.01588677283570039,False,False,"[497, 293, 400, 330, 495]"
val/07396_Plantae_Tracheophyta_Magnoliopsida_Caryophyllales_Cactaceae_Opuntia_chlorotica/942c994a-dad8-4259-8995-9e0fc33e5eaf.jpg,384,477,0.011074291795047798,False,False,"[477, 364, 460, 356, 344]"
val/07396_Plantae_Tracheophyta_Magnoliopsida_Caryophyllales_Cactaceae_Opuntia_chlorotica/aff30620-d9b9-4195-90e2-e29596969161.jpg,384,45,0.009483477902195225,False,False,"[45, 338, 414, 33, 273]"
val/07396_Plantae_Tracheophyta_Magnoliopsida_Caryophyllales_Cactaceae_Opuntia_chlorotica/b869eaf6-0ad7-4453-8acb-34ae8d8e8ba7.jpg,384,184,0.012485172934540814,False,False,"[184, 172, 185, 45, 169]"
val/07396_Plantae_Tracheophyta_Magnoliopsida_Caryophyllales_Cactaceae_Opuntia_chlorotica/bb63c785-b7c9-43ec-8301-3f26b4d33498.jpg,384,134,0.015452608295384529,False,False,"[134, 235, 268, 24, 158]"
val/07396_Plantae_Tracheophyta_Magnoliopsida_Caryophyllales_Cactaceae_Opuntia_chlorotica/ddd5e9c8-83ed-4943-9992-c9df500b7e18.jpg,384,348,0.00962729629886238,False,False,"[348, 67, 387, 36, 168]"
val/07414_Plantae_Tracheophyta_Magnoliopsida_Caryophyllales_Cactaceae_Pachycereus_pringlei/04a22b04-b794-45fd-9035-512118bb2359.jpg,385,213,0.009241757523172633,False,False,"[213, 494, 87, 242, 368]"
val/07414_Plantae_Tracheophyta_Magnoliopsida_Caryophyllales_Cactaceae_Pachycereus_pringlei/1b89650c-aea5-44f6-817e-543a724101bb.jpg,385,271,0.012392675076971688,False,False,"[271, 30, 149, 37, 250]"
val/07414_Plantae_Tracheophyta_Magnoliopsida_Caryophyllales_Cactaceae_Pachycereus_pringlei/1d6abc06-d440-46f9-a83e-adb00751cc7e.jpg,385,34,0.014381719917350292,False,False,"[34, 151, 114, 169, 219]"
val/07414_Plantae_Tracheophyta_Magnoliopsida_Caryophyllales_Cactaceae_Pachycereus_pringlei/78b3413d-47ae-45bf-962d-ae9bf4398c9e.jpg,385,96,0.009244800857998278,False,False,"[96, 240, 186, 131, 380]"
val/07414_Plantae_Tracheophyta_Magnoliopsida_Caryophyllales_Cactaceae_Pachycereus_pringlei/8f8ed6bb-ba28-4bc6-bf2b-06059b200bf9.jpg,385,197,0.011832775330158505,False,False,"[197, 172, 231, 233, 119]"
val/07414_Plantae_Tracheophyta_Magnoliopsida_Caryophyllales_Cactaceae_Pachycereus_pringlei/dad208d9-ae3e-42f9-9b68-1b69d631e83f.jpg,385,58,0.011622606643288695,False,False,"[58, 82, 75, 323, 194]"
val/07414_Plantae_Tracheophyta_Magnoliopsida_Caryophyllales_Cactaceae_Pachycereus_pringlei/e2e4b8ef-9e93-4213-b343-05f481d8fc51.jpg,385,165,0.010579717875919608,False,False,"[165, 22, 164, 163, 248]"
val/07414_Plantae_Tracheophyta_Magnoliopsida_Caryophyllales_Cactaceae_Pachycereus_pringlei/e6db64cc-a9d8-4096-95fd-8bbdaaee6353.jpg,385,494,0.016191934104786403,False,False,"[494, 439, 423, 482, 448]"
val/07414_Plantae_Tracheophyta_Magnoliopsida_Caryophyllales_Cactaceae_Pachycereus_pringlei/efa5a7cb-e226-42cd-a450-2bc0973f040e.jpg,385,154,0.015883433597549526,False,False,"[154, 8, 198, 247, 115]"
val/07414_Plantae_Tracheophyta_Magnoliopsida_Caryophyllales_Cactaceae_Pachycereus_pringlei/f513d6f2-7582-4b1a-9e2c-0f3c523df2c4.jpg,385,42,0.01679526926064857,False,False,"[42, 249, 354, 314, 394]"
val/07423_Plantae_Tracheophyta_Magnoliopsida_Caryophyllales_Caryophyllaceae_Cerastium_arvense/09345598-cfab-4fe4-a408-4d0daf0e131f.jpg,386,397,0.009775648835076338,False,False,"[397, 356, 381, 361, 394]"
val/07423_Plantae_Tracheophyta_Magnoliopsida_Caryophyllales_Caryophyllaceae_Cerastium_arvense/309271fd-1c18-4d31-981f-6f468d6be169.jpg,386,112,0.015741742001777602,False,False,"[112, 414, 457, 465, 297]"
val/07423_Plantae_Tracheophyta_Magnoliopsida_Caryophyllales_Caryophyllaceae_Cerastium_arvense/30b2d579-f41d-4724-92d7-440ecbb2ab0a.jpg,386,377,0.010103952298011693,False,False,"[377, 478, 315, 267, 90]"
val/07423_Plantae_Tracheophyta_Magnoliopsida_Caryophyllales_Caryophyllaceae_Cerastium_arvense/365cf2fe-bae7-4ecb-b19e-6b727c4febd0.jpg,386,475,0.031409881585000354,False,False,"[475, 387, 362, 404, 350]"
val/07423_Plantae_Tracheophyta_Magnoliopsida_Caryophyllales_Caryophyllaceae_Cerastium_arvense/451045ed-1aa1-471c-bb68-70c4d4d72b80.jpg,386,458,0.01082314305425485,False,False,"[458, 460, 78, 429, 304]"
val/07423_Plantae_Tracheophyta_Magnoliopsida_Caryophyllales_Caryophyllaceae_Cerastium_arvense/686aa6cd-d4ff-4e4a-acfb-4c8bbaa1e10e.jpg,386,359,0.011504486779190488,False,False,"[359, 360, 470, 463, 476]"
val/07423_Plantae_Tracheophyta_Magnoliopsida_Caryophyllales_Caryophyllaceae_Cerastium_arvense/6b34d4e0-bcfc-47ba-9b49-002ce23051d0.jpg,386,387,0.010050837205688059,False,False,"[387, 409, 448, 380, 87]"
val/07423_Plantae_Tracheophyta_Magnoliopsida_Caryophyllales_Caryophyllaceae_Cerastium_arvense/75a51d10-744b-4ee1-8321-32f1acdc73b3.jpg,386,370,0.011693582715124091,False,False,"[370, 305, 371, 470, 337]"
val/07423_Plantae_Tracheophyta_Magnoliopsida_Caryophyllales_Caryophyllaceae_Cerastium_arvense/7628dbd7-5c49-4de1-ba7b-761f6cf13017.jpg,386,407,0.026785162628781348,False,False,"[407, 369, 435, 346, 360]"
val/07423_Plantae_Tracheophyta_Magnoliopsida_Caryophyllales_Caryophyllaceae_Cerastium_arvense/841dcba7-ca19-4105-804a-bd26dc4dc5ed.jpg,386,372,0.01207318191074275,False,False,"[372, 491, 378, 368, 486]"
val/07441_Plantae_Tracheophyta_Magnoliopsida_Caryophyllales_Caryophyllaceae_Rabelera_holostea/0110d8c2-2b15-406a-834e-661eff14ba43.jpg,387,372,0.017197338589697415,False,False,"[372, 439, 416, 353, 366]"
val/07441_Plantae_Tracheophyta_Magnoliopsida_Caryophyllales_Caryophyllaceae_Rabelera_holostea/3411e684-2587-48fd-a992-c25beaaef5e3.jpg,387,405,0.021087290798978003,False,False,"[405, 360, 344, 417, 398]"
val/07441_Plantae_Tracheophyta_Magnoliopsida_Caryophyllales_Caryophyllaceae_Rabelera_holostea/4c53ed08-e883-48a5-a80b-ce3620dae41b.jpg,387,431,0.011679964121753643,False,False,"[431, 352, 415, 300, 480]"
val/07441_Plantae_Tracheophyta_Magnoliopsida_Caryophyllales_Caryophyllaceae_Rabelera_holostea/618e9e4d-ec8c-485f-a56d-b3f11d911633.jpg,387,360,0.02010182956016436,False,False,"[360, 380, 480, 398, 347]"
val/07441_Plantae_Tracheophyta_Magnoliopsida_Caryophyllales_Caryophyllaceae_Rabelera_holostea/6f392aa6-6eab-4da1-8fe9-395105591f83.jpg,387,387,0.026024689754358305,True,True,"[387, 476, 306, 324, 386]"
val/07441_Plantae_Tracheophyta_Magnoliopsida_Caryophyllales_Caryophyllaceae_Rabelera_holostea/7cf937ff-71ec-4509-b336-9f2264d3e167.jpg,387,258,0.008704045446740652,False,False,"[258, 97, 126, 52, 295]"
val/07441_Plantae_Tracheophyta_Magnoliopsida_Caryophyllales_Caryophyllaceae_Rabelera_holostea/9b52e9f8-f355-4372-9ff9-7fad8df60401.jpg,387,387,0.033038108148414416,True,True,"[387, 405, 401, 453, 475]"
val/07441_Plantae_Tracheophyta_Magnoliopsida_Caryophyllales_Caryophyllaceae_Rabelera_holostea/a51e878e-befa-4979-a5e8-098cc4413d45.jpg,387,455,0.011164808750342021,False,False,"[455, 364, 437, 291, 36]"
val/07441_Plantae_Tracheophyta_Magnoliopsida_Caryophyllales_Caryophyllaceae_Rabelera_holostea/bf9240cc-8c0c-4fbf-8689-7da7b677a488.jpg,387,471,0.009527746423343125,False,False,"[471, 429, 431, 421, 322]"
val/07441_Plantae_Tracheophyta_Magnoliopsida_Caryophyllales_Caryophyllaceae_Rabelera_holostea/ef8fa355-c0f3-4908-aa2e-d81510a1a778.jpg,387,386,0.010833810079860487,False,False,"[386, 371, 493, 436, 341]"
val/07461_Plantae_Tracheophyta_Magnoliopsida_Caryophyllales_Caryophyllaceae_Spergula_arvensis/0ff93dbb-6eb0-479d-b3a7-30ba39ca5246.jpg,388,235,0.008991453727993858,False,False,"[235, 125, 131, 476, 384]"
val/07461_Plantae_Tracheophyta_Magnoliopsida_Caryophyllales_Caryophyllaceae_Spergula_arvensis/1a13d5ee-c669-4c58-83bc-2d96800e5576.jpg,388,398,0.009454931445423231,False,False,"[398, 384, 303, 338, 113]"
val/07461_Plantae_Tracheophyta_Magnoliopsida_Caryophyllales_Caryophyllaceae_Spergula_arvensis/468abed6-ace1-4d82-8847-8318c1c51235.jpg,388,491,0.019446130674148132,False,False,"[491, 311, 378, 37, 290]"
val/07461_Plantae_Tracheophyta_Magnoliopsida_Caryophyllales_Caryophyllaceae_Spergula_arvensis/55d1385d-9a1f-49ba-b348-641a740aab87.jpg,388,317,0.01085283787723099,False,False,"[317, 458, 474, 386, 313]"
val/07461_Plantae_Tracheophyta_Magnoliopsida_Caryophyllales_Caryophyllaceae_Spergula_arvensis/6ef1f6df-dce1-43b1-a3e9-a10990a98d07.jpg,388,266,0.014772631400264746,False,False,"[266, 232, 454, 498, 150]"
val/07461_Plantae_Tracheophyta_Magnoliopsida_Caryophyllales_Caryophyllaceae_Spergula_arvensis/976a8e1c-35b7-4aa5-aacb-50495ded9078.jpg,388,485,0.014634521462250057,False,False,"[485, 7, 12, 238, 325]"
val/07461_Plantae_Tracheophyta_Magnoliopsida_Caryophyllales_Caryophyllaceae_Spergula_arvensis/9e3081e6-c068-4f29-be33-8ee40830b30a.jpg,388,216,0.032525112508550065,False,False,"[216, 344, 228, 327, 476]"
val/07461_Plantae_Tracheophyta_Magnoliopsida_Caryophyllales_Caryophyllaceae_Spergula_arvensis/d5b7b9e6-0fc8-4f46-b549-da7ce4a6871e.jpg,388,382,0.010402405337690013,False,False,"[382, 376, 346, 482, 391]"
val/07461_Plantae_Tracheophyta_Magnoliopsida_Caryophyllales_Caryophyllaceae_Spergula_arvensis/efbced34-9db8-4297-a3da-bc4966f67f5c.jpg,388,310,0.015694425429032818,False,False,"[310, 420, 195, 488, 434]"
val/07461_Plantae_Tracheophyta_Magnoliopsida_Caryophyllales_Caryophyllaceae_Spergula_arvensis/eff7c55b-a8dc-4c0a-ad89-c8b946f1e347.jpg,388,82,0.022852824243254417,False,False,"[82, 333, 287, 90, 19]"
val/07476_Plantae_Tracheophyta_Magnoliopsida_Caryophyllales_Droseraceae_Drosera_cistiflora/1190f380-8094-45b5-aafe-25a5eb9d96f6.jpg,389,355,0.00963640305591165,False,False,"[355, 369, 234, 325, 133]"
val/07476_Plantae_Tracheophyta_Magnoliopsida_Caryophyllales_Droseraceae_Drosera_cistiflora/17cb131f-4b55-4a5b-b425-fe97a2c1d3bb.jpg,389,208,0.009331976450068584,False,False,"[208, 110, 431, 498, 371]"
val/07476_Plantae_Tracheophyta_Magnoliopsida_Caryophyllales_Droseraceae_Drosera_cistiflora/1a95f5dd-bf01-429b-a8cb-65a132901c2f.jpg,389,387,0.01795963240485488,False,False,"[387, 363, 475, 362, 426]"
val/07476_Plantae_Tracheophyta_Magnoliopsida_Caryophyllales_Droseraceae_Drosera_cistiflora/1cda65ab-ebec-46e9-bbdd-edb0171d5383.jpg,389,496,0.01123014400251519,False,False,"[496, 255, 276, 230, 123]"
val/07476_Plantae_Tracheophyta_Magnoliopsida_Caryophyllales_Droseraceae_Drosera_cistiflora/2f933393-80ac-4ce0-a3de-554dbd097751.jpg,389,342,0.009604876226471914,False,False,"[342, 326, 400, 393, 10]"
val/07476_Plantae_Tracheophyta_Magnoliopsida_Caryophyllales_Droseraceae_Drosera_cistiflora/4296dd03-761a-4b7d-a3d3-b74e74532aa3.jpg,389,405,0.017296442537168354,False,False,"[405, 255, 10, 457, 358]"
val/07476_Plantae_Tracheophyta_Magnoliopsida_Caryophyllales_Droseraceae_Drosera_cistiflora/6aff548a-d35d-4c77-822e-0d6b2dc2367c.jpg,389,303,0.009876605327105643,False,True,"[303, 293, 71, 13, 389]"
val/07476_Plantae_Tracheophyta_Magnoliopsida_Caryophyllales_Droseraceae_Drosera_cistiflora/8c2204b2-f821-4a74-89bd-ea318f86aa13.jpg,389,359,0.009678730818242505,False,False,"[359, 437, 338, 469, 362]"
val/07476_Plantae_Tracheophyta_Magnoliopsida_Caryophyllales_Droseraceae_Drosera_cistiflora/d5ed3e31-fb21-4192-a368-45dcb4155ac4.jpg,389,407,0.009541261422253778,False,False,"[407, 418, 438, 196, 349]"
val/07476_Plantae_Tracheophyta_Magnoliopsida_Caryophyllales_Droseraceae_Drosera_cistiflora/f6018bec-50e8-49f3-b6a2-a7daad033f5c.jpg,389,457,0.015722422688874502,False,False,"[457, 305, 425, 372, 440]"
val/07486_Plantae_Tracheophyta_Magnoliopsida_Caryophyllales_Montiaceae_Calyptridium_monospermum/20e4612c-de77-4cde-8738-ea9867e4ab4e.jpg,390,20,0.01635762949909451,False,False,"[20, 284, 353, 491, 388]"
val/07486_Plantae_Tracheophyta_Magnoliopsida_Caryophyllales_Montiaceae_Calyptridium_monospermum/254807f2-29db-4742-9fb9-34385c788350.jpg,390,306,0.011967167548234504,False,False,"[306, 496, 349, 440, 409]"
val/07486_Plantae_Tracheophyta_Magnoliopsida_Caryophyllales_Montiaceae_Calyptridium_monospermum/332f1509-2258-4cad-8135-74a7ef9ea123.jpg,390,447,0.015940179419890243,False,False,"[447, 403, 407, 352, 482]"
val/07486_Plantae_Tracheophyta_Magnoliopsida_Caryophyllales_Montiaceae_Calyptridium_monospermum/37bc4609-7c73-4ec0-8a31-9a25e6bafd03.jpg,390,359,0.012776398249118758,False,False,"[359, 341, 460, 449, 346]"
val/07486_Plantae_Tracheophyta_Magnoliopsida_Caryophyllales_Montiaceae_Calyptridium_monospermum/7c34f0c5-60bb-4934-b622-98535eed8188.jpg,390,420,0.018415224533496023,False,True,"[420, 363, 390, 356, 348]"
val/07486_Plantae_Tracheophyta_Magnoliopsida_Caryophyllales_Montiaceae_Calyptridium_monospermum/bc3f845f-0ff5-454d-9a18-05f8b9049813.jpg,390,479,0.009563389237406196,False,False,"[479, 456, 344, 473, 55]"
val/07486_Plantae_Tracheophyta_Magnoliopsida_Caryophyllales_Montiaceae_Calyptridium_monospermum/bf6999c4-4682-4ae5-93b5-3a133bf34d92.jpg,390,418,0.016689081356803987,False,False,"[418, 314, 318, 453, 346]"
val/07486_Plantae_Tracheophyta_Magnoliopsida_Caryophyllales_Montiaceae_Calyptridium_monospermum/e1c02bf2-75ba-4f10-bf25-f55817c7552f.jpg,390,323,0.011322184967981236,False,False,"[323, 435, 299, 361, 397]"
val/07486_Plantae_Tracheophyta_Magnoliopsida_Caryophyllales_Montiaceae_Calyptridium_monospermum/eb97f9ce-3782-4232-a017-e3050b06834c.jpg,390,359,0.01262596279693767,False,False,"[359, 402, 467, 424, 262]"
val/07486_Plantae_Tracheophyta_Magnoliopsida_Caryophyllales_Montiaceae_Calyptridium_monospermum/f491c49f-67e1-4ee1-ad8f-844850b3535f.jpg,390,338,0.010015098883109601,False,False,"[338, 414, 461, 70, 380]"
val/07493_Plantae_Tracheophyta_Magnoliopsida_Caryophyllales_Montiaceae_Claytonia_sibirica/18dd9561-7ef5-4b89-aee4-bbf5db674721.jpg,391,407,0.017328162051588943,False,False,"[407, 448, 360, 364, 352]"
val/07493_Plantae_Tracheophyta_Magnoliopsida_Caryophyllales_Montiaceae_Claytonia_sibirica/32aac253-f606-45f5-bd0c-19fb2dc26f38.jpg,391,488,0.011267183564706854,False,False,"[488, 312, 453, 1, 407]"
val/07493_Plantae_Tracheophyta_Magnoliopsida_Caryophyllales_Montiaceae_Claytonia_sibirica/5b2549e8-e359-4b06-abf0-3059df163929.jpg,391,431,0.017764213662864653,False,False,"[431, 314, 483, 377, 380]"
val/07493_Plantae_Tracheophyta_Magnoliopsida_Caryophyllales_Montiaceae_Claytonia_sibirica/69d96baf-de38-4576-949d-d7f97d92fe25.jpg,391,43,0.03495963700427561,False,False,"[43, 42, 66, 398, 284]"
val/07493_Plantae_Tracheophyta_Magnoliopsida_Caryophyllales_Montiaceae_Claytonia_sibirica/7b353707-9bb8-4663-9308-ad60be195c85.jpg,391,327,0.023040272151433533,False,False,"[327, 426, 206, 476, 59]"
val/07493_Plantae_Tracheophyta_Magnoliopsida_Caryophyllales_Montiaceae_Claytonia_sibirica/88659349-c586-41d1-b7eb-d1a96fb59020.jpg,391,394,0.009286549865199162,False,False,"[394, 294, 335, 293, 105]"
val/07493_Plantae_Tracheophyta_Magnoliopsida_Caryophyllales_Montiaceae_Claytonia_sibirica/af24c110-0c53-4889-8276-04301d4bd41d.jpg,391,348,0.016749277614933646,False,False,"[348, 457, 10, 293, 323]"
val/07493_Plantae_Tracheophyta_Magnoliopsida_Caryophyllales_Montiaceae_Claytonia_sibirica/b5604018-dd56-421e-b6e2-a51ddb250dcd.jpg,391,360,0.009335212961641455,False,False,"[360, 387, 321, 67, 137]"
val/07493_Plantae_Tracheophyta_Magnoliopsida_Caryophyllales_Montiaceae_Claytonia_sibirica/c4e87aa9-25c0-4762-b901-9c8f7c3e4de0.jpg,391,418,0.010234857776308573,False,False,"[418, 300, 401, 346, 416]"
val/07493_Plantae_Tracheophyta_Magnoliopsida_Caryophyllales_Montiaceae_Claytonia_sibirica/fc39c002-8042-4033-bf2b-f6c509ae9343.jpg,391,294,0.01020839663407847,False,False,"[294, 320, 299, 477, 450]"
val/07505_Plantae_Tracheophyta_Magnoliopsida_Caryophyllales_Nyctaginaceae_Mirabilis_multiflora/2dfba01f-2384-4f14-b47c-0620365ac560.jpg,392,466,0.016413639035557304,False,False,"[466, 406, 71, 473, 442]"
val/07505_Plantae_Tracheophyta_Magnoliopsida_Caryophyllales_Nyctaginaceae_Mirabilis_multiflora/3744fce2-5a71-4d50-acff-fa2af0ff0b3a.jpg,392,359,0.011184516489164364,False,False,"[359, 468, 10, 345, 38]"
val/07505_Plantae_Tracheophyta_Magnoliopsida_Caryophyllales_Nyctaginaceae_Mirabilis_multiflora/51444872-8bc6-4c14-8ee2-378a8093a5ed.jpg,392,177,0.021449415197026495,False,False,"[177, 439, 188, 322, 278]"
val/07505_Plantae_Tracheophyta_Magnoliopsida_Caryophyllales_Nyctaginaceae_Mirabilis_multiflora/6b78cc5a-224f-4f11-a3d7-2a8ed40d4e88.jpg,392,289,0.01570349546272024,False,False,"[289, 460, 457, 436, 15]"
val/07505_Plantae_Tracheophyta_Magnoliopsida_Caryophyllales_Nyctaginaceae_Mirabilis_multiflora/72f080a1-91e5-4212-99b7-5e6d4bd354bf.jpg,392,335,0.016611630109362105,False,False,"[335, 188, 321, 403, 391]"
val/07505_Plantae_Tracheophyta_Magnoliopsida_Caryophyllales_Nyctaginaceae_Mirabilis_multiflora/7ba8c60d-f180-4251-ae7c-7b391b173767.jpg,392,331,0.009029376879940862,False,False,"[331, 280, 11, 455, 311]"
val/07505_Plantae_Tracheophyta_Magnoliopsida_Caryophyllales_Nyctaginaceae_Mirabilis_multiflora/8204cfbc-645b-42b8-8fb0-e18189fc71e7.jpg,392,110,0.008918942006072917,False,False,"[110, 423, 318, 313, 306]"
val/07505_Plantae_Tracheophyta_Magnoliopsida_Caryophyllales_Nyctaginaceae_Mirabilis_multiflora/befb29cf-783c-47ce-ab0b-96d1bdf75b6b.jpg,392,329,0.010891199174253923,False,False,"[329, 381, 122, 134, 437]"
val/07505_Plantae_Tracheophyta_Magnoliopsida_Caryophyllales_Nyctaginaceae_Mirabilis_multiflora/c27f7d95-0403-4981-8012-70ff7988ae34.jpg,392,375,0.010110199723635574,False,False,"[375, 472, 290, 459, 346]"
val/07505_Plantae_Tracheophyta_Magnoliopsida_Caryophyllales_Nyctaginaceae_Mirabilis_multiflora/ef300e29-1be9-4a98-8493-2e2521f5748f.jpg,392,365,0.013342842254561364,False,False,"[365, 460, 304, 489, 443]"
val/07539_Plantae_Tracheophyta_Magnoliopsida_Caryophyllales_Polygonaceae_Fallopia_scandens/119f8a5c-6aa2-4eeb-94aa-f524628c13a3.jpg,393,458,0.010739425385076705,False,False,"[458, 363, 298, 416, 102]"
val/07539_Plantae_Tracheophyta_Magnoliopsida_Caryophyllales_Polygonaceae_Fallopia_scandens/137cac54-288f-4526-8657-42f3ee71f7e7.jpg,393,420,0.00971586915618076,False,False,"[420, 371, 350, 470, 384]"
val/07539_Plantae_Tracheophyta_Magnoliopsida_Caryophyllales_Polygonaceae_Fallopia_scandens/2603a2f6-aeda-40e4-81ac-c28deab6fd48.jpg,393,354,0.010806167532192794,False,False,"[354, 380, 279, 387, 108]"
val/07539_Plantae_Tracheophyta_Magnoliopsida_Caryophyllales_Polygonaceae_Fallopia_scandens/46137db0-c442-4f24-aa6e-95399b844614.jpg,393,352,0.017142045174541036,False,False,"[352, 401, 346, 337, 373]"
val/07539_Plantae_Tracheophyta_Magnoliopsida_Caryophyllales_Polygonaceae_Fallopia_scandens/50d0cbcf-2873-4341-8b89-0887d1c3b0f1.jpg,393,477,0.011069562304984787,False,False,"[477, 479, 351, 355, 83]"
val/07539_Plantae_Tracheophyta_Magnoliopsida_Caryophyllales_Polygonaceae_Fallopia_scandens/640f970d-3296-47d7-8a28-d85e61b182f1.jpg,393,133,0.01584657812167796,False,False,"[133, 250, 180, 77, 96]"
val/07539_Plantae_Tracheophyta_Magnoliopsida_Caryophyllales_Polygonaceae_Fallopia_scandens/9ad4e47a-367f-4eda-a2f9-a0e1475195ca.jpg,393,101,0.02170868513292378,False,False,"[101, 440, 368, 426, 310]"
val/07539_Plantae_Tracheophyta_Magnoliopsida_Caryophyllales_Polygonaceae_Fallopia_scandens/bbb97efd-1007-4e36-869d-5bf836f9a17c.jpg,393,370,0.009854082996797105,False,False,"[370, 366, 37, 481, 330]"
val/07539_Plantae_Tracheophyta_Magnoliopsida_Caryophyllales_Polygonaceae_Fallopia_scandens/d389b81b-3c1a-464f-8eb2-a75ca4a08d18.jpg,393,432,0.011012676952539624,False,False,"[432, 484, 433, 440, 168]"
val/07539_Plantae_Tracheophyta_Magnoliopsida_Caryophyllales_Polygonaceae_Fallopia_scandens/d5aefdc5-9dd4-4012-b228-26ea30aa8b9d.jpg,393,346,0.012987977081743481,False,False,"[346, 359, 401, 483, 308]"
val/07549_Plantae_Tracheophyta_Magnoliopsida_Caryophyllales_Polygonaceae_Persicaria_hydropiperoides/01d4c22d-4afc-4e4b-ab89-a67e2aad5b0d.jpg,394,245,0.01303322114873996,False,False,"[245, 322, 122, 16, 29]"
val/07549_Plantae_Tracheophyta_Magnoliopsida_Caryophyllales_Polygonaceae_Persicaria_hydropiperoides/0308c112-1c87-4351-b7f9-c9f070dce0d1.jpg,394,115,0.008760927342600618,False,False,"[115, 460, 497, 226, 105]"
val/07549_Plantae_Tracheophyta_Magnoliopsida_Caryophyllales_Polygonaceae_Persicaria_hydropiperoides/08f03ca1-578b-4d38-b8da-bdbe34b08e50.jpg,394,306,0.012824362247321025,False,False,"[306, 469, 421, 315, 463]"
val/07549_Plantae_Tracheophyta_Magnoliopsida_Caryophyllales_Polygonaceae_Persicaria_hydropiperoides/0cb0112c-a40a-4ee9-a208-4cb5e7b12f28.jpg,394,314,0.010887294729101393,False,False,"[314, 443, 363, 320, 440]"
val/07549_Plantae_Tracheophyta_Magnoliopsida_Caryophyllales_Polygonaceae_Persicaria_hydropiperoides/12547c8e-4962-4933-ab51-f5f64f45780f.jpg,394,434,0.009779111067779931,False,False,"[434, 482, 353, 467, 338]"
val/07549_Plantae_Tracheophyta_Magnoliopsida_Caryophyllales_Polygonaceae_Persicaria_hydropiperoides/1a1279ee-77c1-4364-b6fc-f62936dc5a90.jpg,394,443,0.01266116094898547,False,False,"[443, 412, 475, 496, 495]"
val/07549_Plantae_Tracheophyta_Magnoliopsida_Caryophyllales_Polygonaceae_Persicaria_hydropiperoides/216952bb-e7e8-470f-a45d-91813964e63f.jpg,394,443,0.009878160999041445,False,False,"[443, 100, 102, 497, 330]"
val/07549_Plantae_Tracheophyta_Magnoliopsida_Caryophyllales_Polygonaceae_Persicaria_hydropiperoides/2abef603-ffcf-47c3-a0ee-9467bd02b901.jpg,394,120,0.01745140402794083,False,False,"[120, 293, 306, 324, 333]"
val/07549_Plantae_Tracheophyta_Magnoliopsida_Caryophyllales_Polygonaceae_Persicaria_hydropiperoides/884407c3-5410-4a44-a898-bd75c5ebb4d5.jpg,394,393,0.010663122575152477,False,False,"[393, 324, 68, 461, 304]"
val/07549_Plantae_Tracheophyta_Magnoliopsida_Caryophyllales_Polygonaceae_Persicaria_hydropiperoides/f1026f8c-de54-4bdd-b3fc-b8cc047d3870.jpg,394,186,0.010097485128442467,False,False,"[186, 6, 87, 157, 73]"
val/07593_Plantae_Tracheophyta_Magnoliopsida_Cornales_Cornaceae_Cornus_alba/476420ae-c8bc-4b78-85e1-2a80b0af7ddc.jpg,395,322,0.015903800703844003,False,False,"[322, 320, 465, 424, 238]"
val/07593_Plantae_Tracheophyta_Magnoliopsida_Cornales_Cornaceae_Cornus_alba/4e2b192e-5254-4e97-aa92-0728956df6ce.jpg,395,468,0.010061418480334858,False,False,"[468, 384, 490, 339, 488]"
val/07593_Plantae_Tracheophyta_Magnoliopsida_Cornales_Cornaceae_Cornus_alba/5004c6c6-fa78-4ceb-ba06-3a75fd8d0d2e.jpg,395,335,0.009908033769689082,False,False,"[335, 292, 322, 478, 114]"
val/07593_Plantae_Tracheophyta_Magnoliopsida_Cornales_Cornaceae_Cornus_alba/cbd074b6-8d5d-45d5-8568-82ccd32e3717.jpg,395,305,0.017889980258637285,False,False,"[305, 333, 489, 311, 476]"
val/07593_Plantae_Tracheophyta_Magnoliopsida_Cornales_Cornaceae_Cornus_alba/d316999e-3841-40e4-b295-7c6b757ceca2.jpg,395,351,0.01137190279321193,False,False,"[351, 290, 498, 495, 256]"
val/07593_Plantae_Tracheophyta_Magnoliopsida_Cornales_Cornaceae_Cornus_alba/db88488d-cd97-47a0-b449-fa0b3a783fd3.jpg,395,445,0.009550002992084588,False,False,"[445, 293, 289, 97, 107]"
val/07593_Plantae_Tracheophyta_Magnoliopsida_Cornales_Cornaceae_Cornus_alba/e4b5cad8-a77d-4ee8-9782-890e0d6654ab.jpg,395,432,0.00962784702214826,False,False,"[432, 371, 33, 21, 471]"
val/07593_Plantae_Tracheophyta_Magnoliopsida_Cornales_Cornaceae_Cornus_alba/ec696aae-56e0-487b-bbb8-5159b996b9c5.jpg,395,81,0.010719166830218849,False,False,"[81, 432, 499, 41, 205]"
val/07593_Plantae_Tracheophyta_Magnoliopsida_Cornales_Cornaceae_Cornus_alba/fb52ffcb-0f52-4e2b-ab0c-8e24a5f7bdd0.jpg,395,417,0.01017582446862188,False,False,"[417, 299, 453, 345, 67]"
val/07593_Plantae_Tracheophyta_Magnoliopsida_Cornales_Cornaceae_Cornus_alba/fbcb9c9e-2b32-46ca-ad36-deee398c9fec.jpg,395,307,0.011300937203811035,False,False,"[307, 416, 378, 357, 256]"
val/07628_Plantae_Tracheophyta_Magnoliopsida_Cucurbitales_Cucurbitaceae_Marah_fabacea/127a7a2b-4bee-4529-8406-855a41d66094.jpg,396,201,0.010335229694647733,False,False,"[201, 8, 115, 164, 422]"
val/07628_Plantae_Tracheophyta_Magnoliopsida_Cucurbitales_Cucurbitaceae_Marah_fabacea/3114ea57-32c1-4582-ab77-866aeb891509.jpg,396,464,0.00903955677629683,False,False,"[464, 401, 346, 343, 444]"
val/07628_Plantae_Tracheophyta_Magnoliopsida_Cucurbitales_Cucurbitaceae_Marah_fabacea/5db2af2e-42d4-471f-b46b-a7aad49b4ce6.jpg,396,407,0.010596457349692435,False,False,"[407, 340, 333, 336, 140]"
val/07628_Plantae_Tracheophyta_Magnoliopsida_Cucurbitales_Cucurbitaceae_Marah_fabacea/5f51a77b-6117-4df0-89dc-86c244d2ff75.jpg,396,419,0.011480324285163244,False,False,"[419, 405, 444, 433, 490]"
val/07628_Plantae_Tracheophyta_Magnoliopsida_Cucurbitales_Cucurbitaceae_Marah_fabacea/67210d33-1f7b-4e9f-b584-99a859b70005.jpg,396,329,0.009526135285423974,False,False,"[329, 456, 7, 204, 121]"
val/07628_Plantae_Tracheophyta_Magnoliopsida_Cucurbitales_Cucurbitaceae_Marah_fabacea/aa56c541-ea1f-4e1a-9bfa-515088c5a607.jpg,396,306,0.012164861546824892,False,False,"[306, 363, 474, 344, 84]"
val/07628_Plantae_Tracheophyta_Magnoliopsida_Cucurbitales_Cucurbitaceae_Marah_fabacea/bf233633-b44f-4079-96e0-0a29a5588774.jpg,396,461,0.009609477412550329,False,False,"[461, 33, 141, 375, 299]"
val/07628_Plantae_Tracheophyta_Magnoliopsida_Cucurbitales_Cucurbitaceae_Marah_fabacea/c06c16ed-d136-409a-adb4-46744b697e99.jpg,396,323,0.009595624681321914,False,False,"[323, 471, 488, 419, 408]"
val/07628_Plantae_Tracheophyta_Magnoliopsida_Cucurbitales_Cucurbitaceae_Marah_fabacea/cbecb246-003f-4a20-87ab-2db2bbe0d706.jpg,396,455,0.011367096022214897,False,False,"[455, 437, 458, 375, 480]"
val/07628_Plantae_Tracheophyta_Magnoliopsida_Cucurbitales_Cucurbitaceae_Marah_fabacea/f2545af2-7f72-4eff-82d9-41662a7858ba.jpg,396,339,0.01623943975729397,False,False,"[339, 331, 455, 402, 363]"
val/07665_Plantae_Tracheophyta_Magnoliopsida_Dipsacales_Caprifoliaceae_Symphoricarpos_rotundifolius/15e21154-19e5-4f99-94c8-5a8fb4c58601.jpg,397,207,0.01686798156525245,False,False,"[207, 354, 370, 346, 308]"
val/07665_Plantae_Tracheophyta_Magnoliopsida_Dipsacales_Caprifoliaceae_Symphoricarpos_rotundifolius/18ad6e8a-288f-4764-afbb-ddf30d7e5d5b.jpg,397,309,0.016329770439060157,False,False,"[309, 429, 95, 232, 401]"
val/07665_Plantae_Tracheophyta_Magnoliopsida_Dipsacales_Caprifoliaceae_Symphoricarpos_rotundifolius/332a325b-5937-45a9-8a6b-1c6a836f1238.jpg,397,329,0.019396168511842237,False,False,"[329, 391, 327, 306, 372]"
val/07665_Plantae_Tracheophyta_Magnoliopsida_Dipsacales_Caprifoliaceae_Symphoricarpos_rotundifolius/50e10fe1-50fe-48c5-8274-a53458048f35.jpg,397,460,0.023010670791992916,False,False,"[460, 448, 439, 495, 3]"
val/07665_Plantae_Tracheophyta_Magnoliopsida_Dipsacales_Caprifoliaceae_Symphoricarpos_rotundifolius/63cab643-7854-4143-8b05-49f716fccafb.jpg,397,322,0.009405579318259834,False,False,"[322, 414, 449, 298, 3]"
val/07665_Plantae_Tracheophyta_Magnoliopsida_Dipsacales_Caprifoliaceae_Symphoricarpos_rotundifolius/a56dc8e3-0599-47ec-9669-ebfb730ae294.jpg,397,410,0.011045689995634605,False,False,"[410, 488, 460, 480, 485]"
val/07665_Plantae_Tracheophyta_Magnoliopsida_Dipsacales_Caprifoliaceae_Symphoricarpos_rotundifolius/d72ea7f3-b922-4a83-8c7c-e611e26e026b.jpg,397,110,0.015195186119864458,False,False,"[110, 346, 455, 420, 419]"
val/07665_Plantae_Tracheophyta_Magnoliopsida_Dipsacales_Caprifoliaceae_Symphoricarpos_rotundifolius/d88110d9-3b59-498d-a8be-bf6bb7446cc5.jpg,397,292,0.010731791866546941,False,False,"[292, 393, 347, 364, 358]"
val/07665_Plantae_Tracheophyta_Magnoliopsida_Dipsacales_Caprifoliaceae_Symphoricarpos_rotundifolius/e3fe8c4b-b785-4d29-bd65-c034fdbe9ca6.jpg,397,132,0.01652964468946596,False,False,"[132, 107, 384, 345, 120]"
val/07665_Plantae_Tracheophyta_Magnoliopsida_Dipsacales_Caprifoliaceae_Symphoricarpos_rotundifolius/e40a8715-afb6-44cd-ac7e-6aeeae2dac14.jpg,397,344,0.01136529918948105,False,False,"[344, 458, 357, 372, 291]"
val/07690_Plantae_Tracheophyta_Magnoliopsida_Dipsacales_Viburnaceae_Viburnum_tinus/4537adeb-84ab-4f5b-bafc-51c16edd5850.jpg,398,223,0.021525281183029647,False,False,"[223, 402, 435, 441, 427]"
val/07690_Plantae_Tracheophyta_Magnoliopsida_Dipsacales_Viburnaceae_Viburnum_tinus/5e1c3700-e4c1-4988-af78-796f4122b243.jpg,398,312,0.009551814149119285,False,False,"[312, 347, 290, 256, 337]"
val/07690_Plantae_Tracheophyta_Magnoliopsida_Dipsacales_Viburnaceae_Viburnum_tinus/64e19b5b-4988-4a9c-aa45-814de474a146.jpg,398,488,0.0098445404365119,False,False,"[488, 147, 122, 432, 457]"
val/07690_Plantae_Tracheophyta_Magnoliopsida_Dipsacales_Viburnaceae_Viburnum_tinus/905c33b0-b590-45c2-b834-1630c6855876.jpg,398,365,0.010963513521241435,False,False,"[365, 424, 340, 266, 50]"
val/07690_Plantae_Tracheophyta_Magnoliopsida_Dipsacales_Viburnaceae_Viburnum_tinus/9af641f8-6b79-4c82-85f5-14dd1f9e4cf3.jpg,398,466,0.00945074654325373,False,False,"[466, 452, 494, 10, 480]"
val/07690_Plantae_Tracheophyta_Magnoliopsida_Dipsacales_Viburnaceae_Viburnum_tinus/b4e46e27-4658-4819-9d09-c3a9cbffe0c1.jpg,398,398,0.011024621422040741,True,True,"[398, 400, 485, 410, 348]"
val/07690_Plantae_Tracheophyta_Magnoliopsida_Dipsacales_Viburnaceae_Viburnum_tinus/c591744e-ed48-44bd-ad58-47448def7bd1.jpg,398,245,0.009579578055229772,False,False,"[245, 429, 383, 103, 202]"
val/07690_Plantae_Tracheophyta_Magnoliopsida_Dipsacales_Viburnaceae_Viburnum_tinus/d9e26267-089d-4058-8171-5c9e945e85ef.jpg,398,210,0.009452240759852286,False,False,"[210, 296, 137, 128, 14]"
val/07690_Plantae_Tracheophyta_Magnoliopsida_Dipsacales_Viburnaceae_Viburnum_tinus/f4624f4e-abf9-43a3-a833-5c8665206395.jpg,398,442,0.015373179695464041,False,False,"[442, 401, 378, 336, 495]"
val/07690_Plantae_Tracheophyta_Magnoliopsida_Dipsacales_Viburnaceae_Viburnum_tinus/f69fba07-8b1d-4dbf-be7c-b8214aff100a.jpg,398,263,0.009558030052203823,False,False,"[263, 27, 348, 313, 471]"
val/07692_Plantae_Tracheophyta_Magnoliopsida_Ericales_Balsaminaceae_Impatiens_capensis/1ae40707-dd98-4316-a5a7-dfdd1ab06f01.jpg,399,340,0.014450618006367232,False,False,"[340, 32, 405, 287, 435]"
val/07692_Plantae_Tracheophyta_Magnoliopsida_Ericales_Balsaminaceae_Impatiens_capensis/4f7e3c4a-6283-4be3-811a-c397c4940c1a.jpg,399,299,0.015436395264930874,False,False,"[299, 464, 308, 394, 322]"
val/07692_Plantae_Tracheophyta_Magnoliopsida_Ericales_Balsaminaceae_Impatiens_capensis/543f3df9-56ec-4e20-9d45-b67e2d04a61c.jpg,399,289,0.009595436701941434,False,False,"[289, 301, 106, 150, 300]"
val/07692_Plantae_Tracheophyta_Magnoliopsida_Ericales_Balsaminaceae_Impatiens_capensis/709fbedc-e608-4494-82c5-6dfb3e0ffed1.jpg,399,468,0.011871838301819475,False,False,"[468, 380, 348, 473, 459]"
val/07692_Plantae_Tracheophyta_Magnoliopsida_Ericales_Balsaminaceae_Impatiens_capensis/7f38f4b1-1c8f-415d-b2ab-007ba3e66a49.jpg,399,111,0.009507713014031732,False,False,"[111, 286, 454, 465, 158]"
val/07692_Plantae_Tracheophyta_Magnoliopsida_Ericales_Balsaminaceae_Impatiens_capensis/a4005341-9e81-45fc-b543-a695897f5d2a.jpg,399,488,0.01059817492079119,False,False,"[488, 396, 114, 367, 346]"
val/07692_Plantae_Tracheophyta_Magnoliopsida_Ericales_Balsaminaceae_Impatiens_capensis/bde5ef77-2cee-46ec-afa9-448fd82dfa3e.jpg,399,178,0.014931021160408644,False,False,"[178, 340, 336, 141, 157]"
val/07692_Plantae_Tracheophyta_Magnoliopsida_Ericales_Balsaminaceae_Impatiens_capensis/c05a20a8-e158-44fa-897b-18e4b6821bca.jpg,399,323,0.011584338946800485,False,False,"[323, 393, 464, 294, 318]"
val/07692_Plantae_Tracheophyta_Magnoliopsida_Ericales_Balsaminaceae_Impatiens_capensis/dba7b2ee-83ae-4898-b4f7-ee63b4419769.jpg,399,439,0.012250296543446153,False,False,"[439, 417, 468, 407, 308]"
val/07692_Plantae_Tracheophyta_Magnoliopsida_Ericales_Balsaminaceae_Impatiens_capensis/ff361140-f5d5-4ca7-8ebc-f0a9878fbec6.jpg,399,37,0.01199576978604674,False,False,"[37, 307, 332, 489, 359]"
val/07693_Plantae_Tracheophyta_Magnoliopsida_Ericales_Balsaminaceae_Impatiens_glandulifera/1aaa4c35-d4f1-476c-81f2-c6a8b27bb3e7.jpg,400,283,0.010319174954429118,False,False,"[283, 299, 212, 124, 243]"
val/07693_Plantae_Tracheophyta_Magnoliopsida_Ericales_Balsaminaceae_Impatiens_glandulifera/4b41315b-6f34-4402-9b11-b63b03a5a773.jpg,400,313,0.009914655402517554,False,False,"[313, 338, 463, 489, 29]"
val/07693_Plantae_Tracheophyta_Magnoliopsida_Ericales_Balsaminaceae_Impatiens_glandulifera/71ff31a6-b34a-4ed5-bc7e-9dbf2af93115.jpg,400,443,0.010968531426953799,False,False,"[443, 343, 349, 324, 291]"
val/07693_Plantae_Tracheophyta_Magnoliopsida_Ericales_Balsaminaceae_Impatiens_glandulifera/73559187-442e-4d47-b23e-0667da783313.jpg,400,65,0.015359881924661313,False,False,"[65, 48, 288, 384, 436]"
val/07693_Plantae_Tracheophyta_Magnoliopsida_Ericales_Balsaminaceae_Impatiens_glandulifera/75da69e8-4670-43f3-a565-548f5c6f2944.jpg,400,404,0.010193037360585305,False,False,"[404, 417, 413, 432, 360]"
val/07693_Plantae_Tracheophyta_Magnoliopsida_Ericales_Balsaminaceae_Impatiens_glandulifera/8855b943-7d35-4260-ada1-f80e036c4bc8.jpg,400,230,0.009409837290496976,False,False,"[230, 321, 110, 162, 497]"
val/07693_Plantae_Tracheophyta_Magnoliopsida_Ericales_Balsaminaceae_Impatiens_glandulifera/903cfd54-8e28-4a92-8e81-58e675c48ac9.jpg,400,288,0.009412371800563604,False,False,"[288, 299, 303, 338, 365]"
val/07693_Plantae_Tracheophyta_Magnoliopsida_Ericales_Balsaminaceae_Impatiens_glandulifera/c84e00a9-b97f-4eaa-880f-fcef74cbf78d.jpg,400,485,0.009932821544774342,False,False,"[485, 307, 390, 405, 354]"
val/07693_Plantae_Tracheophyta_Magnoliopsida_Ericales_Balsaminaceae_Impatiens_glandulifera/d3e39bdd-ed29-4f56-8a49-ac717a63c213.jpg,400,457,0.011904339597067364,False,False,"[457, 399, 295, 363, 215]"
val/07693_Plantae_Tracheophyta_Magnoliopsida_Ericales_Balsaminaceae_Impatiens_glandulifera/fb6f838e-e4d3-416c-a088-1f08d44c1517.jpg,400,238,0.01908482097443588,False,False,"[238, 143, 456, 291, 465]"
val/07711_Plantae_Tracheophyta_Magnoliopsida_Ericales_Ericaceae_Arctostaphylos_patula/16ddc2e1-545d-4da9-9cdd-e882b5235235.jpg,401,443,0.018525485717938658,False,False,"[443, 357, 477, 10, 436]"
val/07711_Plantae_Tracheophyta_Magnoliopsida_Ericales_Ericaceae_Arctostaphylos_patula/3b129aef-0096-458b-9950-0028a43dcf4a.jpg,401,299,0.00914533966119802,False,False,"[299, 152, 424, 385, 461]"
val/07711_Plantae_Tracheophyta_Magnoliopsida_Ericales_Ericaceae_Arctostaphylos_patula/5dd2e941-abdb-42d9-a440-e289e9ee5b30.jpg,401,480,0.010731829899926066,False,False,"[480, 448, 305, 495, 202]"
val/07711_Plantae_Tracheophyta_Magnoliopsida_Ericales_Ericaceae_Arctostaphylos_patula/73840c6f-d85f-45e9-b359-74579e5b4150.jpg,401,38,0.022402853493007142,False,False,"[38, 361, 339, 346, 354]"
val/07711_Plantae_Tracheophyta_Magnoliopsida_Ericales_Ericaceae_Arctostaphylos_patula/7b7362c8-d0c9-44e2-b45e-511c8a6ddc2e.jpg,401,210,0.009299933987662398,False,False,"[210, 41, 445, 323, 488]"
val/07711_Plantae_Tracheophyta_Magnoliopsida_Ericales_Ericaceae_Arctostaphylos_patula/7da5971f-7404-43d4-bfb5-876959e47f5d.jpg,401,359,0.012143620469167933,False,False,"[359, 443, 376, 448, 382]"
val/07711_Plantae_Tracheophyta_Magnoliopsida_Ericales_Ericaceae_Arctostaphylos_patula/a75de1ef-3899-42ab-a1a5-9f314b5cf679.jpg,401,407,0.013498128251098016,False,False,"[407, 379, 479, 390, 356]"
val/07711_Plantae_Tracheophyta_Magnoliopsida_Ericales_Ericaceae_Arctostaphylos_patula/baff473f-828b-472a-bfa3-9a60704cf0fe.jpg,401,394,0.01644785212213388,False,False,"[394, 48, 314, 306, 318]"
val/07711_Plantae_Tracheophyta_Magnoliopsida_Ericales_Ericaceae_Arctostaphylos_patula/c768b3a3-e3c5-4b3c-8963-72ec26f241de.jpg,401,80,0.015095822870408613,False,False,"[80, 37, 343, 379, 455]"
val/07711_Plantae_Tracheophyta_Magnoliopsida_Ericales_Ericaceae_Arctostaphylos_patula/cab62302-7de4-4a29-b8f0-6e899bdd567b.jpg,401,440,0.010976220732651185,False,False,"[440, 397, 396, 218, 402]"
val/07715_Plantae_Tracheophyta_Magnoliopsida_Ericales_Ericaceae_Calluna_vulgaris/3c1f7c91-445a-477b-a0da-a1b70ba9fe73.jpg,402,369,0.011508733623071195,False,False,"[369, 463, 195, 451, 244]"
val/07715_Plantae_Tracheophyta_Magnoliopsida_Ericales_Ericaceae_Calluna_vulgaris/4b2a866a-9620-4c15-998e-e572c96c84cb.jpg,402,401,0.011190256739883324,False,False,"[401, 307, 495, 492, 331]"
val/07715_Plantae_Tracheophyta_Magnoliopsida_Ericales_Ericaceae_Calluna_vulgaris/50265fe7-68f0-43f9-adf5-31ccd7d8294a.jpg,402,440,0.01551372409221649,False,False,"[440, 420, 416, 475, 346]"
val/07715_Plantae_Tracheophyta_Magnoliopsida_Ericales_Ericaceae_Calluna_vulgaris/54c20a50-d12b-4215-92ad-9eac99dc5708.jpg,402,453,0.010818281892282618,False,False,"[453, 430, 404, 102, 478]"
val/07715_Plantae_Tracheophyta_Magnoliopsida_Ericales_Ericaceae_Calluna_vulgaris/58263304-a58a-423b-9d9f-ed030d22f07a.jpg,402,379,0.013440980907794215,False,True,"[379, 402, 370, 265, 482]"
val/07715_Plantae_Tracheophyta_Magnoliopsida_Ericales_Ericaceae_Calluna_vulgaris/836cc161-60e2-4aa0-bae1-304610a339e1.jpg,402,362,0.015732615890166918,False,False,"[362, 451, 296, 282, 292]"
val/07715_Plantae_Tracheophyta_Magnoliopsida_Ericales_Ericaceae_Calluna_vulgaris/972b6600-5561-429a-84ca-0bc6faa2426c.jpg,402,291,0.007572619721171769,False,False,"[291, 407, 346, 403, 480]"
val/07715_Plantae_Tracheophyta_Magnoliopsida_Ericales_Ericaceae_Calluna_vulgaris/97444ce2-1c59-4652-884a-4f7ad85c3a11.jpg,402,482,0.01760303582839596,False,False,"[482, 380, 366, 10, 373]"
val/07715_Plantae_Tracheophyta_Magnoliopsida_Ericales_Ericaceae_Calluna_vulgaris/a671f929-f4e5-4146-9622-7756f40f5202.jpg,402,253,0.008012832500565016,False,False,"[253, 353, 407, 489, 455]"
val/07715_Plantae_Tracheophyta_Magnoliopsida_Ericales_Ericaceae_Calluna_vulgaris/fb4bb0a8-e6ed-4826-80ab-ac2a514f5115.jpg,402,305,0.010983795780529203,False,False,"[305, 443, 306, 416, 401]"
val/07764_Plantae_Tracheophyta_Magnoliopsida_Ericales_Ericaceae_Phyllodoce_empetriformis/13dda10a-7b9b-4c57-837e-89b2753c9339.jpg,403,416,0.009561732604599416,False,False,"[416, 493, 210, 29, 425]"
val/07764_Plantae_Tracheophyta_Magnoliopsida_Ericales_Ericaceae_Phyllodoce_empetriformis/2472cc29-9ed5-4dff-999d-df01d4ba0be7.jpg,403,405,0.013104658509714932,False,False,"[405, 337, 279, 452, 300]"
val/07764_Plantae_Tracheophyta_Magnoliopsida_Ericales_Ericaceae_Phyllodoce_empetriformis/3d2d09ac-7243-4760-bd7e-eea17784353b.jpg,403,318,0.010610640046802426,False,False,"[318, 429, 469, 346, 360]"
val/07764_Plantae_Tracheophyta_Magnoliopsida_Ericales_Ericaceae_Phyllodoce_empetriformis/407d7b44-dfe8-4da6-9395-4dcb65c6ad31.jpg,403,431,0.016503512162119992,False,False,"[431, 323, 311, 330, 332]"
val/07764_Plantae_Tracheophyta_Magnoliopsida_Ericales_Ericaceae_Phyllodoce_empetriformis/5685b108-9b4c-4180-896a-229ef460a13d.jpg,403,427,0.009295128380611221,False,False,"[427, 344, 386, 306, 313]"
val/07764_Plantae_Tracheophyta_Magnoliopsida_Ericales_Ericaceae_Phyllodoce_empetriformis/8c7a2d80-b889-4f8d-bdd1-749ce5fc74cb.jpg,403,444,0.011446113993315394,False,False,"[444, 469, 358, 68, 406]"
val/07764_Plantae_Tracheophyta_Magnoliopsida_Ericales_Ericaceae_Phyllodoce_empetriformis/a2eaae40-a971-4b5a-a089-488bd1f24ec5.jpg,403,443,0.011917338813828235,False,False,"[443, 427, 457, 401, 466]"
val/07764_Plantae_Tracheophyta_Magnoliopsida_Ericales_Ericaceae_Phyllodoce_empetriformis/c952062f-c1ba-4804-86cf-984331a583b0.jpg,403,405,0.01578228916831773,False,False,"[405, 487, 307, 351, 421]"
val/07764_Plantae_Tracheophyta_Magnoliopsida_Ericales_Ericaceae_Phyllodoce_empetriformis/d78c9db4-19be-4912-ad6a-0a671e1808d5.jpg,403,469,0.015885109111361803,False,False,"[469, 37, 401, 353, 420]"
val/07764_Plantae_Tracheophyta_Magnoliopsida_Ericales_Ericaceae_Phyllodoce_empetriformis/f6c7a9d5-9d9c-43bc-8866-4af7560ed25a.jpg,403,403,0.01319500272441377,True,True,"[403, 413, 358, 300, 485]"
val/07784_Plantae_Tracheophyta_Magnoliopsida_Ericales_Ericaceae_Rhododendron_occidentale/0969e435-18cd-47bc-bc37-7104bd9aee9e.jpg,404,360,0.010427876746422237,False,False,"[360, 353, 471, 215, 54]"
val/07784_Plantae_Tracheophyta_Magnoliopsida_Ericales_Ericaceae_Rhododendron_occidentale/25bf7ef7-f6cb-4d53-a44c-7cadfbdcf9f1.jpg,404,364,0.01633135544234872,False,True,"[364, 404, 411, 312, 485]"
val/07784_Plantae_Tracheophyta_Magnoliopsida_Ericales_Ericaceae_Rhododendron_occidentale/2d8a932e-d270-48cc-8777-00d43ba3cace.jpg,404,405,0.010150853174991835,False,True,"[405, 395, 476, 264, 404]"
val/07784_Plantae_Tracheophyta_Magnoliopsida_Ericales_Ericaceae_Rhododendron_occidentale/504cbb5c-f1e3-41c2-991a-ed560fb1e65a.jpg,404,481,0.009611902949784347,False,False,"[481, 79, 338, 410, 490]"
val/07784_Plantae_Tracheophyta_Magnoliopsida_Ericales_Ericaceae_Rhododendron_occidentale/551665ad-e237-4ef0-8be3-2b1975359444.jpg,404,491,0.011259519171725154,False,False,"[491, 479, 365, 487, 439]"
val/07784_Plantae_Tracheophyta_Magnoliopsida_Ericales_Ericaceae_Rhododendron_occidentale/62e66ae8-5cd1-452e-bf48-e4ed1e9f5bf8.jpg,404,423,0.009746895888210743,False,False,"[423, 105, 206, 168, 14]"
val/07784_Plantae_Tracheophyta_Magnoliopsida_Ericales_Ericaceae_Rhododendron_occidentale/643c4a08-29f9-426f-9653-f34400fddb0e.jpg,404,325,0.015076620817273347,False,False,"[325, 391, 428, 355, 14]"
val/07784_Plantae_Tracheophyta_Magnoliopsida_Ericales_Ericaceae_Rhododendron_occidentale/732c8c7a-d33b-41ad-82b1-9c3e685e599c.jpg,404,453,0.022783172774154262,False,False,"[453, 495, 346, 360, 435]"
val/07784_Plantae_Tracheophyta_Magnoliopsida_Ericales_Ericaceae_Rhododendron_occidentale/caf107a4-2dba-4e6a-b96e-05f43195dbec.jpg,404,407,0.016846565444599355,False,False,"[407, 346, 478, 365, 360]"
val/07784_Plantae_Tracheophyta_Magnoliopsida_Ericales_Ericaceae_Rhododendron_occidentale/f8486791-0af2-479f-915c-5d0b763dacd0.jpg,404,44,0.00945028988798773,False,False,"[44, 480, 299, 428, 157]"
val/07789_Plantae_Tracheophyta_Magnoliopsida_Ericales_Ericaceae_Vaccinium_arboreum/0d3e79e8-d763-4d3f-80f7-74cf39c2e9e6.jpg,405,360,0.010193517429557661,False,False,"[360, 404, 379, 145, 112]"
val/07789_Plantae_Tracheophyta_Magnoliopsida_Ericales_Ericaceae_Vaccinium_arboreum/6e398284-0c63-43c8-a2ff-d034a1292033.jpg,405,412,0.009662716880790803,False,False,"[412, 461, 491, 371, 478]"
val/07789_Plantae_Tracheophyta_Magnoliopsida_Ericales_Ericaceae_Vaccinium_arboreum/a2b03e7c-d571-49e2-9d10-2bdf9624635d.jpg,405,312,0.009456624446199722,False,False,"[312, 416, 98, 155, 254]"
val/07789_Plantae_Tracheophyta_Magnoliopsida_Ericales_Ericaceae_Vaccinium_arboreum/a7d8d0e8-683f-4003-802d-b7624f3ec3d4.jpg,405,403,0.011638323578577829,False,False,"[403, 486, 440, 470, 350]"
val/07789_Plantae_Tracheophyta_Magnoliopsida_Ericales_Ericaceae_Vaccinium_arboreum/b3b453b2-0144-401d-80e8-51f7ca9b3ca2.jpg,405,336,0.010386834559054642,False,False,"[336, 307, 456, 306, 313]"
val/07789_Plantae_Tracheophyta_Magnoliopsida_Ericales_Ericaceae_Vaccinium_arboreum/b7b1bd92-de02-4026-adc1-c4732426a158.jpg,405,457,0.010301127174230908,False,False,"[457, 471, 299, 365, 464]"
val/07789_Plantae_Tracheophyta_Magnoliopsida_Ericales_Ericaceae_Vaccinium_arboreum/d50c7dbb-822d-4a72-a24c-5f3ed05f0f2e.jpg,405,88,0.015051024632218303,False,False,"[88, 489, 371, 370, 256]"
val/07789_Plantae_Tracheophyta_Magnoliopsida_Ericales_Ericaceae_Vaccinium_arboreum/e8e8113c-b782-455a-8a75-5af31dc87af5.jpg,405,370,0.010283717715836147,False,False,"[370, 360, 390, 315, 476]"
val/07789_Plantae_Tracheophyta_Magnoliopsida_Ericales_Ericaceae_Vaccinium_arboreum/f311f031-b7f0-4815-82c9-f443cca95dc4.jpg,405,475,0.029531859774388967,False,False,"[475, 387, 10, 386, 417]"
val/07789_Plantae_Tracheophyta_Magnoliopsida_Ericales_Ericaceae_Vaccinium_arboreum/faf85272-dbfb-456a-9e90-d6c530cf8444.jpg,405,240,0.009906871658886374,False,False,"[240, 101, 67, 54, 276]"
val/07803_Plantae_Tracheophyta_Magnoliopsida_Ericales_Fouquieriaceae_Fouquieria_splendens/10968218-c24c-40b6-9ee7-b962c6e28dcd.jpg,406,168,0.015186294113490083,False,False,"[168, 214, 4, 203, 192]"
val/07803_Plantae_Tracheophyta_Magnoliopsida_Ericales_Fouquieriaceae_Fouquieria_splendens/36eea456-bec1-4625-8ea7-02d4762866b7.jpg,406,58,0.023165714824522173,False,False,"[58, 40, 183, 193, 205]"
val/07803_Plantae_Tracheophyta_Magnoliopsida_Ericales_Fouquieriaceae_Fouquieria_splendens/676199ff-dd4d-4680-a65c-ccbadea87b51.jpg,406,451,0.009978479535423936,False,False,"[451, 472, 486, 309, 359]"
val/07803_Plantae_Tracheophyta_Magnoliopsida_Ericales_Fouquieriaceae_Fouquieria_splendens/938a5695-9871-455a-bb41-7ba75696c3c0.jpg,406,228,0.03518286887146529,False,False,"[228, 197, 8, 4, 0]"
val/07803_Plantae_Tracheophyta_Magnoliopsida_Ericales_Fouquieriaceae_Fouquieria_splendens/a7cafac1-90f1-46a9-a4e3-e99e2efdcc48.jpg,406,98,0.015587458980112044,False,False,"[98, 161, 162, 249, 272]"
val/07803_Plantae_Tracheophyta_Magnoliopsida_Ericales_Fouquieriaceae_Fouquieria_splendens/ac47c664-e995-4a25-a78a-630c7e36fbb6.jpg,406,20,0.009365495988048984,False,False,"[20, 268, 283, 269, 408]"
val/07803_Plantae_Tracheophyta_Magnoliopsida_Ericales_Fouquieriaceae_Fouquieria_splendens/df707141-aca3-4bb2-a976-e114601c1682.jpg,406,243,0.00954126852235127,False,False,"[243, 267, 208, 285, 54]"
val/07803_Plantae_Tracheophyta_Magnoliopsida_Ericales_Fouquieriaceae_Fouquieria_splendens/e1175797-53a7-4a93-9001-4794f2c268d1.jpg,406,196,0.010165008514509417,False,False,"[196, 96, 76, 56, 263]"
val/07803_Plantae_Tracheophyta_Magnoliopsida_Ericales_Fouquieriaceae_Fouquieria_splendens/e8cb7714-a357-4ed6-b0f4-7e0416199baa.jpg,406,102,0.015484224326980281,False,False,"[102, 195, 221, 359, 294]"
val/07803_Plantae_Tracheophyta_Magnoliopsida_Ericales_Fouquieriaceae_Fouquieria_splendens/f06dde7c-a46c-4775-8745-b7d72e9a7434.jpg,406,18,0.014545996356447401,False,False,"[18, 154, 409, 272, 22]"
val/07836_Plantae_Tracheophyta_Magnoliopsida_Ericales_Polemoniaceae_Phlox_subulata/051d602e-752f-4d5e-bc3e-7ca0c1d43ba0.jpg,407,274,0.014884229754753073,False,False,"[274, 306, 491, 273, 336]"
val/07836_Plantae_Tracheophyta_Magnoliopsida_Ericales_Polemoniaceae_Phlox_subulata/176b4e24-6fe6-4598-87e8-9bfc81986290.jpg,407,429,0.01591474999450737,False,False,"[429, 370, 419, 472, 381]"
val/07836_Plantae_Tracheophyta_Magnoliopsida_Ericales_Polemoniaceae_Phlox_subulata/42f30647-88f2-4db9-a1fe-e11d06f160e7.jpg,407,419,0.011455614511426706,False,False,"[419, 455, 371, 355, 364]"
val/07836_Plantae_Tracheophyta_Magnoliopsida_Ericales_Polemoniaceae_Phlox_subulata/944cd982-1fb9-4664-9aad-a439b0cf086a.jpg,407,464,0.01011567907097717,False,False,"[464, 78, 104, 434, 294]"
val/07836_Plantae_Tracheophyta_Magnoliopsida_Ericales_Polemoniaceae_Phlox_subulata/9c8a3601-f5a0-433f-9ccd-57ec6660191b.jpg,407,303,0.00997305632215945,False,False,"[303, 340, 367, 363, 498]"
val/07836_Plantae_Tracheophyta_Magnoliopsida_Ericales_Polemoniaceae_Phlox_subulata/a9876175-b7e0-4a27-a226-184a6bd6c5e7.jpg,407,262,0.021377808792226397,False,False,"[262, 403, 370, 337, 37]"
val/07836_Plantae_Tracheophyta_Magnoliopsida_Ericales_Polemoniaceae_Phlox_subulata/cc18446c-3cc7-48d7-a21a-128062583d6a.jpg,407,420,0.010218343099042598,False,False,"[420, 319, 387, 375, 318]"
val/07836_Plantae_Tracheophyta_Magnoliopsida_Ericales_Polemoniaceae_Phlox_subulata/d7d76708-fa11-45ab-8f26-ff254ca9fc19.jpg,407,491,0.01207603689693412,False,False,"[491, 486, 37, 396, 447]"
val/07836_Plantae_Tracheophyta_Magnoliopsida_Ericales_Polemoniaceae_Phlox_subulata/e6516eba-50a6-4771-a4b6-8dfaebf2c5fb.jpg,407,282,0.01655164800781728,False,False,"[282, 457, 322, 292, 409]"
val/07836_Plantae_Tracheophyta_Magnoliopsida_Ericales_Polemoniaceae_Phlox_subulata/f0e8a604-c116-4801-818d-fe8d17dcddc4.jpg,407,37,0.011716422808780923,False,False,"[37, 498, 203, 489, 359]"
val/07838_Plantae_Tracheophyta_Magnoliopsida_Ericales_Polemoniaceae_Polemonium_caeruleum/02cc06fe-6b28-4182-b3b3-83af3ac74800.jpg,408,298,0.009172913597924126,False,False,"[298, 323, 398, 7, 493]"
val/07838_Plantae_Tracheophyta_Magnoliopsida_Ericales_Polemoniaceae_Polemonium_caeruleum/0da068b9-bc37-42fc-9729-4d81b4b81814.jpg,408,88,0.015397918512374709,False,False,"[88, 140, 414, 192, 337]"
val/07838_Plantae_Tracheophyta_Magnoliopsida_Ericales_Polemoniaceae_Polemonium_caeruleum/1a481946-3301-4a6b-84d3-0d1e7f312af8.jpg,408,354,0.011509719816788885,False,False,"[354, 445, 357, 487, 321]"
val/07838_Plantae_Tracheophyta_Magnoliopsida_Ericales_Polemoniaceae_Polemonium_caeruleum/2858ca31-cbfd-42e1-8bbc-80e83715cdec.jpg,408,294,0.015765757627697618,False,False,"[294, 266, 314, 200, 303]"
val/07838_Plantae_Tracheophyta_Magnoliopsida_Ericales_Polemoniaceae_Polemonium_caeruleum/42aeff47-05a8-4fe9-b127-82b2593fc257.jpg,408,359,0.01253309651588391,False,False,"[359, 311, 352, 453, 470]"
val/07838_Plantae_Tracheophyta_Magnoliopsida_Ericales_Polemoniaceae_Polemonium_caeruleum/7946a7ff-e9e8-46f5-8748-0c45250fbda2.jpg,408,440,0.010920304208806846,False,False,"[440, 467, 351, 416, 426]"
val/07838_Plantae_Tracheophyta_Magnoliopsida_Ericales_Polemoniaceae_Polemonium_caeruleum/8419a5be-113f-49c9-9ef3-8bc0d4a8c840.jpg,408,18,0.017655262460677015,False,False,"[18, 158, 65, 137, 37]"
val/07838_Plantae_Tracheophyta_Magnoliopsida_Ericales_Polemoniaceae_Polemonium_caeruleum/8c812e2a-6a40-4de3-891b-26743a263a2d.jpg,408,273,0.00987978062912506,False,False,"[273, 230, 324, 151, 199]"
val/07838_Plantae_Tracheophyta_Magnoliopsida_Ericales_Polemoniaceae_Polemonium_caeruleum/a4bbae47-3ec2-427d-8c5f-65fdde49fafa.jpg,408,383,0.01496392179032131,False,False,"[383, 477, 360, 480, 435]"
val/07838_Plantae_Tracheophyta_Magnoliopsida_Ericales_Polemoniaceae_Polemonium_caeruleum/e6898e99-fecd-4190-851a-10d079c674e4.jpg,408,37,0.015541991628373436,False,False,"[37, 495, 397, 98, 268]"
val/07849_Plantae_Tracheophyta_Magnoliopsida_Ericales_Primulaceae_Lysimachia_borealis/0f58fce0-0c8e-4e2d-8c39-7f4ea92fe363.jpg,409,364,0.03623512766501549,False,False,"[364, 398, 365, 380, 79]"
val/07849_Plantae_Tracheophyta_Magnoliopsida_Ericales_Primulaceae_Lysimachia_borealis/107a4dd8-a43f-4955-9e35-c413a4bb85bd.jpg,409,357,0.009943011435704363,False,False,"[357, 301, 445, 465, 336]"
val/07849_Plantae_Tracheophyta_Magnoliopsida_Ericales_Primulaceae_Lysimachia_borealis/2a76cc9a-1ab3-4bc8-8b80-949fd12ab05b.jpg,409,441,0.009497617480779397,False,False,"[441, 60, 499, 294, 291]"
val/07849_Plantae_Tracheophyta_Magnoliopsida_Ericales_Primulaceae_Lysimachia_borealis/42bfbc09-5faf-44e1-8a1f-44f6c1df335d.jpg,409,409,0.016293359796509116,True,True,"[409, 414, 101, 121, 1]"
val/07849_Plantae_Tracheophyta_Magnoliopsida_Ericales_Primulaceae_Lysimachia_borealis/6fe89395-0e8d-493d-84eb-2b3f84cde2e0.jpg,409,45,0.009677437678359895,False,False,"[45, 415, 113, 201, 281]"
val/07849_Plantae_Tracheophyta_Magnoliopsida_Ericales_Primulaceae_Lysimachia_borealis/98476067-09bb-47ec-af71-db21740aa89a.jpg,409,313,0.020276722834258586,False,False,"[313, 461, 455, 311, 368]"
val/07849_Plantae_Tracheophyta_Magnoliopsida_Ericales_Primulaceae_Lysimachia_borealis/9cdb905b-0417-4a3b-99cb-742f0d8f781a.jpg,409,361,0.009370951905356775,False,False,"[361, 418, 470, 11, 393]"
val/07849_Plantae_Tracheophyta_Magnoliopsida_Ericales_Primulaceae_Lysimachia_borealis/abd9f60d-f936-4c29-b83f-d7fd32d85940.jpg,409,431,0.010578755037352517,False,False,"[431, 436, 336, 341, 107]"
val/07849_Plantae_Tracheophyta_Magnoliopsida_Ericales_Primulaceae_Lysimachia_borealis/d2428ae9-ed35-4168-9f4a-8b7440986d08.jpg,409,10,0.009622773771226596,False,False,"[10, 39, 263, 458, 295]"
val/07849_Plantae_Tracheophyta_Magnoliopsida_Ericales_Primulaceae_Lysimachia_borealis/f5ee0bea-47f0-4f4b-93a1-c91ec6bfa14d.jpg,409,278,0.00923829669511388,False,False,"[278, 385, 192, 473, 145]"
val/07856_Plantae_Tracheophyta_Magnoliopsida_Ericales_Primulaceae_Lysimachia_nummularia/0f0c226c-def5-4310-88b6-32eb83ea925b.jpg,410,381,0.009393567386705973,False,False,"[381, 465, 49, 362, 449]"
val/07856_Plantae_Tracheophyta_Magnoliopsida_Ericales_Primulaceae_Lysimachia_nummularia/1ccc2eaf-2522-4c7c-8011-bd0be9f40ff8.jpg,410,468,0.00992685283866189,False,False,"[468, 309, 390, 113, 297]"
val/07856_Plantae_Tracheophyta_Magnoliopsida_Ericales_Primulaceae_Lysimachia_nummularia/4af83fe0-88da-4a92-a7ac-df2993c9bff8.jpg,410,401,0.01614508455159076,False,False,"[401, 452, 382, 396, 357]"
val/07856_Plantae_Tracheophyta_Magnoliopsida_Ericales_Primulaceae_Lysimachia_nummularia/632c688b-b140-41ef-b8a7-595fe771f22e.jpg,410,465,0.01581887289356223,False,False,"[465, 88, 226, 337, 289]"
val/07856_Plantae_Tracheophyta_Magnoliopsida_Ericales_Primulaceae_Lysimachia_nummularia/7595e20f-f798-437d-999f-c0d1bf49bfcd.jpg,410,445,0.010269139838996643,False,True,"[445, 410, 256, 337, 32]"
val/07856_Plantae_Tracheophyta_Magnoliopsida_Ericales_Primulaceae_Lysimachia_nummularia/7bb4baec-9d9f-413e-a71c-7fb7c120f436.jpg,410,373,0.028431179698287477,False,False,"[373, 378, 402, 467, 337]"
val/07856_Plantae_Tracheophyta_Magnoliopsida_Ericales_Primulaceae_Lysimachia_nummularia/a0f1f0fa-fe9c-4a07-922d-4b9ff3c1333f.jpg,410,9,0.011573955857979223,False,False,"[9, 337, 427, 465, 459]"
val/07856_Plantae_Tracheophyta_Magnoliopsida_Ericales_Primulaceae_Lysimachia_nummularia/c381bda7-ed20-4499-a2e3-d6fd17dd68f6.jpg,410,410,0.009992445099472964,True,True,"[410, 289, 414, 409, 436]"
val/07856_Plantae_Tracheophyta_Magnoliopsida_Ericales_Primulaceae_Lysimachia_nummularia/e516e4fb-6dfa-4217-918b-52558c8a2cf7.jpg,410,73,0.016002900211045657,False,False,"[73, 56, 49, 87, 14]"
val/07856_Plantae_Tracheophyta_Magnoliopsida_Ericales_Primulaceae_Lysimachia_nummularia/ea5be6ba-459c-48be-9966-38d7ff4222bd.jpg,410,399,0.017251191945639642,False,False,"[399, 436, 354, 348, 381]"
val/07875_Plantae_Tracheophyta_Magnoliopsida_Ericales_Primulaceae_Samolus_parviflorus/0af527f2-0915-42fe-bb10-009e6d12a3ee.jpg,411,417,0.010811018007299479,False,False,"[417, 313, 350, 464, 387]"
val/07875_Plantae_Tracheophyta_Magnoliopsida_Ericales_Primulaceae_Samolus_parviflorus/0b5c9f9c-d7e2-43c0-8566-fda6512398c4.jpg,411,321,0.015420352454923885,False,False,"[321, 471, 305, 477, 498]"
val/07875_Plantae_Tracheophyta_Magnoliopsida_Ericales_Primulaceae_Samolus_parviflorus/311a6285-9727-433b-83db-8fb0c979633e.jpg,411,491,0.01084409269388388,False,False,"[491, 359, 463, 314, 69]"
val/07875_Plantae_Tracheophyta_Magnoliopsida_Ericales_Primulaceae_Samolus_parviflorus/51c49daa-6365-402d-97c7-907dbc5c93ba.jpg,411,437,0.009482332440579496,False,False,"[437, 156, 230, 72, 379]"
val/07875_Plantae_Tracheophyta_Magnoliopsida_Ericales_Primulaceae_Samolus_parviflorus/74bed157-c6c7-4bde-ab8b-db497e2fb6c6.jpg,411,105,0.009217572492113475,False,False,"[105, 238, 320, 132, 419]"
val/07875_Plantae_Tracheophyta_Magnoliopsida_Ericales_Primulaceae_Samolus_parviflorus/77494830-b597-4e50-b832-9aa90131d434.jpg,411,396,0.014767318322877039,False,False,"[396, 94, 146, 213, 157]"
val/07875_Plantae_Tracheophyta_Magnoliopsida_Ericales_Primulaceae_Samolus_parviflorus/82ad1549-2730-483c-a482-443423af5425.jpg,411,340,0.0100821673353444,False,False,"[340, 474, 459, 438, 330]"
val/07875_Plantae_Tracheophyta_Magnoliopsida_Ericales_Primulaceae_Samolus_parviflorus/9e6cda60-4f33-4e94-bcfa-a9e1223de64f.jpg,411,366,0.01006745087115295,False,False,"[366, 326, 358, 167, 263]"
val/07875_Plantae_Tracheophyta_Magnoliopsida_Ericales_Primulaceae_Samolus_parviflorus/e6663a26-2d9b-4bfd-94dd-d819aa12818b.jpg,411,111,0.022472467953711776,False,False,"[111, 107, 117, 83, 47]"
val/07875_Plantae_Tracheophyta_Magnoliopsida_Ericales_Primulaceae_Samolus_parviflorus/f0fdf103-4462-4739-9774-8e81d18015e2.jpg,411,289,0.018133522261989877,False,False,"[289, 308, 410, 380, 348]"
val/07889_Plantae_Tracheophyta_Magnoliopsida_Fabales_Fabaceae_Acacia_cyclops/0fc7e8a1-9a6b-4436-be59-22ff38697306.jpg,412,135,0.036661192265122586,False,False,"[135, 119, 6, 415, 394]"
val/07889_Plantae_Tracheophyta_Magnoliopsida_Fabales_Fabaceae_Acacia_cyclops/44b70cad-10a7-4f35-a289-c89acad844c0.jpg,412,369,0.011712987837129023,False,True,"[369, 412, 491, 439, 359]"
val/07889_Plantae_Tracheophyta_Magnoliopsida_Fabales_Fabaceae_Acacia_cyclops/7599e41d-e903-4034-8afa-4eb097ab601f.jpg,412,334,0.00953243324284048,False,False,"[334, 313, 472, 42, 278]"
val/07889_Plantae_Tracheophyta_Magnoliopsida_Fabales_Fabaceae_Acacia_cyclops/878503f5-e2e9-4a80-8a1b-b7316789c086.jpg,412,313,0.011279084416396166,False,False,"[313, 376, 149, 331, 38]"
val/07889_Plantae_Tracheophyta_Magnoliopsida_Fabales_Fabaceae_Acacia_cyclops/8bfffe55-ee1b-4a1b-af73-2b44392f7d85.jpg,412,329,0.023967672471294315,False,False,"[329, 434, 199, 461, 496]"
val/07889_Plantae_Tracheophyta_Magnoliopsida_Fabales_Fabaceae_Acacia_cyclops/a8921875-13fa-4b82-893c-3d51b1fba589.jpg,412,19,0.009737406071354104,False,False,"[19, 290, 470, 329, 400]"
val/07889_Plantae_Tracheophyta_Magnoliopsida_Fabales_Fabaceae_Acacia_cyclops/c07d9ecc-584d-4ad4-8c75-9327a151a868.jpg,412,97,0.034876191408423136,False,False,"[97, 457, 180, 282, 475]"
val/07889_Plantae_Tracheophyta_Magnoliopsida_Fabales_Fabaceae_Acacia_cyclops/d062bb65-53e2-430c-bb88-47f80b2301e8.jpg,412,382,0.016527081382466332,False,False,"[382, 21, 343, 472, 320]"
val/07889_Plantae_Tracheophyta_Magnoliopsida_Fabales_Fabaceae_Acacia_cyclops/f134902b-1f76-4a08-8659-12264d59bf14.jpg,412,192,0.017241542413663227,False,False,"[192, 162, 282, 51, 85]"
val/07889_Plantae_Tracheophyta_Magnoliopsida_Fabales_Fabaceae_Acacia_cyclops/f73ac52e-2a81-4034-a823-decb2b833197.jpg,412,448,0.011759307271604845,False,False,"[448, 420, 370, 481, 394]"
val/07890_Plantae_Tracheophyta_Magnoliopsida_Fabales_Fabaceae_Acacia_dealbata/0f95ae96-239a-420a-9a4b-de45765ddda2.jpg,413,443,0.012131604568223124,False,False,"[443, 448, 378, 476, 311]"
val/07890_Plantae_Tracheophyta_Magnoliopsida_Fabales_Fabaceae_Acacia_dealbata/1153f7af-577e-4722-a6f7-d1b5969a0447.jpg,413,10,0.01308647198942632,False,False,"[10, 398, 486, 380, 435]"
val/07890_Plantae_Tracheophyta_Magnoliopsida_Fabales_Fabaceae_Acacia_dealbata/22041cab-621f-4006-8f7a-d67d8a306523.jpg,413,329,0.012911662166580934,False,False,"[329, 431, 331, 455, 415]"
val/07890_Plantae_Tracheophyta_Magnoliopsida_Fabales_Fabaceae_Acacia_dealbata/364c9719-e1b9-46c4-968e-3d765d020d5d.jpg,413,440,0.01754638834928986,False,False,"[440, 324, 449, 363, 485]"
val/07890_Plantae_Tracheophyta_Magnoliopsida_Fabales_Fabaceae_Acacia_dealbata/370cf4fd-751a-4b4d-9079-865978547107.jpg,413,479,0.01312071392927336,False,False,"[479, 358, 383, 386, 290]"
val/07890_Plantae_Tracheophyta_Magnoliopsida_Fabales_Fabaceae_Acacia_dealbata/48837cf9-bbb3-4b2b-9b59-7cd7b9f1b5cb.jpg,413,353,0.015899691046194833,False,False,"[353, 261, 296, 321, 286]"
val/07890_Plantae_Tracheophyta_Magnoliopsida_Fabales_Fabaceae_Acacia_dealbata/a7c8506d-291e-412d-a232-927d2179a607.jpg,413,495,0.01711642202682789,False,False,"[495, 346, 402, 459, 491]"
val/07890_Plantae_Tracheophyta_Magnoliopsida_Fabales_Fabaceae_Acacia_dealbata/ab1d7022-3a9c-4968-862a-7919f5f3d723.jpg,413,307,0.00920888063675105,False,False,"[307, 449, 479, 331, 259]"
val/07890_Plantae_Tracheophyta_Magnoliopsida_Fabales_Fabaceae_Acacia_dealbata/c414a9c0-6ef0-417a-8901-eb7ab9c18e92.jpg,413,348,0.009249068167955628,False,False,"[348, 435, 259, 108, 146]"
val/07890_Plantae_Tracheophyta_Magnoliopsida_Fabales_Fabaceae_Acacia_dealbata/f82166b0-05b2-48dc-ab78-f1bb7f1bdf0a.jpg,413,306,0.009686921226279774,False,False,"[306, 418, 438, 324, 305]"
val/07906_Plantae_Tracheophyta_Magnoliopsida_Fabales_Fabaceae_Amphicarpaea_bracteata/175de8c2-ee7c-4042-9b08-ebbcb79c8841.jpg,414,156,0.009364316328009343,False,False,"[156, 143, 81, 409, 9]"
val/07906_Plantae_Tracheophyta_Magnoliopsida_Fabales_Fabaceae_Amphicarpaea_bracteata/3bbdb173-e147-49d7-8901-3e0b5b4c3928.jpg,414,142,0.009405763400475262,False,False,"[142, 70, 231, 19, 64]"
val/07906_Plantae_Tracheophyta_Magnoliopsida_Fabales_Fabaceae_Amphicarpaea_bracteata/3e685eb7-c608-40f0-b177-d612bcbb71a1.jpg,414,82,0.009559768897028954,False,False,"[82, 63, 183, 205, 43]"
val/07906_Plantae_Tracheophyta_Magnoliopsida_Fabales_Fabaceae_Amphicarpaea_bracteata/493cb366-3597-427e-9fcc-311f33055fe4.jpg,414,438,0.009105555430238945,False,False,"[438, 372, 356, 420, 358]"
val/07906_Plantae_Tracheophyta_Magnoliopsida_Fabales_Fabaceae_Amphicarpaea_bracteata/7f23a98e-0ca2-4283-b791-4226b04c01a5.jpg,414,291,0.009262219883942746,False,False,"[291, 428, 98, 153, 169]"
val/07906_Plantae_Tracheophyta_Magnoliopsida_Fabales_Fabaceae_Amphicarpaea_bracteata/b275203d-b764-4e92-94d6-cad5080c78bc.jpg,414,382,0.012268486770166473,False,False,"[382, 341, 346, 472, 344]"
val/07906_Plantae_Tracheophyta_Magnoliopsida_Fabales_Fabaceae_Amphicarpaea_bracteata/c080ed1e-8d28-41ef-982c-3f4039992801.jpg,414,14,0.015442301446939987,False,False,"[14, 88, 411, 465, 124]"
val/07906_Plantae_Tracheophyta_Magnoliopsida_Fabales_Fabaceae_Amphicarpaea_bracteata/d7f69c7f-eecb-49e6-ba71-8b425360e153.jpg,414,14,0.015285122544982184,False,False,"[14, 409, 19, 63, 104]"
val/07906_Plantae_Tracheophyta_Magnoliopsida_Fabales_Fabaceae_Amphicarpaea_bracteata/e4f7566f-7d2b-4d6b-9add-d17ca88123a6.jpg,414,479,0.010502685724434413,False,False,"[479, 39, 408, 488, 490]"
val/07906_Plantae_Tracheophyta_Magnoliopsida_Fabales_Fabaceae_Amphicarpaea_bracteata/e95da8ae-dd7f-4a16-be39-bae0ddc2579c.jpg,414,60,0.009703438915428523,False,False,"[60, 154, 95, 226, 468]"
val/07940_Plantae_Tracheophyta_Magnoliopsida_Fabales_Fabaceae_Clitoria_ternatea/09a69377-afe9-417e-ac93-6460c25696cf.jpg,415,400,0.009786441254602051,False,False,"[400, 32, 89, 344, 156]"
val/07940_Plantae_Tracheophyta_Magnoliopsida_Fabales_Fabaceae_Clitoria_ternatea/0fb29414-cab0-470b-bce0-531a4c05f9b6.jpg,415,457,0.0165561548736339,False,False,"[457, 306, 353, 458, 474]"
val/07940_Plantae_Tracheophyta_Magnoliopsida_Fabales_Fabaceae_Clitoria_ternatea/13df133f-7138-4958-95ea-470de630ef77.jpg,415,488,0.01011991440581261,False,False,"[488, 71, 52, 157, 101]"
val/07940_Plantae_Tracheophyta_Magnoliopsida_Fabales_Fabaceae_Clitoria_ternatea/226d3beb-2660-4d9f-98dc-786a5d794c56.jpg,415,301,0.009056000219590745,False,False,"[301, 101, 60, 277, 32]"
val/07940_Plantae_Tracheophyta_Magnoliopsida_Fabales_Fabaceae_Clitoria_ternatea/2c30455d-d5df-4b3e-be8d-65afa2f609db.jpg,415,396,0.009295804271339185,False,False,"[396, 488, 54, 187, 278]"
val/07940_Plantae_Tracheophyta_Magnoliopsida_Fabales_Fabaceae_Clitoria_ternatea/4ae86f44-46fd-4fdb-8261-1a56c3cc591b.jpg,415,418,0.009691337943206736,False,False,"[418, 195, 408, 458, 310]"
val/07940_Plantae_Tracheophyta_Magnoliopsida_Fabales_Fabaceae_Clitoria_ternatea/5cf27256-3923-4533-9160-75f75612ad02.jpg,415,146,0.04300407887972148,False,False,"[146, 14, 120, 104, 6]"
val/07940_Plantae_Tracheophyta_Magnoliopsida_Fabales_Fabaceae_Clitoria_ternatea/7e86cadb-b6ee-4ac8-bd0b-3df3a6a1b954.jpg,415,308,0.012010200980421649,False,False,"[308, 348, 435, 478, 354]"
val/07940_Plantae_Tracheophyta_Magnoliopsida_Fabales_Fabaceae_Clitoria_ternatea/7e916f5d-b408-4cce-af5e-5949f31255d3.jpg,415,439,0.016482145570739012,False,False,"[439, 348, 256, 32, 214]"
val/07940_Plantae_Tracheophyta_Magnoliopsida_Fabales_Fabaceae_Clitoria_ternatea/c6b9b1e9-3fbe-4b23-9188-7a6cab26715c.jpg,415,453,0.012158847424206488,False,False,"[453, 452, 388, 103, 69]"
val/07951_Plantae_Tracheophyta_Magnoliopsida_Fabales_Fabaceae_Desmodium_canadense/08b0b775-8e7b-4bcd-8302-a7d98f0bae1e.jpg,416,399,0.009652050811774138,False,False,"[399, 38, 283, 426, 492]"
val/07951_Plantae_Tracheophyta_Magnoliopsida_Fabales_Fabaceae_Desmodium_canadense/1e4828ef-e321-4786-aa06-8d7c4e22360d.jpg,416,245,0.009585718332561105,False,False,"[245, 146, 21, 274, 434]"
val/07951_Plantae_Tracheophyta_Magnoliopsida_Fabales_Fabaceae_Desmodium_canadense/7e0c846f-fd1a-4543-9b6a-b4005b7755ae.jpg,416,355,0.012145335166928962,False,False,"[355, 232, 393, 305, 448]"
val/07951_Plantae_Tracheophyta_Magnoliopsida_Fabales_Fabaceae_Desmodium_canadense/86669c59-77d2-49d1-a22b-9ded920320c4.jpg,416,379,0.008761680342124233,False,False,"[379, 373, 136, 314, 431]"
val/07951_Plantae_Tracheophyta_Magnoliopsida_Fabales_Fabaceae_Desmodium_canadense/86b2b097-2955-4b0b-a7ff-4af3717f2699.jpg,416,430,0.011106024695243188,False,False,"[430, 308, 473, 346, 382]"
val/07951_Plantae_Tracheophyta_Magnoliopsida_Fabales_Fabaceae_Desmodium_canadense/a1522a3a-31dd-4541-b41d-4deff72e5121.jpg,416,387,0.015978268072448194,False,False,"[387, 322, 363, 471, 337]"
val/07951_Plantae_Tracheophyta_Magnoliopsida_Fabales_Fabaceae_Desmodium_canadense/b0199b52-4d30-4811-9374-c806a321f26a.jpg,416,386,0.010666151040701469,False,False,"[386, 289, 358, 417, 19]"
val/07951_Plantae_Tracheophyta_Magnoliopsida_Fabales_Fabaceae_Desmodium_canadense/b2091ba3-2f0b-41d3-9e34-b09b7092733f.jpg,416,482,0.0096988534646823,False,False,"[482, 344, 253, 131, 305]"
val/07951_Plantae_Tracheophyta_Magnoliopsida_Fabales_Fabaceae_Desmodium_canadense/c350df05-01cc-41ec-8dea-8ec1aaa96665.jpg,416,60,0.008484621347741823,False,False,"[60, 393, 392, 400, 435]"
val/07951_Plantae_Tracheophyta_Magnoliopsida_Fabales_Fabaceae_Desmodium_canadense/dd7901e7-884a-40c7-8020-974285abbcd9.jpg,416,353,0.018421733218070818,False,False,"[353, 97, 311, 439, 341]"
val/07958_Plantae_Tracheophyta_Magnoliopsida_Fabales_Fabaceae_Erythrostemon_mexicanus/212256d9-0bee-4af3-a862-f5246e65ecd0.jpg,417,382,0.011524166107668118,False,False,"[382, 349, 469, 331, 430]"
val/07958_Plantae_Tracheophyta_Magnoliopsida_Fabales_Fabaceae_Erythrostemon_mexicanus/45170830-0ce9-4f7d-a17b-31bbae1eee2f.jpg,417,72,0.009372910230981272,False,False,"[72, 409, 314, 476, 498]"
val/07958_Plantae_Tracheophyta_Magnoliopsida_Fabales_Fabaceae_Erythrostemon_mexicanus/6f3e9159-fea2-44db-912a-41eea5acf1f2.jpg,417,477,0.010061718804987733,False,False,"[477, 418, 348, 308, 386]"
val/07958_Plantae_Tracheophyta_Magnoliopsida_Fabales_Fabaceae_Erythrostemon_mexicanus/751cc503-6d77-4475-b16c-266db4cd6a8d.jpg,417,326,0.016417812898109698,False,False,"[326, 482, 342, 471, 478]"
val/07958_Plantae_Tracheophyta_Magnoliopsida_Fabales_Fabaceae_Erythrostemon_mexicanus/80b4f51f-8de2-4e64-bf6b-a8401ce4d65d.jpg,417,401,0.011347223148882932,False,False,"[401, 495, 326, 376, 493]"
val/07958_Plantae_Tracheophyta_Magnoliopsida_Fabales_Fabaceae_Erythrostemon_mexicanus/95f185ed-4ba6-4a6f-8b20-142ad561b2c0.jpg,417,460,0.009647933061359677,False,False,"[460, 386, 473, 424, 413]"
val/07958_Plantae_Tracheophyta_Magnoliopsida_Fabales_Fabaceae_Erythrostemon_mexicanus/b56166af-8ff7-4476-931a-6622c35fb2e6.jpg,417,494,0.009116704264262492,False,False,"[494, 358, 484, 77, 464]"
val/07958_Plantae_Tracheophyta_Magnoliopsida_Fabales_Fabaceae_Erythrostemon_mexicanus/cfdddb27-b287-4280-be8e-0bba201f2d5c.jpg,417,430,0.010089873574764062,False,False,"[430, 440, 469, 383, 219]"
val/07958_Plantae_Tracheophyta_Magnoliopsida_Fabales_Fabaceae_Erythrostemon_mexicanus/dd517756-0cff-470f-81f5-e0d08d2ac8d3.jpg,417,297,0.009283302387200097,False,False,"[297, 178, 26, 87, 113]"
val/07958_Plantae_Tracheophyta_Magnoliopsida_Fabales_Fabaceae_Erythrostemon_mexicanus/de1a9cc0-80d7-4c11-80f4-6f313ffae070.jpg,417,373,0.011464626432324362,False,False,"[373, 439, 408, 392, 338]"
val/07984_Plantae_Tracheophyta_Magnoliopsida_Fabales_Fabaceae_Lathyrus_pratensis/354abf80-c569-404d-af99-3239ec7bc36a.jpg,418,315,0.010949355209633124,False,False,"[315, 495, 309, 201, 442]"
val/07984_Plantae_Tracheophyta_Magnoliopsida_Fabales_Fabaceae_Lathyrus_pratensis/3a5da504-b2bc-408f-bb5c-bd876e40387d.jpg,418,380,0.012256420734694875,False,True,"[380, 363, 418, 408, 347]"
val/07984_Plantae_Tracheophyta_Magnoliopsida_Fabales_Fabaceae_Lathyrus_pratensis/4563bac2-91b4-4c2c-ae7c-2ad330c42f5f.jpg,418,139,0.010284302789057767,False,False,"[139, 107, 13, 245, 104]"
val/07984_Plantae_Tracheophyta_Magnoliopsida_Fabales_Fabaceae_Lathyrus_pratensis/47477ab4-a578-4247-beac-eb6fbc96f5e7.jpg,418,274,0.01083333190484112,False,False,"[274, 71, 169, 214, 79]"
val/07984_Plantae_Tracheophyta_Magnoliopsida_Fabales_Fabaceae_Lathyrus_pratensis/4983636d-95b1-4d1c-be37-33348b800585.jpg,418,69,0.028908325561608977,False,False,"[69, 310, 356, 496, 50]"
val/07984_Plantae_Tracheophyta_Magnoliopsida_Fabales_Fabaceae_Lathyrus_pratensis/5ca5b021-fa1d-41f2-aa40-aed032ac163a.jpg,418,486,0.015228993537874791,False,False,"[486, 387, 358, 453, 366]"
val/07984_Plantae_Tracheophyta_Magnoliopsida_Fabales_Fabaceae_Lathyrus_pratensis/67ee13c5-51ee-4adc-9a26-0e089e819d9c.jpg,418,486,0.00991033186108638,False,False,"[486, 319, 331, 268, 473]"
val/07984_Plantae_Tracheophyta_Magnoliopsida_Fabales_Fabaceae_Lathyrus_pratensis/9472bb62-e760-4b33-9184-d1d096c77c27.jpg,418,329,0.015274380893164897,False,False,"[329, 271, 273, 314, 248]"
val/07984_Plantae_Tracheophyta_Magnoliopsida_Fabales_Fabaceae_Lathyrus_pratensis/ae4d336d-d9a9-4ea1-aa33-03ca1cfe3d81.jpg,418,476,0.011819211654976292,False,False,"[476, 256, 331, 394, 317]"
val/07984_Plantae_Tracheophyta_Magnoliopsida_Fabales_Fabaceae_Lathyrus_pratensis/d56e115e-8cde-4844-bb24-e9ea80b74d18.jpg,418,1,0.029823496292827396,False,False,"[1, 24, 351, 140, 405]"
val/08009_Plantae_Tracheophyta_Magnoliopsida_Fabales_Fabaceae_Lupinus_perennis/1beab578-1ae2-4aab-bb1c-9cf71f9bc849.jpg,419,382,0.01875895602673398,False,False,"[382, 420, 307, 313, 343]"
val/08009_Plantae_Tracheophyta_Magnoliopsida_Fabales_Fabaceae_Lupinus_perennis/44d74fa7-a557-4ccf-b5fe-1241ac137959.jpg,419,307,0.018507096649928726,False,False,"[307, 401, 202, 1, 391]"
val/08009_Plantae_Tracheophyta_Magnoliopsida_Fabales_Fabaceae_Lupinus_perennis/454b9fd7-8aae-422a-b008-ab576111a585.jpg,419,491,0.01165859261762171,False,False,"[491, 471, 494, 431, 482]"
val/08009_Plantae_Tracheophyta_Magnoliopsida_Fabales_Fabaceae_Lupinus_perennis/4c3dd633-89a2-4ea6-a4d3-fed3918d6a07.jpg,419,366,0.009928282152465573,False,False,"[366, 459, 368, 462, 296]"
val/08009_Plantae_Tracheophyta_Magnoliopsida_Fabales_Fabaceae_Lupinus_perennis/a2ee511b-2195-4556-85b7-0f5e94c6fe8e.jpg,419,372,0.016140937891656108,False,False,"[372, 324, 319, 306, 102]"
val/08009_Plantae_Tracheophyta_Magnoliopsida_Fabales_Fabaceae_Lupinus_perennis/bb71a505-33b5-48d7-8f10-7ec1fb4774ab.jpg,419,382,0.010873741272716871,False,False,"[382, 320, 378, 372, 452]"
val/08009_Plantae_Tracheophyta_Magnoliopsida_Fabales_Fabaceae_Lupinus_perennis/c83ec229-9ece-4ff6-85c9-18210b0e6acd.jpg,419,482,0.013318298228044277,False,False,"[482, 407, 346, 324, 433]"
val/08009_Plantae_Tracheophyta_Magnoliopsida_Fabales_Fabaceae_Lupinus_perennis/c92bef70-4aed-4132-bbdb-c999de555a1e.jpg,419,353,0.011469061032611704,False,False,"[353, 421, 440, 302, 37]"
val/08009_Plantae_Tracheophyta_Magnoliopsida_Fabales_Fabaceae_Lupinus_perennis/e5222568-f8be-4dfe-90d0-786c9708db3b.jpg,419,498,0.013119077020462732,False,False,"[498, 448, 332, 306, 313]"
val/08009_Plantae_Tracheophyta_Magnoliopsida_Fabales_Fabaceae_Lupinus_perennis/f2022b60-3e6f-40d8-98f3-e4ba8c3c8f0a.jpg,419,491,0.01605800058591459,False,False,"[491, 412, 418, 331, 498]"
val/08014_Plantae_Tracheophyta_Magnoliopsida_Fabales_Fabaceae_Lupinus_truncatus/1b006cc6-4877-4762-8670-c2e57d56be86.jpg,420,481,0.010802026159205584,False,False,"[481, 466, 382, 219, 408]"
val/08014_Plantae_Tracheophyta_Magnoliopsida_Fabales_Fabaceae_Lupinus_truncatus/5e3602af-78e4-4900-89ba-d5cee49f86a7.jpg,420,493,0.02194976350236676,False,False,"[493, 459, 37, 36, 338]"
val/08014_Plantae_Tracheophyta_Magnoliopsida_Fabales_Fabaceae_Lupinus_truncatus/635f2a0c-2ea4-4dba-95fb-49906fe01fbe.jpg,420,292,0.009444431124895283,False,False,"[292, 114, 322, 239, 399]"
val/08014_Plantae_Tracheophyta_Magnoliopsida_Fabales_Fabaceae_Lupinus_truncatus/6626508b-e2e4-4231-aff0-de50b60bcbc5.jpg,420,329,0.01606463543022508,False,False,"[329, 327, 394, 313, 368]"
val/08014_Plantae_Tracheophyta_Magnoliopsida_Fabales_Fabaceae_Lupinus_truncatus/850a5ea8-94d6-403e-b138-e0e9eec409c0.jpg,420,94,0.009409563260796174,False,False,"[94, 123, 159, 180, 300]"
val/08014_Plantae_Tracheophyta_Magnoliopsida_Fabales_Fabaceae_Lupinus_truncatus/8dc914a7-8bb4-4ff0-9f1e-052695fc447c.jpg,420,412,0.01869042630796174,False,False,"[412, 271, 424, 366, 482]"
val/08014_Plantae_Tracheophyta_Magnoliopsida_Fabales_Fabaceae_Lupinus_truncatus/8eca718b-332d-4f44-945f-b4bae549c43d.jpg,420,440,0.009308719213304171,False,False,"[440, 211, 178, 263, 436]"
val/08014_Plantae_Tracheophyta_Magnoliopsida_Fabales_Fabaceae_Lupinus_truncatus/96370fd0-cd57-4744-a404-213de744aa43.jpg,420,405,0.010757092469197468,False,False,"[405, 429, 332, 469, 490]"
val/08014_Plantae_Tracheophyta_Magnoliopsida_Fabales_Fabaceae_Lupinus_truncatus/d17b6f33-5194-4a33-9ce7-d679b1b328dc.jpg,420,495,0.011281345773380011,False,False,"[495, 363, 150, 366, 328]"
val/08014_Plantae_Tracheophyta_Magnoliopsida_Fabales_Fabaceae_Lupinus_truncatus/df94cf41-2ee8-4661-ac66-84206ba89fa7.jpg,420,327,0.013394543896105426,False,False,"[327, 448, 200, 329, 342]"
val/08024_Plantae_Tracheophyta_Magnoliopsida_Fabales_Fabaceae_Melilotus_albus/0db0b354-6d2d-479f-a58e-39fd07b26ca6.jpg,421,339,0.009758960213519277,False,False,"[339, 206, 103, 434, 327]"
val/08024_Plantae_Tracheophyta_Magnoliopsida_Fabales_Fabaceae_Melilotus_albus/122b5417-f322-4804-bebf-a99a6a71e7dc.jpg,421,65,0.02331420453427587,False,False,"[65, 206, 398, 92, 34]"
val/08024_Plantae_Tracheophyta_Magnoliopsida_Fabales_Fabaceae_Melilotus_albus/728ef5ce-07fc-4277-8746-9d98e7072542.jpg,421,38,0.008632657417035608,False,False,"[38, 361, 212, 94, 240]"
val/08024_Plantae_Tracheophyta_Magnoliopsida_Fabales_Fabaceae_Melilotus_albus/a804d960-7198-4e39-a62e-ce4348c8ca6e.jpg,421,305,0.013318705187850492,False,True,"[305, 412, 495, 421, 346]"
val/08024_Plantae_Tracheophyta_Magnoliopsida_Fabales_Fabaceae_Melilotus_albus/aaa290e7-df38-4cb9-a128-71f60461c15e.jpg,421,125,0.007669271496312575,False,False,"[125, 448, 374, 489, 482]"
val/08024_Plantae_Tracheophyta_Magnoliopsida_Fabales_Fabaceae_Melilotus_albus/bfb37f5d-3f45-45df-868c-d71e9f00bc58.jpg,421,318,0.01570955218444228,False,False,"[318, 168, 96, 256, 216]"
val/08024_Plantae_Tracheophyta_Magnoliopsida_Fabales_Fabaceae_Melilotus_albus/e63a7b51-ed7e-483f-a87b-8acb8ccffa33.jpg,421,418,0.013430139316422477,False,False,"[418, 419, 394, 408, 346]"
val/08024_Plantae_Tracheophyta_Magnoliopsida_Fabales_Fabaceae_Melilotus_albus/f0f409b6-f0db-4afb-8610-10eee87322ae.jpg,421,311,0.010788888722404747,False,False,"[311, 371, 495, 349, 187]"
val/08024_Plantae_Tracheophyta_Magnoliopsida_Fabales_Fabaceae_Melilotus_albus/f8bbffbe-83e5-483e-ae2d-7230c0d37580.jpg,421,439,0.010997675876930782,False,False,"[439, 444, 452, 387, 391]"
val/08024_Plantae_Tracheophyta_Magnoliopsida_Fabales_Fabaceae_Melilotus_albus/fab5e13c-a117-4246-950c-5ce1dd921cfe.jpg,421,491,0.018498495500937257,False,False,"[491, 97, 306, 467, 368]"
val/08040_Plantae_Tracheophyta_Magnoliopsida_Fabales_Fabaceae_Parkinsonia_aculeata/05c964c0-d2b6-484e-89f1-e1029521b7d0.jpg,422,389,0.01569334631972018,False,False,"[389, 98, 327, 373, 295]"
val/08040_Plantae_Tracheophyta_Magnoliopsida_Fabales_Fabaceae_Parkinsonia_aculeata/0780c0ab-a784-46c8-a797-72354c78cc28.jpg,422,44,0.01438714524567214,False,False,"[44, 22, 314, 453, 316]"
val/08040_Plantae_Tracheophyta_Magnoliopsida_Fabales_Fabaceae_Parkinsonia_aculeata/1547c190-5af1-4f93-9246-2cc5a51af619.jpg,422,495,0.011675651139840162,False,False,"[495, 390, 446, 498, 443]"
val/08040_Plantae_Tracheophyta_Magnoliopsida_Fabales_Fabaceae_Parkinsonia_aculeata/30839e63-ea97-40d1-a225-9ac749f788fd.jpg,422,462,0.010351857976607835,False,False,"[462, 280, 204, 320, 217]"
val/08040_Plantae_Tracheophyta_Magnoliopsida_Fabales_Fabaceae_Parkinsonia_aculeata/52f89d09-db1e-4349-b2cb-13099a0e81f4.jpg,422,385,0.014776415582147468,False,False,"[385, 496, 231, 370, 341]"
val/08040_Plantae_Tracheophyta_Magnoliopsida_Fabales_Fabaceae_Parkinsonia_aculeata/757058e6-03cc-4343-adac-f2b6948704bf.jpg,422,411,0.015332921801665294,False,False,"[411, 20, 118, 459, 144]"
val/08040_Plantae_Tracheophyta_Magnoliopsida_Fabales_Fabaceae_Parkinsonia_aculeata/9247703c-83f6-422d-ad98-42dcea9dabdb.jpg,422,432,0.009153566264606445,False,False,"[432, 219, 484, 36, 302]"
val/08040_Plantae_Tracheophyta_Magnoliopsida_Fabales_Fabaceae_Parkinsonia_aculeata/a01b6e75-3c4c-4430-ac39-dbcedde5d7d8.jpg,422,359,0.017690407729753856,False,False,"[359, 373, 470, 456, 446]"
val/08040_Plantae_Tracheophyta_Magnoliopsida_Fabales_Fabaceae_Parkinsonia_aculeata/b31d0259-f749-4cc1-9e65-e1ccd93daf54.jpg,422,222,0.010305721833873323,False,False,"[222, 201, 125, 113, 234]"
val/08040_Plantae_Tracheophyta_Magnoliopsida_Fabales_Fabaceae_Parkinsonia_aculeata/d86b4fcf-ffd4-444d-bc33-5686e3e53de0.jpg,422,484,0.009564945328159309,False,False,"[484, 402, 453, 431, 373]"
val/08061_Plantae_Tracheophyta_Magnoliopsida_Fabales_Fabaceae_Senna_alata/02cd1043-301f-4b49-89b9-17146e079ede.jpg,423,343,0.010434466633960969,False,False,"[343, 11, 401, 365, 440]"
val/08061_Plantae_Tracheophyta_Magnoliopsida_Fabales_Fabaceae_Senna_alata/0f9ac5a0-fd41-4845-b775-32b7d2dddcc6.jpg,423,292,0.00974917345835935,False,False,"[292, 153, 167, 270, 115]"
val/08061_Plantae_Tracheophyta_Magnoliopsida_Fabales_Fabaceae_Senna_alata/5b12b5db-d06f-43ed-bf2d-ff3e7e238878.jpg,423,341,0.011624734327921377,False,False,"[341, 398, 443, 441, 294]"
val/08061_Plantae_Tracheophyta_Magnoliopsida_Fabales_Fabaceae_Senna_alata/68594210-231a-4e98-a24a-9a7a79165d82.jpg,423,235,0.015393210654647028,False,False,"[235, 21, 4, 55, 66]"
val/08061_Plantae_Tracheophyta_Magnoliopsida_Fabales_Fabaceae_Senna_alata/7cbfc0f7-5be6-40e0-8fe0-ca9fc85b78ce.jpg,423,458,0.010457495168277504,False,False,"[458, 454, 457, 476, 408]"
val/08061_Plantae_Tracheophyta_Magnoliopsida_Fabales_Fabaceae_Senna_alata/95dbe6d6-e2d4-46f6-95ab-e8c6f377f13a.jpg,423,237,0.009421609910845851,False,False,"[237, 210, 299, 411, 399]"
val/08061_Plantae_Tracheophyta_Magnoliopsida_Fabales_Fabaceae_Senna_alata/9dea2588-4d41-4245-ad67-3b5725ad5f7d.jpg,423,33,0.009048264372986654,False,False,"[33, 61, 384, 462, 443]"
val/08061_Plantae_Tracheophyta_Magnoliopsida_Fabales_Fabaceae_Senna_alata/b8667bd9-acb7-4842-8c24-d9e16551f21a.jpg,423,10,0.013209575741819775,False,False,"[10, 488, 445, 297, 477]"
val/08061_Plantae_Tracheophyta_Magnoliopsida_Fabales_Fabaceae_Senna_alata/c480a18d-d384-4aea-b63d-d1fc82d3be5e.jpg,423,347,0.022152278896669455,False,False,"[347, 432, 84, 476, 459]"
val/08061_Plantae_Tracheophyta_Magnoliopsida_Fabales_Fabaceae_Senna_alata/ef3b4a36-df8e-4d78-a1c4-f1f3a896f901.jpg,423,411,0.01009212935367091,False,False,"[411, 128, 194, 11, 398]"
val/08101_Plantae_Tracheophyta_Magnoliopsida_Fabales_Fabaceae_Trifolium_subterraneum/00e853a9-8380-4807-aaba-43f974b207de.jpg,424,440,0.011710948219565328,False,False,"[440, 446, 447, 402, 489]"
val/08101_Plantae_Tracheophyta_Magnoliopsida_Fabales_Fabaceae_Trifolium_subterraneum/0159f535-5c8e-451b-b0e6-3d79206b38e9.jpg,424,311,0.010904631348476296,False,False,"[311, 438, 333, 320, 273]"
val/08101_Plantae_Tracheophyta_Magnoliopsida_Fabales_Fabaceae_Trifolium_subterraneum/27d0f391-f5c2-4bd1-94b0-262717a10132.jpg,424,408,0.010043729650897502,False,False,"[408, 466, 405, 108, 20]"
val/08101_Plantae_Tracheophyta_Magnoliopsida_Fabales_Fabaceae_Trifolium_subterraneum/2dd71044-2f3a-4484-bb94-5008523fa131.jpg,424,481,0.009725183254740975,False,False,"[481, 433, 291, 439, 339]"
val/08101_Plantae_Tracheophyta_Magnoliopsida_Fabales_Fabaceae_Trifolium_subterraneum/31d6656a-f17d-4666-a0ea-46a88ce7ea3b.jpg,424,443,0.012129806909787455,False,True,"[443, 419, 333, 424, 380]"
val/08101_Plantae_Tracheophyta_Magnoliopsida_Fabales_Fabaceae_Trifolium_subterraneum/633d0381-d49e-4d8b-8547-0cb052f01cf9.jpg,424,457,0.010545839569934764,False,False,"[457, 477, 417, 289, 359]"
val/08101_Plantae_Tracheophyta_Magnoliopsida_Fabales_Fabaceae_Trifolium_subterraneum/86b7d272-684f-45d5-9d2f-97f3480941a4.jpg,424,419,0.011014452602315651,False,False,"[419, 351, 418, 473, 317]"
val/08101_Plantae_Tracheophyta_Magnoliopsida_Fabales_Fabaceae_Trifolium_subterraneum/bb554066-a6b6-4830-aac2-8bef1a5d0df4.jpg,424,254,0.009428752875143902,False,False,"[254, 303, 181, 65, 174]"
val/08101_Plantae_Tracheophyta_Magnoliopsida_Fabales_Fabaceae_Trifolium_subterraneum/f35c7d47-fbbe-48f6-977d-d6f8f9399a5b.jpg,424,445,0.010817415140863654,False,False,"[445, 478, 399, 105, 487]"
val/08101_Plantae_Tracheophyta_Magnoliopsida_Fabales_Fabaceae_Trifolium_subterraneum/f69fa63a-49dc-4907-8861-4fcbb10fde74.jpg,424,169,0.010205059206976987,False,False,"[169, 74, 63, 251, 221]"
val/08115_Plantae_Tracheophyta_Magnoliopsida_Fabales_Fabaceae_Vicia_hirsuta/0c810592-446c-41d5-af6a-b051a7f9efc6.jpg,425,305,0.017881087710664947,False,False,"[305, 333, 275, 431, 318]"
val/08115_Plantae_Tracheophyta_Magnoliopsida_Fabales_Fabaceae_Vicia_hirsuta/143a28fc-de8f-4a53-afdc-1d98fdd247cd.jpg,425,499,0.008996057028052902,False,False,"[499, 393, 50, 212, 151]"
val/08115_Plantae_Tracheophyta_Magnoliopsida_Fabales_Fabaceae_Vicia_hirsuta/2e55295f-b3d8-420a-9b3b-2b57da1ef28c.jpg,425,370,0.017400699370702908,False,False,"[370, 45, 373, 485, 307]"
val/08115_Plantae_Tracheophyta_Magnoliopsida_Fabales_Fabaceae_Vicia_hirsuta/756e71bf-1f6c-407e-ac28-187e1f3880cb.jpg,425,311,0.010824487550894364,False,False,"[311, 266, 263, 157, 277]"
val/08115_Plantae_Tracheophyta_Magnoliopsida_Fabales_Fabaceae_Vicia_hirsuta/8d348276-4f4b-4bdc-a5ef-35a5b1f5e54d.jpg,425,363,0.009734042689226818,False,False,"[363, 206, 491, 250, 329]"
val/08115_Plantae_Tracheophyta_Magnoliopsida_Fabales_Fabaceae_Vicia_hirsuta/91508a43-6d57-44f5-9d21-385157223f1c.jpg,425,358,0.012272673819542636,False,False,"[358, 439, 408, 460, 389]"
val/08115_Plantae_Tracheophyta_Magnoliopsida_Fabales_Fabaceae_Vicia_hirsuta/a2724e00-dcab-4c20-95ea-bcfd1b59474c.jpg,425,451,0.015270397814815135,False,False,"[451, 168, 169, 219, 200]"
val/08115_Plantae_Tracheophyta_Magnoliopsida_Fabales_Fabaceae_Vicia_hirsuta/cb2f2adc-551c-4291-87d6-1cd81fc18404.jpg,425,114,0.015382403429830698,False,False,"[114, 235, 266, 166, 162]"
val/08115_Plantae_Tracheophyta_Magnoliopsida_Fabales_Fabaceae_Vicia_hirsuta/fbef10fd-1838-4256-a806-d8a39421416c.jpg,425,163,0.01019934881406692,False,False,"[163, 285, 282, 385, 284]"
val/08115_Plantae_Tracheophyta_Magnoliopsida_Fabales_Fabaceae_Vicia_hirsuta/fc19bf77-d2ae-4259-b732-3cd2bf313514.jpg,425,48,0.00904517937277473,False,False,"[48, 430, 130, 103, 112]"
val/08133_Plantae_Tracheophyta_Magnoliopsida_Fabales_Polygalaceae_Polygala_sanguinea/18f74113-5332-4c74-bd0b-c089737d079e.jpg,426,413,0.012737105410558783,False,False,"[413, 402, 440, 455, 243]"
val/08133_Plantae_Tracheophyta_Magnoliopsida_Fabales_Polygalaceae_Polygala_sanguinea/30afb5ff-8516-4ff4-8e79-1ecf69384631.jpg,426,329,0.013127764955369093,False,False,"[329, 331, 434, 498, 412]"
val/08133_Plantae_Tracheophyta_Magnoliopsida_Fabales_Polygalaceae_Polygala_sanguinea/6e619730-9588-487c-8cdd-519572f16857.jpg,426,408,0.01629626824830952,False,False,"[408, 363, 375, 315, 368]"
val/08133_Plantae_Tracheophyta_Magnoliopsida_Fabales_Polygalaceae_Polygala_sanguinea/89d52c36-70e0-4d60-a81f-8fc4291aea16.jpg,426,212,0.012183785668765766,False,False,"[212, 266, 327, 216, 58]"
val/08133_Plantae_Tracheophyta_Magnoliopsida_Fabales_Polygalaceae_Polygala_sanguinea/91bbb826-ae6c-4149-8e93-49c329a30633.jpg,426,306,0.015418705836597279,False,False,"[306, 353, 369, 425, 361]"
val/08133_Plantae_Tracheophyta_Magnoliopsida_Fabales_Polygalaceae_Polygala_sanguinea/b40f5a36-d9be-43c2-850e-f752b712358c.jpg,426,435,0.010172568092641728,False,False,"[435, 391, 472, 452, 19]"
val/08133_Plantae_Tracheophyta_Magnoliopsida_Fabales_Polygalaceae_Polygala_sanguinea/cfe77ba2-404b-4406-8206-c60c115dee37.jpg,426,327,0.010356397713110253,False,False,"[327, 353, 440, 425, 429]"
val/08133_Plantae_Tracheophyta_Magnoliopsida_Fabales_Polygalaceae_Polygala_sanguinea/d0a08baf-cf99-4a82-8a03-1e612333d13a.jpg,426,402,0.011382656960942117,False,False,"[402, 483, 320, 482, 443]"
val/08133_Plantae_Tracheophyta_Magnoliopsida_Fabales_Polygalaceae_Polygala_sanguinea/ece31a58-cd52-470f-9558-93b5e3796a89.jpg,426,314,0.013827668947888802,False,False,"[314, 329, 333, 100, 306]"
val/08133_Plantae_Tracheophyta_Magnoliopsida_Fabales_Polygalaceae_Polygala_sanguinea/ef12727b-3c1c-4a77-8d34-e9233f4637fd.jpg,426,458,0.010071698827444705,False,False,"[458, 448, 166, 169, 323]"
val/08141_Plantae_Tracheophyta_Magnoliopsida_Fagales_Betulaceae_Alnus_rhombifolia/28c3414f-5186-4ddb-a369-b3550637df83.jpg,427,489,0.011097218402560114,False,False,"[489, 308, 358, 286, 67]"
val/08141_Plantae_Tracheophyta_Magnoliopsida_Fagales_Betulaceae_Alnus_rhombifolia/4906fe51-1d49-47d2-90c7-621f9fa56739.jpg,427,392,0.009728407757876206,False,False,"[392, 433, 495, 440, 114]"
val/08141_Plantae_Tracheophyta_Magnoliopsida_Fagales_Betulaceae_Alnus_rhombifolia/4f709821-a8ad-4d29-b44d-b5321cdd9004.jpg,427,316,0.008969901491454919,False,False,"[316, 19, 449, 485, 213]"
val/08141_Plantae_Tracheophyta_Magnoliopsida_Fagales_Betulaceae_Alnus_rhombifolia/59839552-60fe-423c-a8af-b893d9c94fde.jpg,427,365,0.019383133698521324,False,False,"[365, 448, 395, 354, 420]"
val/08141_Plantae_Tracheophyta_Magnoliopsida_Fagales_Betulaceae_Alnus_rhombifolia/6fa7702c-d04b-47ba-b45c-43f727ee621e.jpg,427,156,0.009801143935123532,False,False,"[156, 323, 270, 499, 484]"
val/08141_Plantae_Tracheophyta_Magnoliopsida_Fagales_Betulaceae_Alnus_rhombifolia/a2dc0661-380a-48bd-b8ef-88ea5ef4aaca.jpg,427,343,0.015227436815995017,False,False,"[343, 201, 413, 207, 362]"
val/08141_Plantae_Tracheophyta_Magnoliopsida_Fagales_Betulaceae_Alnus_rhombifolia/abd8fed8-fafd-4748-bf5e-6f5219f66888.jpg,427,311,0.01136767480125295,False,False,"[311, 191, 448, 346, 324]"
val/08141_Plantae_Tracheophyta_Magnoliopsida_Fagales_Betulaceae_Alnus_rhombifolia/cfee8de9-1d40-4d4f-98c9-389d0ed4fc44.jpg,427,349,0.009980320664767353,False,False,"[349, 341, 346, 373, 441]"
val/08141_Plantae_Tracheophyta_Magnoliopsida_Fagales_Betulaceae_Alnus_rhombifolia/e818fd28-a960-442b-b43f-1d75508e4fcf.jpg,427,339,0.015377381412674272,False,False,"[339, 490, 392, 479, 447]"
val/08141_Plantae_Tracheophyta_Magnoliopsida_Fagales_Betulaceae_Alnus_rhombifolia/f1967545-febb-42fb-813f-f1487cebf5d9.jpg,427,346,0.012585140382842778,False,False,"[346, 444, 369, 317, 351]"
val/08156_Plantae_Tracheophyta_Magnoliopsida_Fagales_Betulaceae_Corylus_avellana/0a415217-911d-4dce-a5ef-6b0bc0d2875a.jpg,428,10,0.017409880273444436,False,False,"[10, 308, 346, 348, 490]"
val/08156_Plantae_Tracheophyta_Magnoliopsida_Fagales_Betulaceae_Corylus_avellana/195cfb76-9247-405a-ac51-a39e5fd359b4.jpg,428,129,0.011033826262446018,False,False,"[129, 29, 70, 143, 22]"
val/08156_Plantae_Tracheophyta_Magnoliopsida_Fagales_Betulaceae_Corylus_avellana/211d7f76-a683-4dc5-8dea-f4389f21d426.jpg,428,414,0.010475672343464195,False,False,"[414, 252, 248, 45, 436]"
val/08156_Plantae_Tracheophyta_Magnoliopsida_Fagales_Betulaceae_Corylus_avellana/2548a3a7-1791-4ba5-80b3-16b7cc9db6bb.jpg,428,360,0.00962668405161983,False,False,"[360, 471, 457, 147, 168]"
val/08156_Plantae_Tracheophyta_Magnoliopsida_Fagales_Betulaceae_Corylus_avellana/3ca2cc03-fdcb-40a5-926d-0a6e6668cf69.jpg,428,289,0.012170870899159228,False,False,"[289, 410, 308, 292, 105]"
val/08156_Plantae_Tracheophyta_Magnoliopsida_Fagales_Betulaceae_Corylus_avellana/411648b3-4d48-4a1f-b0aa-8f4631de2bda.jpg,428,362,0.01686306994358472,False,False,"[362, 308, 445, 460, 436]"
val/08156_Plantae_Tracheophyta_Magnoliopsida_Fagales_Betulaceae_Corylus_avellana/4735f636-624c-4641-b9cc-7a2c5452bc9b.jpg,428,457,0.02508551113820814,False,False,"[457, 474, 478, 433, 454]"
val/08156_Plantae_Tracheophyta_Magnoliopsida_Fagales_Betulaceae_Corylus_avellana/52f51df8-a334-4e36-b930-0a33dbdbbf40.jpg,428,191,0.015599516679971295,False,False,"[191, 361, 163, 241, 162]"
val/08156_Plantae_Tracheophyta_Magnoliopsida_Fagales_Betulaceae_Corylus_avellana/7037ddd0-38ac-4772-ad57-ca9784c73112.jpg,428,405,0.012152157811183178,False,False,"[405, 407, 370, 319, 258]"
val/08156_Plantae_Tracheophyta_Magnoliopsida_Fagales_Betulaceae_Corylus_avellana/dc133fc5-fc25-4c1a-9bf4-4eb61ed06b0d.jpg,428,440,0.009022774087171287,False,False,"[440, 393, 464, 435, 484]"
val/08184_Plantae_Tracheophyta_Magnoliopsida_Fagales_Fagaceae_Quercus_geminata/003fb9a4-373f-4b4f-9444-b73da485b6fc.jpg,429,353,0.010552853780516852,False,False,"[353, 420, 394, 346, 240]"
val/08184_Plantae_Tracheophyta_Magnoliopsida_Fagales_Fagaceae_Quercus_geminata/016c0bec-6900-4ba3-aeca-210a50e9bd19.jpg,429,353,0.011869050487384309,False,False,"[353, 318, 313, 434, 324]"
val/08184_Plantae_Tracheophyta_Magnoliopsida_Fagales_Fagaceae_Quercus_geminata/0e6a2454-6b1d-4f45-9022-76a24f9f7d1d.jpg,429,460,0.023842444765626684,False,False,"[460, 207, 401, 363, 326]"
val/08184_Plantae_Tracheophyta_Magnoliopsida_Fagales_Fagaceae_Quercus_geminata/18f2a9dc-1c5b-4ba4-a636-69453dc5bbf8.jpg,429,450,0.00867022488375555,False,True,"[450, 387, 429, 417, 402]"
val/08184_Plantae_Tracheophyta_Magnoliopsida_Fagales_Fagaceae_Quercus_geminata/221f1d67-01cc-4ea0-86a2-e4e3cca57671.jpg,429,362,0.01045390901309873,False,False,"[362, 461, 48, 339, 393]"
val/08184_Plantae_Tracheophyta_Magnoliopsida_Fagales_Fagaceae_Quercus_geminata/6d2a1246-fe45-418d-baf0-29b7d9d107d5.jpg,429,387,0.014868324513931795,False,False,"[387, 412, 421, 439, 268]"
val/08184_Plantae_Tracheophyta_Magnoliopsida_Fagales_Fagaceae_Quercus_geminata/c3d5b563-9fd2-4a18-9f3a-38603a72fca7.jpg,429,398,0.011020484229063588,False,False,"[398, 308, 358, 473, 484]"
val/08184_Plantae_Tracheophyta_Magnoliopsida_Fagales_Fagaceae_Quercus_geminata/d244b974-2212-46a6-b20e-0bb35c2da1a6.jpg,429,387,0.01103224184196001,False,False,"[387, 342, 38, 100, 495]"
val/08184_Plantae_Tracheophyta_Magnoliopsida_Fagales_Fagaceae_Quercus_geminata/de6d0d3f-ba71-4c48-aa1b-aa1f454ea59c.jpg,429,401,0.012543521845500399,False,False,"[401, 295, 204, 275, 94]"
val/08184_Plantae_Tracheophyta_Magnoliopsida_Fagales_Fagaceae_Quercus_geminata/ec68d375-104e-4a69-8585-ba2a4393c89d.jpg,429,207,0.008495786052601375,False,False,"[207, 261, 54, 264, 206]"
val/08188_Plantae_Tracheophyta_Magnoliopsida_Fagales_Fagaceae_Quercus_kelloggii/1012c07f-f29e-4dee-bfed-4211d8c7d909.jpg,430,344,0.016525278241586085,False,False,"[344, 210, 398, 364, 479]"
val/08188_Plantae_Tracheophyta_Magnoliopsida_Fagales_Fagaceae_Quercus_kelloggii/27152307-2527-47ed-8551-163969ff5920.jpg,430,468,0.011447614193477087,False,False,"[468, 407, 215, 351, 105]"
val/08188_Plantae_Tracheophyta_Magnoliopsida_Fagales_Fagaceae_Quercus_kelloggii/46ecff23-82c8-43cc-9c92-31f559519ef7.jpg,430,398,0.009965637078425642,False,False,"[398, 388, 364, 111, 482]"
val/08188_Plantae_Tracheophyta_Magnoliopsida_Fagales_Fagaceae_Quercus_kelloggii/715dfdf7-72c7-4025-8d36-0e55c6ed2bd8.jpg,430,401,0.012552660439041479,False,False,"[401, 420, 491, 378, 346]"
val/08188_Plantae_Tracheophyta_Magnoliopsida_Fagales_Fagaceae_Quercus_kelloggii/86372448-ee83-432f-9952-6b48b05883f6.jpg,430,457,0.011391056966436643,False,False,"[457, 488, 292, 362, 171]"
val/08188_Plantae_Tracheophyta_Magnoliopsida_Fagales_Fagaceae_Quercus_kelloggii/86bc194e-f377-4b7a-838a-43ca9a73bd1d.jpg,430,405,0.013241051186097603,False,False,"[405, 427, 379, 443, 388]"
val/08188_Plantae_Tracheophyta_Magnoliopsida_Fagales_Fagaceae_Quercus_kelloggii/8f8879b7-9e61-44b8-bab3-7ca28309f6f9.jpg,430,389,0.009051658044290095,False,False,"[389, 187, 375, 301, 484]"
val/08188_Plantae_Tracheophyta_Magnoliopsida_Fagales_Fagaceae_Quercus_kelloggii/9e6351ff-da80-4ce4-b19c-b54a730396a7.jpg,430,397,0.017532698274563715,False,False,"[397, 360, 427, 358, 354]"
val/08188_Plantae_Tracheophyta_Magnoliopsida_Fagales_Fagaceae_Quercus_kelloggii/bb56ee3f-ae7d-4b57-be74-6832beee07fc.jpg,430,339,0.015381178131616017,False,False,"[339, 370, 308, 490, 462]"
val/08188_Plantae_Tracheophyta_Magnoliopsida_Fagales_Fagaceae_Quercus_kelloggii/f39d624e-64f6-442c-9d00-d41f27f60a68.jpg,430,370,0.009588976585300805,False,False,"[370, 419, 420, 77, 272]"
val/08259_Plantae_Tracheophyta_Magnoliopsida_Gentianales_Apocynaceae_Asclepias_verticillata/07d0dc4e-9c83-4c6a-a1e0-fed55ccb2cbc.jpg,431,322,0.01028117653019133,False,False,"[322, 326, 491, 401, 430]"
val/08259_Plantae_Tracheophyta_Magnoliopsida_Gentianales_Apocynaceae_Asclepias_verticillata/1c758492-36b6-47a9-b3bf-0795a8360a7e.jpg,431,453,0.010744961633032053,False,True,"[453, 431, 338, 481, 346]"
val/08259_Plantae_Tracheophyta_Magnoliopsida_Gentianales_Apocynaceae_Asclepias_verticillata/1cecd2b0-c5c0-41a3-b68c-0332817a757b.jpg,431,458,0.009947361255274819,False,False,"[458, 372, 483, 494, 152]"
val/08259_Plantae_Tracheophyta_Magnoliopsida_Gentianales_Apocynaceae_Asclepias_verticillata/36c9ed0e-c5c5-4fe1-8d7f-c7e46f616943.jpg,431,329,0.012642085324929568,False,False,"[329, 455, 294, 449, 394]"
val/08259_Plantae_Tracheophyta_Magnoliopsida_Gentianales_Apocynaceae_Asclepias_verticillata/500d6549-59e8-47ea-985e-a5e4a3b6cf97.jpg,431,346,0.013304959186847775,False,False,"[346, 408, 411, 499, 395]"
val/08259_Plantae_Tracheophyta_Magnoliopsida_Gentianales_Apocynaceae_Asclepias_verticillata/6a714bc7-52fb-48d0-a821-292af5631999.jpg,431,407,0.01055475642541811,False,False,"[407, 386, 493, 433, 338]"
val/08259_Plantae_Tracheophyta_Magnoliopsida_Gentianales_Apocynaceae_Asclepias_verticillata/8699cf2a-53b6-4831-8bb4-9a75dde219d5.jpg,431,1,0.01210695441727721,False,False,"[1, 476, 306, 387, 311]"
val/08259_Plantae_Tracheophyta_Magnoliopsida_Gentianales_Apocynaceae_Asclepias_verticillata/bfc3f4df-9204-416e-8a4b-3b99a5dbd259.jpg,431,329,0.009841991402011531,False,False,"[329, 437, 337, 415, 101]"
val/08259_Plantae_Tracheophyta_Magnoliopsida_Gentianales_Apocynaceae_Asclepias_verticillata/c64fc5b1-6937-4c48-928b-1621c6a063ba.jpg,431,273,0.014874495666189707,False,False,"[273, 65, 469, 145, 278]"
val/08259_Plantae_Tracheophyta_Magnoliopsida_Gentianales_Apocynaceae_Asclepias_verticillata/ffd79f66-1118-4b23-bf02-77c240b71f6c.jpg,431,364,0.01130820680317643,False,False,"[364, 477, 452, 323, 388]"
val/08263_Plantae_Tracheophyta_Magnoliopsida_Gentianales_Apocynaceae_Calotropis_procera/35bf9f93-1fea-40f6-8fb2-6d34792d895c.jpg,432,206,0.00969348035251921,False,False,"[206, 218, 89, 413, 301]"
val/08263_Plantae_Tracheophyta_Magnoliopsida_Gentianales_Apocynaceae_Calotropis_procera/5f42b1fd-0837-4064-90cc-08d051df6adc.jpg,432,323,0.01204043135788141,False,False,"[323, 488, 451, 379, 404]"
val/08263_Plantae_Tracheophyta_Magnoliopsida_Gentianales_Apocynaceae_Calotropis_procera/6a331420-4520-4f88-aedb-59d677661e54.jpg,432,373,0.014799986395570525,False,False,"[373, 360, 24, 130, 289]"
val/08263_Plantae_Tracheophyta_Magnoliopsida_Gentianales_Apocynaceae_Calotropis_procera/7115ee9d-ebdd-4f32-98b4-1220254be281.jpg,432,56,0.010501869061487479,False,False,"[56, 45, 90, 173, 82]"
val/08263_Plantae_Tracheophyta_Magnoliopsida_Gentianales_Apocynaceae_Calotropis_procera/8e716e34-516b-4f9b-bcc9-6d65ca8fe2a5.jpg,432,456,0.009238333049820384,False,False,"[456, 454, 218, 487, 380]"
val/08263_Plantae_Tracheophyta_Magnoliopsida_Gentianales_Apocynaceae_Calotropis_procera/938be918-5d82-423e-a22d-8748bc011f89.jpg,432,342,0.009333204447583265,False,False,"[342, 490, 168, 476, 449]"
val/08263_Plantae_Tracheophyta_Magnoliopsida_Gentianales_Apocynaceae_Calotropis_procera/995f61bf-1d4c-4d24-bf5c-ec963a2f65c8.jpg,432,435,0.010408049314355745,False,False,"[435, 488, 289, 295, 78]"
val/08263_Plantae_Tracheophyta_Magnoliopsida_Gentianales_Apocynaceae_Calotropis_procera/b1f27b87-5f2c-4109-9100-7c7b13880f45.jpg,432,44,0.016166142466499195,False,False,"[44, 137, 50, 490, 301]"
val/08263_Plantae_Tracheophyta_Magnoliopsida_Gentianales_Apocynaceae_Calotropis_procera/e161d4de-0882-466c-839a-071cad2f2cce.jpg,432,381,0.014323546775277718,False,False,"[381, 82, 87, 63, 17]"
val/08263_Plantae_Tracheophyta_Magnoliopsida_Gentianales_Apocynaceae_Calotropis_procera/ec954bb9-abf2-42ff-a989-718b56ac1eec.jpg,432,276,0.009949624757516427,False,False,"[276, 497, 185, 182, 304]"
val/08264_Plantae_Tracheophyta_Magnoliopsida_Gentianales_Apocynaceae_Carissa_bispinosa/118342c7-b8d3-437b-ae8b-7464038dc319.jpg,433,301,0.010019094834412304,False,False,"[301, 425, 221, 294, 347]"
val/08264_Plantae_Tracheophyta_Magnoliopsida_Gentianales_Apocynaceae_Carissa_bispinosa/28fb25bf-f657-4895-926a-ee3b6e87e39c.jpg,433,358,0.03780845988083611,False,False,"[358, 350, 323, 474, 387]"
val/08264_Plantae_Tracheophyta_Magnoliopsida_Gentianales_Apocynaceae_Carissa_bispinosa/34cb2ee1-7b5f-4894-a3e5-af060fb1839c.jpg,433,363,0.010384000252650297,False,False,"[363, 450, 131, 398, 417]"
val/08264_Plantae_Tracheophyta_Magnoliopsida_Gentianales_Apocynaceae_Carissa_bispinosa/37fef774-cb39-4e55-872c-00f001bcae92.jpg,433,391,0.01582844640340711,False,True,"[391, 128, 106, 399, 433]"
val/08264_Plantae_Tracheophyta_Magnoliopsida_Gentianales_Apocynaceae_Carissa_bispinosa/3822a667-9f48-4833-97d2-507cf3aab143.jpg,433,358,0.01665071900529066,False,False,"[358, 478, 311, 305, 343]"
val/08264_Plantae_Tracheophyta_Magnoliopsida_Gentianales_Apocynaceae_Carissa_bispinosa/3de25025-c736-4340-a817-8eccfd0d0dc8.jpg,433,213,0.027741583347985776,False,False,"[213, 276, 83, 215, 489]"
val/08264_Plantae_Tracheophyta_Magnoliopsida_Gentianales_Apocynaceae_Carissa_bispinosa/912ffd26-7896-4bad-872b-d9e1b10d0ef2.jpg,433,364,0.03529567914788766,False,False,"[364, 287, 145, 289, 247]"
val/08264_Plantae_Tracheophyta_Magnoliopsida_Gentianales_Apocynaceae_Carissa_bispinosa/a65fc367-2dbd-42b6-a2b0-db014fb76f52.jpg,433,359,0.010490474214201937,False,False,"[359, 417, 394, 437, 461]"
val/08264_Plantae_Tracheophyta_Magnoliopsida_Gentianales_Apocynaceae_Carissa_bispinosa/e0f9ab8e-3d5f-4569-b6da-cd441fa96445.jpg,433,438,0.017584796286294904,False,False,"[438, 317, 448, 467, 420]"
val/08264_Plantae_Tracheophyta_Magnoliopsida_Gentianales_Apocynaceae_Carissa_bispinosa/e9a4dad3-7a34-423a-a977-9f8dbd47af67.jpg,433,19,0.0093824633933639,False,False,"[19, 267, 141, 109, 32]"
val/08298_Plantae_Tracheophyta_Magnoliopsida_Gentianales_Gentianaceae_Gentiana_andrewsii/00af8695-9409-4433-8fea-486645de4703.jpg,434,329,0.0172109505014429,False,False,"[329, 327, 199, 317, 475]"
val/08298_Plantae_Tracheophyta_Magnoliopsida_Gentianales_Gentianaceae_Gentiana_andrewsii/18f580bb-4cac-4720-b978-8f68941371f7.jpg,434,481,0.0155500268595179,False,False,"[481, 19, 143, 417, 183]"
val/08298_Plantae_Tracheophyta_Magnoliopsida_Gentianales_Gentianaceae_Gentiana_andrewsii/47ba8ed7-b8ad-42bd-8154-ad0c3f94a6ff.jpg,434,425,0.010907681445171928,False,False,"[425, 397, 278, 306, 27]"
val/08298_Plantae_Tracheophyta_Magnoliopsida_Gentianales_Gentianaceae_Gentiana_andrewsii/4a7880b0-9c6d-45f1-af4d-2e38958234fd.jpg,434,303,0.02207043824789692,False,False,"[303, 232, 446, 439, 338]"
val/08298_Plantae_Tracheophyta_Magnoliopsida_Gentianales_Gentianaceae_Gentiana_andrewsii/64b8a800-1262-4d67-a004-79add0450106.jpg,434,331,0.015734271988127803,False,False,"[331, 329, 333, 311, 415]"
val/08298_Plantae_Tracheophyta_Magnoliopsida_Gentianales_Gentianaceae_Gentiana_andrewsii/8152736d-3075-4744-9dfd-6d74e1d2abb8.jpg,434,483,0.011028363778663902,False,False,"[483, 315, 356, 393, 294]"
val/08298_Plantae_Tracheophyta_Magnoliopsida_Gentianales_Gentianaceae_Gentiana_andrewsii/a6e3e3b2-61e0-458e-ad5e-0aff9af134b2.jpg,434,449,0.011591382497302833,False,False,"[449, 95, 387, 212, 245]"
val/08298_Plantae_Tracheophyta_Magnoliopsida_Gentianales_Gentianaceae_Gentiana_andrewsii/afe0842d-b726-47a9-a714-99bfd7a6c19f.jpg,434,80,0.015151885431572186,False,False,"[80, 399, 106, 258, 360]"
val/08298_Plantae_Tracheophyta_Magnoliopsida_Gentianales_Gentianaceae_Gentiana_andrewsii/ba9f0f54-1365-4ab2-a502-b433fa72958b.jpg,434,449,0.017020178343264535,False,False,"[449, 329, 168, 331, 333]"
val/08298_Plantae_Tracheophyta_Magnoliopsida_Gentianales_Gentianaceae_Gentiana_andrewsii/eed60fc3-1a72-424c-8d28-98a61dc2168e.jpg,434,323,0.01583295322991443,False,False,"[323, 125, 391, 95, 39]"
val/08317_Plantae_Tracheophyta_Magnoliopsida_Gentianales_Loganiaceae_Geniostoma_ligustrifolium/2cb9af2e-7be8-445f-b393-6323c5aea30e.jpg,435,323,0.010071152222342334,False,False,"[323, 333, 414, 324, 337]"
val/08317_Plantae_Tracheophyta_Magnoliopsida_Gentianales_Loganiaceae_Geniostoma_ligustrifolium/3c4f6cb6-d45e-4ec8-bb4a-d98d950474da.jpg,435,44,0.009730859796629217,False,False,"[44, 142, 221, 245, 479]"
val/08317_Plantae_Tracheophyta_Magnoliopsida_Gentianales_Loganiaceae_Geniostoma_ligustrifolium/449b3f11-9f9c-47f8-9181-e2f8615d7f50.jpg,435,54,0.02395386557924219,False,True,"[54, 71, 303, 297, 435]"
val/08317_Plantae_Tracheophyta_Magnoliopsida_Gentianales_Loganiaceae_Geniostoma_ligustrifolium/8905ae3e-2564-41ef-911d-6707da85e249.jpg,435,488,0.009220994773776884,False,False,"[488, 213, 297, 459, 389]"
val/08317_Plantae_Tracheophyta_Magnoliopsida_Gentianales_Loganiaceae_Geniostoma_ligustrifolium/95de2c74-96d0-4a62-94cf-51abe35fcdfb.jpg,435,399,0.010616488282872939,False,False,"[399, 247, 118, 297, 398]"
val/08317_Plantae_Tracheophyta_Magnoliopsida_Gentianales_Loganiaceae_Geniostoma_ligustrifolium/ae049633-35ef-46df-aa6a-f0786e7880c5.jpg,435,416,0.016369264609133127,False,False,"[416, 366, 404, 351, 188]"
val/08317_Plantae_Tracheophyta_Magnoliopsida_Gentianales_Loganiaceae_Geniostoma_ligustrifolium/ae3c86c3-7cad-4fb4-938b-877b53c47da3.jpg,435,408,0.011055686377404188,False,False,"[408, 444, 467, 307, 383]"
val/08317_Plantae_Tracheophyta_Magnoliopsida_Gentianales_Loganiaceae_Geniostoma_ligustrifolium/c7f4fc4a-585d-4155-8751-e2dff5b4da1a.jpg,435,342,0.00989676594410983,False,False,"[342, 398, 145, 112, 444]"
val/08317_Plantae_Tracheophyta_Magnoliopsida_Gentianales_Loganiaceae_Geniostoma_ligustrifolium/cec26717-ee99-47d0-af78-03988e0851e4.jpg,435,324,0.011593337055055613,False,False,"[324, 480, 429, 468, 442]"
val/08317_Plantae_Tracheophyta_Magnoliopsida_Gentianales_Loganiaceae_Geniostoma_ligustrifolium/fc634191-b536-4edf-b53a-6ae75993f2e8.jpg,435,335,0.010742137353572446,False,False,"[335, 283, 484, 488, 393]"
val/08410_Plantae_Tracheophyta_Magnoliopsida_Lamiales_Acanthaceae_Thunbergia_alata/340599d8-b1d5-4bce-9c2b-66bc2b5ee809.jpg,436,458,0.010550534691636922,False,False,"[458, 486, 363, 377, 290]"
val/08410_Plantae_Tracheophyta_Magnoliopsida_Lamiales_Acanthaceae_Thunbergia_alata/5317978c-1eba-4473-83f5-e040d680433a.jpg,436,387,0.013633259607295457,False,False,"[387, 308, 380, 460, 289]"
val/08410_Plantae_Tracheophyta_Magnoliopsida_Lamiales_Acanthaceae_Thunbergia_alata/87d1d291-e78f-49e1-9335-ddbb707cc426.jpg,436,55,0.02105550939100951,False,False,"[55, 76, 92, 280, 64]"
val/08410_Plantae_Tracheophyta_Magnoliopsida_Lamiales_Acanthaceae_Thunbergia_alata/8a45004a-1d91-4977-854c-799d6d15f978.jpg,436,468,0.01671896734029026,False,False,"[468, 308, 337, 344, 351]"
val/08410_Plantae_Tracheophyta_Magnoliopsida_Lamiales_Acanthaceae_Thunbergia_alata/a8b3886f-1181-459d-bb46-7ac00b6dc108.jpg,436,10,0.0109255305887928,False,False,"[10, 348, 138, 323, 292]"
val/08410_Plantae_Tracheophyta_Magnoliopsida_Lamiales_Acanthaceae_Thunbergia_alata/a9924b08-0e18-4563-9ccb-e390766621c4.jpg,436,276,0.009558044818893002,False,False,"[276, 215, 219, 84, 240]"
val/08410_Plantae_Tracheophyta_Magnoliopsida_Lamiales_Acanthaceae_Thunbergia_alata/af599e7c-3cca-4230-be27-320d19809895.jpg,436,460,0.010237931536553222,False,False,"[460, 490, 386, 74, 217]"
val/08410_Plantae_Tracheophyta_Magnoliopsida_Lamiales_Acanthaceae_Thunbergia_alata/be5c2312-ff94-47ba-b0f6-f5debeb41b61.jpg,436,434,0.009241388817153137,False,False,"[434, 488, 392, 94, 375]"
val/08410_Plantae_Tracheophyta_Magnoliopsida_Lamiales_Acanthaceae_Thunbergia_alata/c920b4b7-d750-4a97-8f9c-7342b02fceb9.jpg,436,466,0.015307567454674131,False,False,"[466, 306, 476, 314, 453]"
val/08410_Plantae_Tracheophyta_Magnoliopsida_Lamiales_Acanthaceae_Thunbergia_alata/d5562a1e-b302-4857-aded-bc8339f32216.jpg,436,456,0.009299548967800624,False,False,"[456, 253, 494, 199, 359]"
val/08423_Plantae_Tracheophyta_Magnoliopsida_Lamiales_Lamiaceae_Agastache_foeniculum/0b4dda8d-3ad8-43b1-9d58-a918177e4074.jpg,437,402,0.010908753434081778,False,False,"[402, 255, 447, 358, 139]"
val/08423_Plantae_Tracheophyta_Magnoliopsida_Lamiales_Lamiaceae_Agastache_foeniculum/278548ce-c780-4298-adb0-c8bd1d8cfe9b.jpg,437,376,0.010781187567366601,False,False,"[376, 494, 388, 157, 146]"
val/08423_Plantae_Tracheophyta_Magnoliopsida_Lamiales_Lamiaceae_Agastache_foeniculum/3fdbb84d-3cc3-498b-929d-f889ca61cc19.jpg,437,213,0.008728384550160615,False,False,"[213, 360, 319, 409, 293]"
val/08423_Plantae_Tracheophyta_Magnoliopsida_Lamiales_Lamiaceae_Agastache_foeniculum/4a7e832e-bb76-4fc2-ab72-ffb8a1b6c6c1.jpg,437,45,0.007949100724688568,False,False,"[45, 94, 326, 297, 303]"
val/08423_Plantae_Tracheophyta_Magnoliopsida_Lamiales_Lamiaceae_Agastache_foeniculum/6c645dfe-eaf7-44af-a88f-e25aeb064f71.jpg,437,39,0.016748490156018328,False,False,"[39, 359, 222, 286, 364]"
val/08423_Plantae_Tracheophyta_Magnoliopsida_Lamiales_Lamiaceae_Agastache_foeniculum/b152e85b-df6f-42eb-a4b8-712bd80ed267.jpg,437,408,0.009653378690691246,False,False,"[408, 290, 68, 79, 431]"
val/08423_Plantae_Tracheophyta_Magnoliopsida_Lamiales_Lamiaceae_Agastache_foeniculum/ba6f9ba8-ddcd-4405-9e05-d1e46f3084b1.jpg,437,306,0.020860947180398992,False,False,"[306, 314, 318, 438, 444]"
val/08423_Plantae_Tracheophyta_Magnoliopsida_Lamiales_Lamiaceae_Agastache_foeniculum/e88738e6-d16b-4b9b-954a-75953a88711a.jpg,437,266,0.01450853104414576,False,False,"[266, 419, 378, 336, 472]"
val/08423_Plantae_Tracheophyta_Magnoliopsida_Lamiales_Lamiaceae_Agastache_foeniculum/eddd0fa4-c2a8-4fd3-b713-5cd74f7dc78f.jpg,437,327,0.011885108182845792,False,False,"[327, 253, 447, 80, 306]"
val/08423_Plantae_Tracheophyta_Magnoliopsida_Lamiales_Lamiaceae_Agastache_foeniculum/f70ef420-e63b-4338-b46d-d9e97bd2efcc.jpg,437,426,0.016480665986914556,False,False,"[426, 476, 363, 473, 408]"
val/08426_Plantae_Tracheophyta_Magnoliopsida_Lamiales_Lamiaceae_Ajuga_genevensis/1547f597-822c-4bad-8ad9-f40c2c03ec14.jpg,438,419,0.012457957242181654,False,True,"[419, 438, 390, 427, 70]"
val/08426_Plantae_Tracheophyta_Magnoliopsida_Lamiales_Lamiaceae_Ajuga_genevensis/183ce348-29db-420a-82ac-d514a6dd9e3b.jpg,438,416,0.010889419449806068,False,False,"[416, 437, 343, 446, 464]"
val/08426_Plantae_Tracheophyta_Magnoliopsida_Lamiales_Lamiaceae_Ajuga_genevensis/20270bfe-ccbf-41cb-b39d-f678219b8f0f.jpg,438,491,0.01333732221562533,False,False,"[491, 329, 476, 331, 324]"
val/08426_Plantae_Tracheophyta_Magnoliopsida_Lamiales_Lamiaceae_Ajuga_genevensis/2100173e-7610-4675-9272-16286d3ae027.jpg,438,352,0.00978502174894221,False,False,"[352, 392, 324, 365, 223]"
val/08426_Plantae_Tracheophyta_Magnoliopsida_Lamiales_Lamiaceae_Ajuga_genevensis/4717a0b0-054e-409b-a571-746f29564e3d.jpg,438,419,0.010977889668469016,False,False,"[419, 8, 308, 473, 341]"
val/08426_Plantae_Tracheophyta_Magnoliopsida_Lamiales_Lamiaceae_Ajuga_genevensis/62620be3-3323-459b-a782-91a6362781a5.jpg,438,343,0.012145992305066555,False,False,"[343, 378, 370, 336, 305]"
val/08426_Plantae_Tracheophyta_Magnoliopsida_Lamiales_Lamiaceae_Ajuga_genevensis/831187cf-9eca-43e9-ba83-753b2712ccea.jpg,438,408,0.017235291096657317,False,False,"[408, 479, 68, 222, 278]"
val/08426_Plantae_Tracheophyta_Magnoliopsida_Lamiales_Lamiaceae_Ajuga_genevensis/acbc910d-223a-48dd-a3ad-76500ea73f1a.jpg,438,438,0.016316877337520647,True,True,"[438, 337, 299, 147, 289]"
val/08426_Plantae_Tracheophyta_Magnoliopsida_Lamiales_Lamiaceae_Ajuga_genevensis/b8e739c5-1afb-4f96-8189-530d57bafc09.jpg,438,336,0.016632844255958578,False,False,"[336, 420, 440, 352, 429]"
val/08426_Plantae_Tracheophyta_Magnoliopsida_Lamiales_Lamiaceae_Ajuga_genevensis/df081c32-df3f-44ff-8698-662abc86b6c5.jpg,438,131,0.00854973264176545,False,False,"[131, 439, 46, 143, 402]"
val/08427_Plantae_Tracheophyta_Magnoliopsida_Lamiales_Lamiaceae_Ajuga_reptans/0aafb60d-e751-45bb-8765-b972d0ce889b.jpg,439,341,0.008859294087618333,False,False,"[341, 434, 327, 324, 374]"
val/08427_Plantae_Tracheophyta_Magnoliopsida_Lamiales_Lamiaceae_Ajuga_reptans/0eca21de-4861-49b1-93c0-3a81854c50cf.jpg,439,306,0.011293459460215295,False,False,"[306, 369, 483, 463, 469]"
val/08427_Plantae_Tracheophyta_Magnoliopsida_Lamiales_Lamiaceae_Ajuga_reptans/0f1083b2-506c-46ae-9fd5-f2a68a2ecc26.jpg,439,48,0.009309467145548455,False,False,"[48, 447, 26, 463, 401]"
val/08427_Plantae_Tracheophyta_Magnoliopsida_Lamiales_Lamiaceae_Ajuga_reptans/162e93c5-5948-483e-88a9-a3406f91fbe6.jpg,439,318,0.011520807240235657,False,False,"[318, 418, 333, 491, 374]"
val/08427_Plantae_Tracheophyta_Magnoliopsida_Lamiales_Lamiaceae_Ajuga_reptans/4635313b-a535-4be6-87e9-8d40fd7d6a6c.jpg,439,467,0.011289516323870723,False,False,"[467, 305, 410, 187, 217]"
val/08427_Plantae_Tracheophyta_Magnoliopsida_Lamiales_Lamiaceae_Ajuga_reptans/69cfe9dd-fe2d-48cf-9461-9b8733a455ff.jpg,439,363,0.01036761012270049,False,False,"[363, 434, 417, 290, 448]"
val/08427_Plantae_Tracheophyta_Magnoliopsida_Lamiales_Lamiaceae_Ajuga_reptans/a0a7f24e-fe96-442f-baa3-a7ae6dde5ba2.jpg,439,440,0.011485315369398574,False,False,"[440, 370, 251, 480, 78]"
val/08427_Plantae_Tracheophyta_Magnoliopsida_Lamiales_Lamiaceae_Ajuga_reptans/f4c15883-5c5a-4637-9bf1-77f5be145123.jpg,439,426,0.0098229508450162,False,False,"[426, 195, 294, 303, 155]"
val/08427_Plantae_Tracheophyta_Magnoliopsida_Lamiales_Lamiaceae_Ajuga_reptans/fcbe6920-39aa-4023-a0ab-65ed5dd8c991.jpg,439,316,0.015568777475831706,False,False,"[316, 454, 457, 424, 79]"
val/08427_Plantae_Tracheophyta_Magnoliopsida_Lamiales_Lamiaceae_Ajuga_reptans/fce67145-63fb-4e8b-a8cb-84c4ae97c36f.jpg,439,102,0.026492738376177022,False,False,"[102, 482, 376, 20, 440]"
val/08492_Plantae_Tracheophyta_Magnoliopsida_Lamiales_Lamiaceae_Salvia_mellifera/34070f41-d9d9-4005-a785-3669cd32f919.jpg,440,329,0.009047445379485208,False,False,"[329, 251, 273, 32, 166]"
val/08492_Plantae_Tracheophyta_Magnoliopsida_Lamiales_Lamiaceae_Salvia_mellifera/58d99ec9-7c8c-452e-a1dc-a8b710821da2.jpg,440,403,0.019588662763314186,False,False,"[403, 346, 427, 407, 433]"
val/08492_Plantae_Tracheophyta_Magnoliopsida_Lamiales_Lamiaceae_Salvia_mellifera/6ef45c16-9d40-4444-b3f9-e7f0e9775c52.jpg,440,305,0.014299169407327355,False,True,"[305, 443, 437, 440, 402]"
val/08492_Plantae_Tracheophyta_Magnoliopsida_Lamiales_Lamiaceae_Salvia_mellifera/911a35fe-aa04-46f2-ad98-313a3ca68b51.jpg,440,402,0.013554911567487806,False,False,"[402, 401, 341, 405, 427]"
val/08492_Plantae_Tracheophyta_Magnoliopsida_Lamiales_Lamiaceae_Salvia_mellifera/94211f8e-9bfa-4f69-9ccd-8fddb82f4479.jpg,440,427,0.016488464708256396,False,False,"[427, 341, 486, 455, 367]"
val/08492_Plantae_Tracheophyta_Magnoliopsida_Lamiales_Lamiaceae_Salvia_mellifera/a7bab384-d84c-42e6-8f66-e1bc74a0803b.jpg,440,353,0.011675253766575836,False,False,"[353, 370, 360, 352, 318]"
val/08492_Plantae_Tracheophyta_Magnoliopsida_Lamiales_Lamiaceae_Salvia_mellifera/aeb40701-3e62-44d0-adf1-986976b0a8ec.jpg,440,309,0.008902737095054448,False,False,"[309, 10, 402, 401, 482]"
val/08492_Plantae_Tracheophyta_Magnoliopsida_Lamiales_Lamiaceae_Salvia_mellifera/bacd50d6-6a4e-4ccf-8428-709d899e7429.jpg,440,305,0.01734142624838826,False,False,"[305, 246, 346, 329, 482]"
val/08492_Plantae_Tracheophyta_Magnoliopsida_Lamiales_Lamiaceae_Salvia_mellifera/e58998a8-8469-48e1-8f7f-34ea55c1f4d3.jpg,440,440,0.031048195559616788,True,True,"[440, 467, 449, 315, 354]"
val/08492_Plantae_Tracheophyta_Magnoliopsida_Lamiales_Lamiaceae_Salvia_mellifera/ec923208-6f2a-4fc1-b269-e980513c7c32.jpg,440,289,0.010922258377665152,False,False,"[289, 466, 349, 286, 499]"
val/08548_Plantae_Tracheophyta_Magnoliopsida_Lamiales_Oleaceae_Fraxinus_latifolia/059d93bf-5b6e-4ee5-9f52-2b5126c41569.jpg,441,347,0.009336136773894542,False,False,"[347, 10, 435, 97, 497]"
val/08548_Plantae_Tracheophyta_Magnoliopsida_Lamiales_Oleaceae_Fraxinus_latifolia/25df9bba-f788-4739-a465-f07657c7fccc.jpg,441,393,0.01072957252933761,False,False,"[393, 398, 384, 303, 222]"
val/08548_Plantae_Tracheophyta_Magnoliopsida_Lamiales_Oleaceae_Fraxinus_latifolia/731301ae-de84-454a-87cd-c386546b2eba.jpg,441,199,0.009227239073960275,False,False,"[199, 136, 19, 212, 104]"
val/08548_Plantae_Tracheophyta_Magnoliopsida_Lamiales_Oleaceae_Fraxinus_latifolia/804cdfef-ef11-4025-81b5-4d8f276d8a64.jpg,441,403,0.009312524717293102,False,False,"[403, 337, 32, 134, 65]"
val/08548_Plantae_Tracheophyta_Magnoliopsida_Lamiales_Oleaceae_Fraxinus_latifolia/81cfc632-fcf2-4036-b890-884d66c97465.jpg,441,312,0.016607957603144558,False,False,"[312, 3, 128, 194, 328]"
val/08548_Plantae_Tracheophyta_Magnoliopsida_Lamiales_Oleaceae_Fraxinus_latifolia/82c3d945-913a-4ec4-af00-d79076b876e7.jpg,441,414,0.016107942685258576,False,False,"[414, 152, 457, 282, 416]"
val/08548_Plantae_Tracheophyta_Magnoliopsida_Lamiales_Oleaceae_Fraxinus_latifolia/99e6256d-753f-470a-a4c4-5d3d4a7aacb6.jpg,441,449,0.016135522244609717,False,False,"[449, 346, 443, 460, 497]"
val/08548_Plantae_Tracheophyta_Magnoliopsida_Lamiales_Oleaceae_Fraxinus_latifolia/a21d0b57-5c07-45a9-9091-b1976f58b824.jpg,441,375,0.010345451000539825,False,False,"[375, 447, 393, 403, 453]"
val/08548_Plantae_Tracheophyta_Magnoliopsida_Lamiales_Oleaceae_Fraxinus_latifolia/b419c51b-9804-4c6c-8563-c9171ceac54e.jpg,441,222,0.008882240958924228,False,False,"[222, 498, 20, 482, 341]"
val/08548_Plantae_Tracheophyta_Magnoliopsida_Lamiales_Oleaceae_Fraxinus_latifolia/fcf4e7da-f8f2-4e12-af98-8cad762e83aa.jpg,441,433,0.010074622386716095,False,False,"[433, 42, 210, 0, 249]"
val/08549_Plantae_Tracheophyta_Magnoliopsida_Lamiales_Oleaceae_Fraxinus_nigra/0a879252-e79a-4e01-9b25-dd656e04c32a.jpg,442,101,0.015534595839134815,False,False,"[101, 494, 398, 392, 396]"
val/08549_Plantae_Tracheophyta_Magnoliopsida_Lamiales_Oleaceae_Fraxinus_nigra/359e0c62-6d6f-4dad-b369-b2d7f4d08eff.jpg,442,109,0.012691266810802633,False,False,"[109, 456, 95, 97, 298]"
val/08549_Plantae_Tracheophyta_Magnoliopsida_Lamiales_Oleaceae_Fraxinus_nigra/3d706d53-2c6c-4530-b87c-a11b5aff6374.jpg,442,411,0.012282633437040792,False,False,"[411, 410, 396, 429, 399]"
val/08549_Plantae_Tracheophyta_Magnoliopsida_Lamiales_Oleaceae_Fraxinus_nigra/46c03464-c489-4094-ad3d-314470c7efee.jpg,442,307,0.010013276955184584,False,False,"[307, 464, 338, 400, 295]"
val/08549_Plantae_Tracheophyta_Magnoliopsida_Lamiales_Oleaceae_Fraxinus_nigra/a1cdaab7-7bc4-404a-aac4-c54026983093.jpg,442,471,0.010029218902802789,False,False,"[471, 404, 299, 108, 352]"
val/08549_Plantae_Tracheophyta_Magnoliopsida_Lamiales_Oleaceae_Fraxinus_nigra/c5b56039-808d-40bb-80cf-4eadc68ea67d.jpg,442,167,0.01575254245195459,False,False,"[167, 401, 480, 391, 459]"
val/08549_Plantae_Tracheophyta_Magnoliopsida_Lamiales_Oleaceae_Fraxinus_nigra/c5df401b-a3fe-4f1c-908d-61ac579b4965.jpg,442,437,0.021980562977658706,False,False,"[437, 493, 469, 215, 245]"
val/08549_Plantae_Tracheophyta_Magnoliopsida_Lamiales_Oleaceae_Fraxinus_nigra/d2f73661-03c5-447c-bcc9-6c9bc5ef8e06.jpg,442,97,0.009049059072491263,False,False,"[97, 286, 10, 186, 294]"
val/08549_Plantae_Tracheophyta_Magnoliopsida_Lamiales_Oleaceae_Fraxinus_nigra/d981b43b-74a8-4612-90a9-a8fe6a8258e7.jpg,442,442,0.009709380520638956,True,True,"[442, 102, 202, 319, 166]"
val/08549_Plantae_Tracheophyta_Magnoliopsida_Lamiales_Oleaceae_Fraxinus_nigra/de942328-f37c-44dc-acab-3637d3c6aa97.jpg,442,410,0.009217318628804176,False,False,"[410, 217, 467, 289, 194]"
val/08577_Plantae_Tracheophyta_Magnoliopsida_Lamiales_Orobanchaceae_Castilleja_indivisa/01056751-8f38-48de-8375-86561e1fdabf.jpg,443,318,0.010462346315289524,False,False,"[318, 357, 425, 110, 262]"
val/08577_Plantae_Tracheophyta_Magnoliopsida_Lamiales_Orobanchaceae_Castilleja_indivisa/3d6cc093-604c-4522-b858-8ce8f1dc9717.jpg,443,499,0.016624323041659176,False,False,"[499, 347, 222, 83, 113]"
val/08577_Plantae_Tracheophyta_Magnoliopsida_Lamiales_Orobanchaceae_Castilleja_indivisa/52e33477-876a-4b07-b993-bd5fd10002dc.jpg,443,404,0.015867099643681052,False,False,"[404, 453, 380, 341, 491]"
val/08577_Plantae_Tracheophyta_Magnoliopsida_Lamiales_Orobanchaceae_Castilleja_indivisa/76a56e99-573b-475b-8be1-7653c19a722e.jpg,443,402,0.012222436810636627,False,False,"[402, 403, 389, 258, 454]"
val/08577_Plantae_Tracheophyta_Magnoliopsida_Lamiales_Orobanchaceae_Castilleja_indivisa/8d59ae7c-b732-46b4-91d3-da9a3098c969.jpg,443,324,0.017610053344510844,False,False,"[324, 455, 305, 315, 400]"
val/08577_Plantae_Tracheophyta_Magnoliopsida_Lamiales_Orobanchaceae_Castilleja_indivisa/a33b8eaf-d2b8-4426-b3cb-9da6d45458d3.jpg,443,317,0.009988698595217418,False,False,"[317, 315, 314, 462, 389]"
val/08577_Plantae_Tracheophyta_Magnoliopsida_Lamiales_Orobanchaceae_Castilleja_indivisa/cf58449b-4f42-485c-abf3-98e903cecf9e.jpg,443,314,0.011699139723438466,False,False,"[314, 306, 318, 313, 271]"
val/08577_Plantae_Tracheophyta_Magnoliopsida_Lamiales_Orobanchaceae_Castilleja_indivisa/f0a518b1-1013-41ce-b152-fe57d6ea93fd.jpg,443,263,0.01557793719619642,False,False,"[263, 382, 491, 469, 267]"
val/08577_Plantae_Tracheophyta_Magnoliopsida_Lamiales_Orobanchaceae_Castilleja_indivisa/fc4261de-0c48-4ee9-8cb2-1f1337f0ad5d.jpg,443,26,0.022187802706708188,False,False,"[26, 103, 402, 483, 373]"
val/08577_Plantae_Tracheophyta_Magnoliopsida_Lamiales_Orobanchaceae_Castilleja_indivisa/ff85313e-4f32-4de0-bd6f-773361601f3b.jpg,443,195,0.022105710849183682,False,False,"[195, 202, 263, 383, 140]"
val/08581_Plantae_Tracheophyta_Magnoliopsida_Lamiales_Orobanchaceae_Castilleja_miniata/245e4bfe-4b23-4991-861d-12a3c155aed8.jpg,444,380,0.013303558065920932,False,False,"[380, 455, 369, 360, 453]"
val/08581_Plantae_Tracheophyta_Magnoliopsida_Lamiales_Orobanchaceae_Castilleja_miniata/4eef96d3-9706-486b-accf-b368deab6e20.jpg,444,387,0.016174209658074725,False,False,"[387, 149, 266, 314, 311]"
val/08581_Plantae_Tracheophyta_Magnoliopsida_Lamiales_Orobanchaceae_Castilleja_miniata/555974aa-c715-4c20-a21c-3bc4a050c23d.jpg,444,482,0.013840962796856935,False,False,"[482, 489, 402, 455, 313]"
val/08581_Plantae_Tracheophyta_Magnoliopsida_Lamiales_Orobanchaceae_Castilleja_miniata/73b23662-a0cf-4d58-8d92-fc1a7ff52e6a.jpg,444,467,0.009439417957546919,False,False,"[467, 486, 128, 410, 137]"
val/08581_Plantae_Tracheophyta_Magnoliopsida_Lamiales_Orobanchaceae_Castilleja_miniata/82e16148-af02-4063-9990-49854c9eec58.jpg,444,401,0.011692971368007446,False,False,"[401, 371, 435, 367, 361]"
val/08581_Plantae_Tracheophyta_Magnoliopsida_Lamiales_Orobanchaceae_Castilleja_miniata/8553a81d-3526-4888-ae19-c228c35ad35b.jpg,444,327,0.016333763121292304,False,False,"[327, 329, 233, 471, 103]"
val/08581_Plantae_Tracheophyta_Magnoliopsida_Lamiales_Orobanchaceae_Castilleja_miniata/ad74e9c4-015f-4c32-9915-4789c9667e77.jpg,444,305,0.012143293833860758,False,False,"[305, 431, 498, 314, 265]"
val/08581_Plantae_Tracheophyta_Magnoliopsida_Lamiales_Orobanchaceae_Castilleja_miniata/db6498eb-1942-45ff-b7bd-66534304967a.jpg,444,347,0.011283066043384981,False,False,"[347, 332, 307, 311, 452]"
val/08581_Plantae_Tracheophyta_Magnoliopsida_Lamiales_Orobanchaceae_Castilleja_miniata/e888f0a6-ea01-4943-a172-d3daed4eb0f8.jpg,444,407,0.010770702501645756,False,False,"[407, 486, 408, 427, 369]"
val/08581_Plantae_Tracheophyta_Magnoliopsida_Lamiales_Orobanchaceae_Castilleja_miniata/ed56e1b4-f900-408f-b131-8f05048d50cc.jpg,444,498,0.011345044136827858,False,False,"[498, 329, 446, 396, 222]"
val/08627_Plantae_Tracheophyta_Magnoliopsida_Lamiales_Phrymaceae_Erythranthe_guttata/7e027a48-6b04-40c1-bf18-efdaaf1c6579.jpg,445,488,0.010758884885017967,False,False,"[488, 303, 24, 77, 42]"
val/08627_Plantae_Tracheophyta_Magnoliopsida_Lamiales_Phrymaceae_Erythranthe_guttata/9830d174-4d4e-49c3-9916-0904ad35a1f2.jpg,445,337,0.020952792646409518,False,False,"[337, 491, 289, 146, 358]"
val/08627_Plantae_Tracheophyta_Magnoliopsida_Lamiales_Phrymaceae_Erythranthe_guttata/a235ff5e-3fce-4666-b4c3-4a4b78b257e9.jpg,445,354,0.012956697498388675,False,False,"[354, 10, 380, 374, 300]"
val/08627_Plantae_Tracheophyta_Magnoliopsida_Lamiales_Phrymaceae_Erythranthe_guttata/a3302e0a-59e0-4a80-bc82-543c6c4002c8.jpg,445,299,0.013018161211374023,False,False,"[299, 491, 453, 420, 372]"
val/08627_Plantae_Tracheophyta_Magnoliopsida_Lamiales_Phrymaceae_Erythranthe_guttata/a529bdb6-ab37-496f-96ec-88ba57da1764.jpg,445,407,0.010794047261195223,False,False,"[407, 308, 484, 467, 68]"
val/08627_Plantae_Tracheophyta_Magnoliopsida_Lamiales_Phrymaceae_Erythranthe_guttata/ac23e639-89be-41b5-82ef-17cd3556f975.jpg,445,354,0.015908852122479025,False,False,"[354, 492, 77, 289, 360]"
val/08627_Plantae_Tracheophyta_Magnoliopsida_Lamiales_Phrymaceae_Erythranthe_guttata/b8b56133-d70b-4f23-974f-409c7988261b.jpg,445,487,0.009481649395576604,False,False,"[487, 374, 310, 380, 420]"
val/08627_Plantae_Tracheophyta_Magnoliopsida_Lamiales_Phrymaceae_Erythranthe_guttata/ca757bce-e173-4fe8-88b8-225a9d90ca71.jpg,445,297,0.01050664982339003,False,False,"[297, 457, 454, 428, 436]"
val/08627_Plantae_Tracheophyta_Magnoliopsida_Lamiales_Phrymaceae_Erythranthe_guttata/db24fbde-0975-4816-aab8-3d080d651990.jpg,445,456,0.01193925749643173,False,False,"[456, 391, 105, 280, 450]"
val/08627_Plantae_Tracheophyta_Magnoliopsida_Lamiales_Phrymaceae_Erythranthe_guttata/e206ec02-d90f-4f18-a51c-75573730daae.jpg,445,307,0.012012477205556591,False,False,"[307, 345, 455, 481, 460]"
val/08683_Plantae_Tracheophyta_Magnoliopsida_Lamiales_Plantaginaceae_Plantago_virginica/27a3cebd-8e5e-4308-8932-9f76e61647ca.jpg,446,327,0.01155751235647543,False,False,"[327, 426, 314, 165, 462]"
val/08683_Plantae_Tracheophyta_Magnoliopsida_Lamiales_Plantaginaceae_Plantago_virginica/458652f7-acac-4f68-a1b1-f13b2f3a9968.jpg,446,327,0.01325753059592142,False,False,"[327, 306, 311, 453, 195]"
val/08683_Plantae_Tracheophyta_Magnoliopsida_Lamiales_Plantaginaceae_Plantago_virginica/48bd16a8-c0d5-4536-a3f3-d56f14f4fadf.jpg,446,439,0.016714218629033484,False,False,"[439, 381, 486, 365, 305]"
val/08683_Plantae_Tracheophyta_Magnoliopsida_Lamiales_Plantaginaceae_Plantago_virginica/5be92796-e0ba-47e5-a31a-8d2e79384173.jpg,446,318,0.01811793761160955,False,False,"[318, 306, 453, 467, 331]"
val/08683_Plantae_Tracheophyta_Magnoliopsida_Lamiales_Plantaginaceae_Plantago_virginica/7f976bd5-8a36-4f23-9c26-c78544bb0688.jpg,446,273,0.011578392309564646,False,False,"[273, 431, 443, 378, 370]"
val/08683_Plantae_Tracheophyta_Magnoliopsida_Lamiales_Plantaginaceae_Plantago_virginica/8543c2a9-29c5-4a6b-bfa9-e9148d031430.jpg,446,314,0.010928271909341057,False,False,"[314, 313, 491, 387, 309]"
val/08683_Plantae_Tracheophyta_Magnoliopsida_Lamiales_Plantaginaceae_Plantago_virginica/c153756f-02be-4452-9be7-ca0792ee9b46.jpg,446,418,0.009741626660542724,False,False,"[418, 273, 355, 445, 155]"
val/08683_Plantae_Tracheophyta_Magnoliopsida_Lamiales_Plantaginaceae_Plantago_virginica/cc7d1d8b-2e77-4afe-bf63-f14db45f45e9.jpg,446,36,0.010074697986885215,False,False,"[36, 357, 277, 390, 336]"
val/08683_Plantae_Tracheophyta_Magnoliopsida_Lamiales_Plantaginaceae_Plantago_virginica/dfdecb68-8dfa-4be0-987e-07b4754306e1.jpg,446,242,0.027157064239162157,False,False,"[242, 334, 309, 453, 314]"
val/08683_Plantae_Tracheophyta_Magnoliopsida_Lamiales_Plantaginaceae_Plantago_virginica/e661b989-c5e4-46cf-855c-3c921217667d.jpg,446,334,0.06046733591909137,False,False,"[334, 329, 164, 197, 120]"
val/08694_Plantae_Tracheophyta_Magnoliopsida_Lamiales_Plantaginaceae_Veronica_hederifolia/3ee43082-a062-4f29-a6ff-b0304a117229.jpg,447,331,0.02182123014070163,False,False,"[331, 392, 37, 307, 373]"
val/08694_Plantae_Tracheophyta_Magnoliopsida_Lamiales_Plantaginaceae_Veronica_hederifolia/4e45ac00-3a01-4550-bdea-dab2e0693def.jpg,447,153,0.01617020380258019,False,False,"[153, 364, 18, 281, 73]"
val/08694_Plantae_Tracheophyta_Magnoliopsida_Lamiales_Plantaginaceae_Veronica_hederifolia/614441ba-9c1c-452d-8cb7-7e4836ebdb98.jpg,447,289,0.01749968030363115,False,False,"[289, 308, 292, 79, 15]"
val/08694_Plantae_Tracheophyta_Magnoliopsida_Lamiales_Plantaginaceae_Veronica_hederifolia/689edc3e-4bbe-4330-bfad-8aa4cfe9c02c.jpg,447,445,0.015868036686357907,False,False,"[445, 345, 132, 297, 457]"
val/08694_Plantae_Tracheophyta_Magnoliopsida_Lamiales_Plantaginaceae_Veronica_hederifolia/7b2b2f00-1d67-4b9a-820b-5c788cc01351.jpg,447,120,0.015159322913512066,False,False,"[120, 316, 490, 147, 24]"
val/08694_Plantae_Tracheophyta_Magnoliopsida_Lamiales_Plantaginaceae_Veronica_hederifolia/a047e917-8711-46fb-98cc-1259c7ae5864.jpg,447,464,0.016120896898874006,False,False,"[464, 289, 361, 357, 29]"
val/08694_Plantae_Tracheophyta_Magnoliopsida_Lamiales_Plantaginaceae_Veronica_hederifolia/c59efd66-2942-41f1-b8d4-cbd101ea72da.jpg,447,78,0.00924624120859123,False,False,"[78, 426, 68, 312, 386]"
val/08694_Plantae_Tracheophyta_Magnoliopsida_Lamiales_Plantaginaceae_Veronica_hederifolia/cd21b698-1a10-4592-b0ef-6f84cf118774.jpg,447,308,0.010925767412308217,False,False,"[308, 345, 130, 48, 27]"
val/08694_Plantae_Tracheophyta_Magnoliopsida_Lamiales_Plantaginaceae_Veronica_hederifolia/cd42a48c-67ac-4715-83ef-1c635b62bcbd.jpg,447,289,0.013068683226986637,False,False,"[289, 410, 488, 375, 379]"
val/08694_Plantae_Tracheophyta_Magnoliopsida_Lamiales_Plantaginaceae_Veronica_hederifolia/dc4f2326-89cc-4904-93ee-842a5553d0d8.jpg,447,337,0.0169268620993305,False,False,"[337, 474, 465, 344, 308]"
val/08705_Plantae_Tracheophyta_Magnoliopsida_Lamiales_Plantaginaceae_Veronica_teucrium/11566273-f52c-4586-baa2-aac5ac094274.jpg,448,402,0.012829535295923589,False,False,"[402, 382, 455, 430, 317]"
val/08705_Plantae_Tracheophyta_Magnoliopsida_Lamiales_Plantaginaceae_Veronica_teucrium/1e1910ef-6969-4d7d-be1a-7b2aa4dc08bb.jpg,448,493,0.016251087436641637,False,False,"[493, 408, 452, 410, 362]"
val/08705_Plantae_Tracheophyta_Magnoliopsida_Lamiales_Plantaginaceae_Veronica_teucrium/4fb675ac-91fe-4f55-9c13-bf3b91fe4316.jpg,448,455,0.02318229312902121,False,False,"[455, 208, 401, 439, 352]"
val/08705_Plantae_Tracheophyta_Magnoliopsida_Lamiales_Plantaginaceae_Veronica_teucrium/69fc97e8-839a-4ed2-b124-8a6fd1a0c096.jpg,448,354,0.012367373666036071,False,False,"[354, 427, 435, 100, 323]"
val/08705_Plantae_Tracheophyta_Magnoliopsida_Lamiales_Plantaginaceae_Veronica_teucrium/70d61a08-f58c-4615-925e-5d0b1cfc6627.jpg,448,346,0.017628502836082194,False,False,"[346, 489, 401, 381, 344]"
val/08705_Plantae_Tracheophyta_Magnoliopsida_Lamiales_Plantaginaceae_Veronica_teucrium/93e7b154-648e-4a8a-bdd9-1479caf6146a.jpg,448,199,0.021695362819650846,False,False,"[199, 480, 251, 336, 443]"
val/08705_Plantae_Tracheophyta_Magnoliopsida_Lamiales_Plantaginaceae_Veronica_teucrium/9844cc9c-75b5-45f6-9993-87de1a67bbe8.jpg,448,412,0.017341863843894655,False,False,"[412, 306, 495, 424, 204]"
val/08705_Plantae_Tracheophyta_Magnoliopsida_Lamiales_Plantaginaceae_Veronica_teucrium/9ae93d29-3b0e-4c14-b5b2-4843980b76e2.jpg,448,101,0.01237889581774356,False,False,"[101, 374, 353, 363, 396]"
val/08705_Plantae_Tracheophyta_Magnoliopsida_Lamiales_Plantaginaceae_Veronica_teucrium/bde301dd-6c35-4c06-af28-444675176899.jpg,448,318,0.011903250244584562,False,False,"[318, 419, 498, 100, 344]"
val/08705_Plantae_Tracheophyta_Magnoliopsida_Lamiales_Plantaginaceae_Veronica_teucrium/fd88fcf0-72c0-4007-8a52-ab0d565309e7.jpg,448,392,0.01594343731861711,False,False,"[392, 383, 439, 370, 498]"
val/08707_Plantae_Tracheophyta_Magnoliopsida_Lamiales_Plantaginaceae_Veronicastrum_virginicum/008a02bf-8278-4d1a-afd3-eac7d27cde7e.jpg,449,127,0.01583942843359521,False,False,"[127, 16, 131, 259, 77]"
val/08707_Plantae_Tracheophyta_Magnoliopsida_Lamiales_Plantaginaceae_Veronicastrum_virginicum/5487ac0e-873b-432b-8e55-7b5cf5325704.jpg,449,461,0.01030112571443811,False,False,"[461, 293, 494, 499, 317]"
val/08707_Plantae_Tracheophyta_Magnoliopsida_Lamiales_Plantaginaceae_Veronicastrum_virginicum/5837c10c-4abf-4e34-871a-40f0afb5b1a0.jpg,449,458,0.00877049766012557,False,False,"[458, 370, 327, 306, 434]"
val/08707_Plantae_Tracheophyta_Magnoliopsida_Lamiales_Plantaginaceae_Veronicastrum_virginicum/70756697-a4af-4f55-b502-a7a2228fb9f5.jpg,449,327,0.01055775357174535,False,False,"[327, 354, 69, 268, 245]"
val/08707_Plantae_Tracheophyta_Magnoliopsida_Lamiales_Plantaginaceae_Veronicastrum_virginicum/7aca3e74-be34-451d-9175-b135d51ae7f4.jpg,449,311,0.013218060664517273,False,False,"[311, 461, 463, 32, 306]"
val/08707_Plantae_Tracheophyta_Magnoliopsida_Lamiales_Plantaginaceae_Veronicastrum_virginicum/a7b88669-cab5-4dcb-880b-21d905ccc977.jpg,449,399,0.010596512896195004,False,False,"[399, 50, 223, 96, 144]"
val/08707_Plantae_Tracheophyta_Magnoliopsida_Lamiales_Plantaginaceae_Veronicastrum_virginicum/ac8df815-f38c-4e81-bdf4-7ca2ca5e8ce1.jpg,449,267,0.010149385144552948,False,False,"[267, 210, 428, 383, 422]"
val/08707_Plantae_Tracheophyta_Magnoliopsida_Lamiales_Plantaginaceae_Veronicastrum_virginicum/ae9c392d-a4a5-416e-b8a4-b29d954cc39f.jpg,449,22,0.014571231583473454,False,False,"[22, 314, 455, 453, 356]"
val/08707_Plantae_Tracheophyta_Magnoliopsida_Lamiales_Plantaginaceae_Veronicastrum_virginicum/c419937f-19cf-4f68-b2aa-0c651045461d.jpg,449,3,0.009377848481285023,False,False,"[3, 42, 251, 327, 329]"
val/08707_Plantae_Tracheophyta_Magnoliopsida_Lamiales_Plantaginaceae_Veronicastrum_virginicum/e065f9bd-32a8-4ec4-a6ea-0ed7c4fb9c55.jpg,449,356,0.01587597978820432,False,False,"[356, 402, 401, 440, 307]"
val/08719_Plantae_Tracheophyta_Magnoliopsida_Lamiales_Scrophulariaceae_Verbascum_virgatum/015c56c4-8fd6-4d90-b00b-b74e8c3e3e8c.jpg,450,231,0.009616989914130498,False,False,"[231, 85, 219, 229, 232]"
val/08719_Plantae_Tracheophyta_Magnoliopsida_Lamiales_Scrophulariaceae_Verbascum_virgatum/0adaf25b-0ac3-4c05-8193-a54c0616a5e0.jpg,450,169,0.0093214263510951,False,False,"[169, 345, 82, 0, 434]"
val/08719_Plantae_Tracheophyta_Magnoliopsida_Lamiales_Scrophulariaceae_Verbascum_virgatum/1d71b9ba-76b8-46c6-8ab8-8dc77b6a16cb.jpg,450,62,0.010530328486353543,False,False,"[62, 196, 11, 23, 271]"
val/08719_Plantae_Tracheophyta_Magnoliopsida_Lamiales_Scrophulariaceae_Verbascum_virgatum/262d0558-e908-4bfc-911a-c8a9bf0877d1.jpg,450,487,0.015591841653207872,False,False,"[487, 384, 230, 418, 490]"
val/08719_Plantae_Tracheophyta_Magnoliopsida_Lamiales_Scrophulariaceae_Verbascum_virgatum/2772b59a-28fa-462c-ac94-0eb03a6c449f.jpg,450,457,0.01062093362322361,False,True,"[457, 393, 450, 454, 354]"
val/08719_Plantae_Tracheophyta_Magnoliopsida_Lamiales_Scrophulariaceae_Verbascum_virgatum/2c52296e-604b-4630-a5d8-5cedceb17957.jpg,450,359,0.013943035092284072,False,False,"[359, 345, 393, 395, 8]"
val/08719_Plantae_Tracheophyta_Magnoliopsida_Lamiales_Scrophulariaceae_Verbascum_virgatum/499fe066-44a9-4954-85dc-b1052a9f2ba6.jpg,450,314,0.011025839514910258,False,False,"[314, 416, 393, 347, 354]"
val/08719_Plantae_Tracheophyta_Magnoliopsida_Lamiales_Scrophulariaceae_Verbascum_virgatum/5d173c46-c466-4ad2-bd0c-bcef34ab4d55.jpg,450,48,0.010853412540087797,False,False,"[48, 485, 376, 101, 198]"
val/08719_Plantae_Tracheophyta_Magnoliopsida_Lamiales_Scrophulariaceae_Verbascum_virgatum/5fe22ad4-a12d-4963-bded-62bb199836e7.jpg,450,392,0.010825593537318282,False,False,"[392, 305, 427, 377, 441]"
val/08719_Plantae_Tracheophyta_Magnoliopsida_Lamiales_Scrophulariaceae_Verbascum_virgatum/babffe36-1565-4be0-ad33-b4b34613c387.jpg,450,387,0.013659177769437526,False,False,"[387, 460, 374, 471, 293]"
val/08752_Plantae_Tracheophyta_Magnoliopsida_Laurales_Lauraceae_Persea_americana/01548d0e-d812-49c1-9b40-db27b0a0799f.jpg,451,313,0.011056312851131747,False,False,"[313, 333, 449, 341, 394]"
val/08752_Plantae_Tracheophyta_Magnoliopsida_Laurales_Lauraceae_Persea_americana/03466de1-3558-4e75-a69a-dbb85a02e8b4.jpg,451,403,0.010638687008664412,False,False,"[403, 407, 450, 402, 381]"
val/08752_Plantae_Tracheophyta_Magnoliopsida_Laurales_Lauraceae_Persea_americana/06073344-53f2-400a-8edc-38c91ca5eeff.jpg,451,86,0.01712826063583706,False,False,"[86, 319, 16, 63, 75]"
val/08752_Plantae_Tracheophyta_Magnoliopsida_Laurales_Lauraceae_Persea_americana/5acd4766-d3a2-4b41-9ba1-8b0679905d4c.jpg,451,488,0.010352095933895645,False,False,"[488, 19, 319, 177, 151]"
val/08752_Plantae_Tracheophyta_Magnoliopsida_Laurales_Lauraceae_Persea_americana/5dc97595-aad5-40ad-adc2-66d8b32c4d8a.jpg,451,461,0.010201221325688757,False,False,"[461, 312, 444, 494, 308]"
val/08752_Plantae_Tracheophyta_Magnoliopsida_Laurales_Lauraceae_Persea_americana/738b70ad-dc12-4f90-b093-64c575769872.jpg,451,207,0.01726991760265173,False,False,"[207, 306, 265, 240, 315]"
val/08752_Plantae_Tracheophyta_Magnoliopsida_Laurales_Lauraceae_Persea_americana/787f58c2-b474-437c-9620-e36988c59342.jpg,451,217,0.010043649851872222,False,False,"[217, 143, 215, 284, 28]"
val/08752_Plantae_Tracheophyta_Magnoliopsida_Laurales_Lauraceae_Persea_americana/982653bd-3399-4119-9f81-f8202abdc214.jpg,451,60,0.010677669146149947,False,False,"[60, 50, 64, 189, 49]"
val/08752_Plantae_Tracheophyta_Magnoliopsida_Laurales_Lauraceae_Persea_americana/a19f4c5d-a721-42d4-a92a-fa673b5c07e6.jpg,451,380,0.01285090245240886,False,False,"[380, 430, 360, 366, 402]"
val/08752_Plantae_Tracheophyta_Magnoliopsida_Laurales_Lauraceae_Persea_americana/f9a04204-0eff-4ae4-9708-54fb0c0b1dfd.jpg,451,210,0.003713784983841926,False,False,"[210, 335, 321, 167, 295]"
val/08768_Plantae_Tracheophyta_Magnoliopsida_Malpighiales_Euphorbiaceae_Cnidoscolus_stimulosus/115e5aeb-aa9f-4fc4-85d5-8452df58a1d1.jpg,452,482,0.012045149056632065,False,False,"[482, 290, 401, 314, 425]"
val/08768_Plantae_Tracheophyta_Magnoliopsida_Malpighiales_Euphorbiaceae_Cnidoscolus_stimulosus/16f408d4-c086-4901-adaf-4132362fba43.jpg,452,449,0.009075073093915956,False,False,"[449, 178, 144, 464, 291]"
val/08768_Plantae_Tracheophyta_Magnoliopsida_Malpighiales_Euphorbiaceae_Cnidoscolus_stimulosus/2c998826-dfa5-465a-b3a0-abfc7f767343.jpg,452,473,0.010269959228593396,False,False,"[473, 311, 407, 426, 195]"
val/08768_Plantae_Tracheophyta_Magnoliopsida_Malpighiales_Euphorbiaceae_Cnidoscolus_stimulosus/589a5625-0fdc-4324-b0d2-d4af76fbf5a5.jpg,452,37,0.017373249691506977,False,False,"[37, 102, 149, 421, 26]"
val/08768_Plantae_Tracheophyta_Magnoliopsida_Malpighiales_Euphorbiaceae_Cnidoscolus_stimulosus/68694f7a-fce1-44a5-82e9-e856b98d562d.jpg,452,204,0.014773693188374295,False,False,"[204, 455, 368, 362, 302]"
val/08768_Plantae_Tracheophyta_Magnoliopsida_Malpighiales_Euphorbiaceae_Cnidoscolus_stimulosus/84978bed-c4e7-4d68-83ed-cc5b6b4b2054.jpg,452,498,0.010135897437341338,False,False,"[498, 419, 356, 56, 390]"
val/08768_Plantae_Tracheophyta_Magnoliopsida_Malpighiales_Euphorbiaceae_Cnidoscolus_stimulosus/b8773055-dff8-4480-b8d1-a7c886359c6f.jpg,452,258,0.01591394008277076,False,False,"[258, 292, 407, 404, 450]"
val/08768_Plantae_Tracheophyta_Magnoliopsida_Malpighiales_Euphorbiaceae_Cnidoscolus_stimulosus/e99eb633-7a8c-4d06-a3fb-965deaa4dc7f.jpg,452,452,0.013401008407327903,True,True,"[452, 359, 290, 144, 351]"
val/08768_Plantae_Tracheophyta_Magnoliopsida_Malpighiales_Euphorbiaceae_Cnidoscolus_stimulosus/f5ffd971-a229-44cd-9704-9c74dc01db2a.jpg,452,366,0.009853691641910134,False,False,"[366, 370, 335, 411, 471]"
val/08768_Plantae_Tracheophyta_Magnoliopsida_Malpighiales_Euphorbiaceae_Cnidoscolus_stimulosus/f9389f87-2d61-48cf-af98-7cc4e4d79a10.jpg,452,484,0.009743170314106911,False,False,"[484, 477, 146, 152, 360]"
val/08787_Plantae_Tracheophyta_Magnoliopsida_Malpighiales_Euphorbiaceae_Euphorbia_cyparissias/0359cc98-4daa-48dd-8060-85e1f700ac95.jpg,453,15,0.015360787339545627,False,False,"[15, 10, 289, 387, 386]"
val/08787_Plantae_Tracheophyta_Magnoliopsida_Malpighiales_Euphorbiaceae_Euphorbia_cyparissias/10ef001c-9004-409f-9fbf-1fca66c9c147.jpg,453,404,0.010891513347118844,False,False,"[404, 387, 477, 342, 473]"
val/08787_Plantae_Tracheophyta_Magnoliopsida_Malpighiales_Euphorbiaceae_Euphorbia_cyparissias/2035808a-40ea-4e7a-be87-bbf01ee148de.jpg,453,402,0.012467351416237237,False,False,"[402, 408, 421, 36, 313]"
val/08787_Plantae_Tracheophyta_Magnoliopsida_Malpighiales_Euphorbiaceae_Euphorbia_cyparissias/28f38ba8-f86e-427e-8832-aa05faf7864f.jpg,453,398,0.009482017836470449,False,False,"[398, 200, 414, 108, 15]"
val/08787_Plantae_Tracheophyta_Magnoliopsida_Malpighiales_Euphorbiaceae_Euphorbia_cyparissias/4044faa8-91e9-4128-bca4-f595488c4405.jpg,453,373,0.010288863530486936,False,False,"[373, 479, 295, 487, 222]"
val/08787_Plantae_Tracheophyta_Magnoliopsida_Malpighiales_Euphorbiaceae_Euphorbia_cyparissias/7cb88453-30f8-47a5-a84a-b4bf65db261e.jpg,453,488,0.016850833899809393,False,False,"[488, 407, 297, 347, 387]"
val/08787_Plantae_Tracheophyta_Magnoliopsida_Malpighiales_Euphorbiaceae_Euphorbia_cyparissias/99e1d5e2-713f-4f60-a5b7-054f38f11c73.jpg,453,305,0.010819995362124156,False,False,"[305, 467, 388, 416, 328]"
val/08787_Plantae_Tracheophyta_Magnoliopsida_Malpighiales_Euphorbiaceae_Euphorbia_cyparissias/ac973b80-640c-4216-a02d-c237742e79c7.jpg,453,310,0.011433490417215432,False,False,"[310, 482, 464, 219, 178]"
val/08787_Plantae_Tracheophyta_Magnoliopsida_Malpighiales_Euphorbiaceae_Euphorbia_cyparissias/bf64754d-7a24-4d4f-b0ea-51ce7712ae73.jpg,453,363,0.01507312802562872,False,False,"[363, 310, 295, 393, 325]"
val/08787_Plantae_Tracheophyta_Magnoliopsida_Malpighiales_Euphorbiaceae_Euphorbia_cyparissias/c532ce4a-3050-48e0-9182-8d8c6f22e6d0.jpg,453,314,0.011181724052739999,False,False,"[314, 496, 164, 316, 492]"
val/08842_Plantae_Tracheophyta_Magnoliopsida_Malpighiales_Passifloraceae_Passiflora_caerulea/3517a7a2-a24b-43d7-877c-f682ab7a6b79.jpg,454,455,0.016539097545475234,False,False,"[455, 405, 461, 300, 326]"
val/08842_Plantae_Tracheophyta_Magnoliopsida_Malpighiales_Passifloraceae_Passiflora_caerulea/42bf3fc2-28fa-4e15-a457-047c55182ffd.jpg,454,479,0.00931726021144307,False,False,"[479, 305, 312, 288, 346]"
val/08842_Plantae_Tracheophyta_Magnoliopsida_Malpighiales_Passifloraceae_Passiflora_caerulea/4c073669-734b-4d89-bcec-62071b882c89.jpg,454,314,0.012852844027503888,False,False,"[314, 295, 267, 389, 233]"
val/08842_Plantae_Tracheophyta_Magnoliopsida_Malpighiales_Passifloraceae_Passiflora_caerulea/5e27de37-739f-4dc6-8af1-d72770bd183d.jpg,454,323,0.010275497317274434,False,True,"[323, 454, 449, 387, 300]"
val/08842_Plantae_Tracheophyta_Magnoliopsida_Malpighiales_Passifloraceae_Passiflora_caerulea/6a8c41fe-67a4-45e6-b15f-34884350859b.jpg,454,457,0.010754159986816624,False,False,"[457, 297, 108, 404, 494]"
val/08842_Plantae_Tracheophyta_Magnoliopsida_Malpighiales_Passifloraceae_Passiflora_caerulea/94092406-9a6e-4cf4-a78a-e2bb6b252419.jpg,454,320,0.009654671148950066,False,False,"[320, 364, 255, 103, 352]"
val/08842_Plantae_Tracheophyta_Magnoliopsida_Malpighiales_Passifloraceae_Passiflora_caerulea/a8fcedc2-ea4d-46de-8370-bc499fde6e16.jpg,454,398,0.009484589322041416,False,False,"[398, 457, 433, 286, 103]"
val/08842_Plantae_Tracheophyta_Magnoliopsida_Malpighiales_Passifloraceae_Passiflora_caerulea/b0242b88-0bdd-4e7a-9480-d92629fc2d5c.jpg,454,453,0.011254569047974318,False,False,"[453, 387, 305, 469, 475]"
val/08842_Plantae_Tracheophyta_Magnoliopsida_Malpighiales_Passifloraceae_Passiflora_caerulea/cf9f916d-d716-4c0f-aa09-ebaa4868a83c.jpg,454,299,0.010599756240584275,False,False,"[299, 251, 272, 293, 297]"
val/08842_Plantae_Tracheophyta_Magnoliopsida_Malpighiales_Passifloraceae_Passiflora_caerulea/eb714f6f-af9e-46d5-95c0-a82cec3b512e.jpg,454,364,0.02297994908554631,False,False,"[364, 229, 32, 436, 145]"
val/08882_Plantae_Tracheophyta_Magnoliopsida_Malpighiales_Violaceae_Melicytus_alpinus/3b7be997-4cf7-4f98-830d-ff7b00892402.jpg,455,342,0.010681103736077087,False,False,"[342, 328, 69, 341, 448]"
val/08882_Plantae_Tracheophyta_Magnoliopsida_Malpighiales_Violaceae_Melicytus_alpinus/588182ec-dbd3-4115-9fa4-1f9f86209fe5.jpg,455,317,0.010004515008719283,False,False,"[317, 374, 394, 470, 329]"
val/08882_Plantae_Tracheophyta_Magnoliopsida_Malpighiales_Violaceae_Melicytus_alpinus/6fc3ff02-8587-486d-9b3f-15f1a0ccb21e.jpg,455,372,0.02320840072476881,False,False,"[372, 306, 333, 410, 10]"
val/08882_Plantae_Tracheophyta_Magnoliopsida_Malpighiales_Violaceae_Melicytus_alpinus/789c86d1-500c-42c7-813a-fc8600c5154e.jpg,455,244,0.014422311932884234,False,True,"[244, 455, 305, 311, 306]"
val/08882_Plantae_Tracheophyta_Magnoliopsida_Malpighiales_Violaceae_Melicytus_alpinus/7aa378eb-fddb-43ec-ae59-e8f025d112da.jpg,455,207,0.01036221798274565,False,False,"[207, 410, 468, 79, 21]"
val/08882_Plantae_Tracheophyta_Magnoliopsida_Malpighiales_Violaceae_Melicytus_alpinus/987a3e89-fb33-4073-a7ce-9d3a2469d19c.jpg,455,93,0.015203506387868429,False,False,"[93, 315, 476, 452, 364]"
val/08882_Plantae_Tracheophyta_Magnoliopsida_Malpighiales_Violaceae_Melicytus_alpinus/b25c3899-17f5-4a2a-80f6-bf7492859aaa.jpg,455,382,0.01375903206722479,False,False,"[382, 418, 495, 470, 356]"
val/08882_Plantae_Tracheophyta_Magnoliopsida_Malpighiales_Violaceae_Melicytus_alpinus/dae02a06-5ece-4c98-88e7-d79959bb264f.jpg,455,433,0.017388967715886595,False,False,"[433, 306, 467, 453, 401]"
val/08882_Plantae_Tracheophyta_Magnoliopsida_Malpighiales_Violaceae_Melicytus_alpinus/e8bf6bc6-5856-4c60-b718-bb93481acbfd.jpg,455,489,0.011933425857217565,False,False,"[489, 341, 491, 429, 298]"
val/08882_Plantae_Tracheophyta_Magnoliopsida_Malpighiales_Violaceae_Melicytus_alpinus/e94bbc12-3308-4fde-ac8b-779e5b46e656.jpg,455,299,0.009845571774343509,False,False,"[299, 440, 301, 69, 496]"
val/08898_Plantae_Tracheophyta_Magnoliopsida_Malpighiales_Violaceae_Viola_mirabilis/0eea2c25-cf37-4fa0-9cd1-e73b0f0b9760.jpg,456,130,0.009224826617822274,False,False,"[130, 410, 493, 169, 480]"
val/08898_Plantae_Tracheophyta_Magnoliopsida_Malpighiales_Violaceae_Viola_mirabilis/14b26aab-a58b-4bbb-b8ed-27221c95b06f.jpg,456,486,0.015672442585015666,False,False,"[486, 343, 391, 100, 144]"
val/08898_Plantae_Tracheophyta_Magnoliopsida_Malpighiales_Violaceae_Viola_mirabilis/4d3af9ab-d111-478d-9b34-aa72875bde24.jpg,456,499,0.010126711088188245,False,False,"[499, 464, 301, 496, 72]"
val/08898_Plantae_Tracheophyta_Magnoliopsida_Malpighiales_Violaceae_Viola_mirabilis/5340a725-7eca-4dbd-a072-03d59f50921c.jpg,456,360,0.01233629627443519,False,False,"[360, 308, 469, 304, 481]"
val/08898_Plantae_Tracheophyta_Magnoliopsida_Malpighiales_Violaceae_Viola_mirabilis/8fd0f2cc-8351-4113-ba2b-a1fcc56b9e29.jpg,456,488,0.012060532530322361,False,False,"[488, 308, 10, 464, 415]"
val/08898_Plantae_Tracheophyta_Magnoliopsida_Malpighiales_Violaceae_Viola_mirabilis/b5ed360c-db13-46ef-939f-dca683c358c5.jpg,456,82,0.009809700898437104,False,False,"[82, 222, 57, 394, 81]"
val/08898_Plantae_Tracheophyta_Magnoliopsida_Malpighiales_Violaceae_Viola_mirabilis/b6d57c86-c821-47b1-b096-1c1e1a36c558.jpg,456,391,0.009889374954562423,False,False,"[391, 434, 288, 453, 174]"
val/08898_Plantae_Tracheophyta_Magnoliopsida_Malpighiales_Violaceae_Viola_mirabilis/cb5c12ec-ea97-48e3-8e30-8f4825886a50.jpg,456,170,0.018187399095755116,False,False,"[170, 426, 256, 368, 198]"
val/08898_Plantae_Tracheophyta_Magnoliopsida_Malpighiales_Violaceae_Viola_mirabilis/da60dc82-8067-45d8-a820-036c861281d7.jpg,456,109,0.00888195819556558,False,False,"[109, 42, 105, 432, 19]"
val/08898_Plantae_Tracheophyta_Magnoliopsida_Malpighiales_Violaceae_Viola_mirabilis/dc75de90-5128-47fe-93b6-2be63f750050.jpg,456,170,0.009092073065491325,False,False,"[170, 103, 384, 81, 154]"
val/08924_Plantae_Tracheophyta_Magnoliopsida_Malvales_Cistaceae_Cistus_salviifolius/18b84477-3f77-4175-bc27-af3b5d552702.jpg,457,17,0.009070604576460476,False,False,"[17, 142, 57, 62, 97]"
val/08924_Plantae_Tracheophyta_Magnoliopsida_Malvales_Cistaceae_Cistus_salviifolius/1d42ed54-a3fc-4a64-a05e-07346580f201.jpg,457,307,0.012547707409571122,False,False,"[307, 440, 490, 68, 78]"
val/08924_Plantae_Tracheophyta_Magnoliopsida_Malvales_Cistaceae_Cistus_salviifolius/35245a9b-dccd-4b74-938e-81b1faadd7f9.jpg,457,381,0.016859151463514733,False,False,"[381, 442, 190, 103, 10]"
val/08924_Plantae_Tracheophyta_Magnoliopsida_Malvales_Cistaceae_Cistus_salviifolius/539628f2-e11b-4c94-b8c2-3a6b2432e35e.jpg,457,379,0.010033277878178393,False,False,"[379, 499, 390, 299, 147]"
val/08924_Plantae_Tracheophyta_Magnoliopsida_Malvales_Cistaceae_Cistus_salviifolius/58e109a4-00ca-406d-af49-c198764161f8.jpg,457,10,0.015600919175838236,False,False,"[10, 379, 468, 347, 269]"
val/08924_Plantae_Tracheophyta_Magnoliopsida_Malvales_Cistaceae_Cistus_salviifolius/6b6173d6-6aeb-402f-9ee4-ca21309f5034.jpg,457,436,0.010674731537573675,False,False,"[436, 362, 430, 442, 264]"
val/08924_Plantae_Tracheophyta_Magnoliopsida_Malvales_Cistaceae_Cistus_salviifolius/7f0680f4-f6e6-4e09-a98e-c7cb4566775b.jpg,457,282,0.01598900380105268,False,True,"[282, 457, 10, 398, 297]"
val/08924_Plantae_Tracheophyta_Magnoliopsida_Malvales_Cistaceae_Cistus_salviifolius/969ccb6f-248b-4ca2-991d-60cfd299070b.jpg,457,488,0.010969255053931098,False,False,"[488, 454, 474, 458, 389]"
val/08924_Plantae_Tracheophyta_Magnoliopsida_Malvales_Cistaceae_Cistus_salviifolius/d15ac241-4f44-4fe8-b099-c8bddda2ec9a.jpg,457,457,0.011371270916053366,True,True,"[457, 360, 495, 491, 344]"
val/08924_Plantae_Tracheophyta_Magnoliopsida_Malvales_Cistaceae_Cistus_salviifolius/e557a210-9380-4b3a-a253-a14620af4446.jpg,457,389,0.014851818712938135,False,False,"[389, 97, 386, 280, 445]"
val/08950_Plantae_Tracheophyta_Magnoliopsida_Malvales_Malvaceae_Hibiscus_trionum/40fa18bb-8aa2-464b-b643-d398cd5c9662.jpg,458,32,0.00910651238068348,False,False,"[32, 352, 273, 421, 128]"
val/08950_Plantae_Tracheophyta_Magnoliopsida_Malvales_Malvaceae_Hibiscus_trionum/728179f8-d381-4299-923a-862b1fb17357.jpg,458,489,0.012554851317955942,False,False,"[489, 353, 371, 256, 261]"
val/08950_Plantae_Tracheophyta_Magnoliopsida_Malvales_Malvaceae_Hibiscus_trionum/9271a08b-722b-4253-aa79-fe7bec462ec4.jpg,458,384,0.009251176032292458,False,False,"[384, 56, 59, 119, 323]"
val/08950_Plantae_Tracheophyta_Magnoliopsida_Malvales_Malvaceae_Hibiscus_trionum/9b53e7b9-812b-4e0a-8802-8a2b755fa363.jpg,458,456,0.010139360366502677,False,False,"[456, 468, 488, 437, 442]"
val/08950_Plantae_Tracheophyta_Magnoliopsida_Malvales_Malvaceae_Hibiscus_trionum/9ea7b23e-d01c-4c68-87e7-5ddc7f724ae6.jpg,458,109,0.019608531196800574,False,False,"[109, 462, 143, 56, 13]"
val/08950_Plantae_Tracheophyta_Magnoliopsida_Malvales_Malvaceae_Hibiscus_trionum/a3432d9a-6505-4d2f-8443-e5ef06d5e3dc.jpg,458,210,0.009588693424003933,False,False,"[210, 225, 294, 464, 295]"
val/08950_Plantae_Tracheophyta_Magnoliopsida_Malvales_Malvaceae_Hibiscus_trionum/ae64a430-c821-4aeb-801a-dc523ae0ca8b.jpg,458,358,0.010350165328280092,False,False,"[358, 488, 344, 455, 349]"
val/08950_Plantae_Tracheophyta_Magnoliopsida_Malvales_Malvaceae_Hibiscus_trionum/c8712a2e-77f2-4c5e-b8f2-e7ffec81d4be.jpg,458,461,0.01735051818033854,False,False,"[461, 490, 306, 418, 449]"
val/08950_Plantae_Tracheophyta_Magnoliopsida_Malvales_Malvaceae_Hibiscus_trionum/ccc47d1b-3498-4ead-aed2-2b588f584170.jpg,458,477,0.010411211363981519,False,False,"[477, 367, 499, 238, 168]"
val/08950_Plantae_Tracheophyta_Magnoliopsida_Malvales_Malvaceae_Hibiscus_trionum/f5bf5d08-b6fb-41df-ba48-3ca2f7dd7d65.jpg,458,409,0.009421378778231647,False,False,"[409, 156, 132, 433, 68]"
val/08971_Plantae_Tracheophyta_Magnoliopsida_Malvales_Malvaceae_Plagianthus_regius/135041ae-55c1-4022-ad08-4e4d5126d026.jpg,459,187,0.016027386127294648,False,False,"[187, 229, 16, 114, 169]"
val/08971_Plantae_Tracheophyta_Magnoliopsida_Malvales_Malvaceae_Plagianthus_regius/4257ce51-7df8-46ba-b7dd-821890e8f3ba.jpg,459,418,0.015944583279278418,False,False,"[418, 403, 362, 460, 352]"
val/08971_Plantae_Tracheophyta_Magnoliopsida_Malvales_Malvaceae_Plagianthus_regius/9fd3d2af-7543-49f0-a986-5b8038cbd2f0.jpg,459,430,0.0226840286430562,False,False,"[430, 382, 374, 381, 410]"
val/08971_Plantae_Tracheophyta_Magnoliopsida_Malvales_Malvaceae_Plagianthus_regius/a0aecb42-3e34-4437-b3d5-3af7a84619a1.jpg,459,417,0.010149754339659178,False,False,"[417, 479, 350, 347, 420]"
val/08971_Plantae_Tracheophyta_Magnoliopsida_Malvales_Malvaceae_Plagianthus_regius/bdf0ab76-ca3f-45d2-9ada-267d0851e6e6.jpg,459,326,0.015290197382860936,False,False,"[326, 364, 39, 288, 74]"
val/08971_Plantae_Tracheophyta_Magnoliopsida_Malvales_Malvaceae_Plagianthus_regius/c04b3096-db52-465b-81c3-a683e15cb94b.jpg,459,435,0.023454714311768064,False,False,"[435, 360, 397, 380, 401]"
val/08971_Plantae_Tracheophyta_Magnoliopsida_Malvales_Malvaceae_Plagianthus_regius/e34ea4cd-7e6f-47f5-9f90-ed57aa81acd3.jpg,459,143,0.010286897922422019,False,False,"[143, 124, 59, 415, 284]"
val/08971_Plantae_Tracheophyta_Magnoliopsida_Malvales_Malvaceae_Plagianthus_regius/f99dcdcf-2cd7-4321-9e56-17bc53811934.jpg,459,455,0.011466084920670114,False,False,"[455, 354, 438, 424, 37]"
val/08971_Plantae_Tracheophyta_Magnoliopsida_Malvales_Malvaceae_Plagianthus_regius/febefc44-5a91-49a1-b7ac-5debd64e5562.jpg,459,370,0.010145606325005028,False,False,"[370, 374, 103, 407, 464]"
val/08971_Plantae_Tracheophyta_Magnoliopsida_Malvales_Malvaceae_Plagianthus_regius/ff288e66-0f2b-4e67-94e2-22b7373865b6.jpg,459,457,0.01040704202389665,False,False,"[457, 369, 497, 339, 323]"
val/09014_Plantae_Tracheophyta_Magnoliopsida_Myrtales_Myrtaceae_Lophomyrtus_bullata/3bd20803-f5d4-45fd-a6b2-29a53b0f26ea.jpg,460,342,0.01663227781429563,False,False,"[342, 432, 427, 475, 402]"
val/09014_Plantae_Tracheophyta_Magnoliopsida_Myrtales_Myrtaceae_Lophomyrtus_bullata/8b9efd87-a4be-4491-8dfb-ffe2514fccc1.jpg,460,310,0.015310998455247207,False,False,"[310, 455, 495, 461, 407]"
val/09014_Plantae_Tracheophyta_Magnoliopsida_Myrtales_Myrtaceae_Lophomyrtus_bullata/9772bcce-dba0-4413-985b-533060d22944.jpg,460,278,0.015668150519624526,False,False,"[278, 465, 474, 112, 449]"
val/09014_Plantae_Tracheophyta_Magnoliopsida_Myrtales_Myrtaceae_Lophomyrtus_bullata/a311ed5b-56b8-4925-bcea-f2f1c68ee93c.jpg,460,343,0.010460580334562352,False,False,"[343, 389, 250, 270, 232]"
val/09014_Plantae_Tracheophyta_Magnoliopsida_Myrtales_Myrtaceae_Lophomyrtus_bullata/ca1361be-1ec8-4607-bd0c-2c94974e3580.jpg,460,94,0.013889624833654773,False,False,"[94, 429, 489, 476, 280]"
val/09014_Plantae_Tracheophyta_Magnoliopsida_Myrtales_Myrtaceae_Lophomyrtus_bullata/cfb58dce-137c-4040-97ab-3d9250dba075.jpg,460,352,0.012456984238173164,False,False,"[352, 343, 387, 363, 467]"
val/09014_Plantae_Tracheophyta_Magnoliopsida_Myrtales_Myrtaceae_Lophomyrtus_bullata/d4d07396-6c4f-4ae3-8cd3-40a09261ea62.jpg,460,380,0.0164447350803329,False,False,"[380, 402, 453, 318, 367]"
val/09014_Plantae_Tracheophyta_Magnoliopsida_Myrtales_Myrtaceae_Lophomyrtus_bullata/de722ae7-44b0-4860-87c8-dc4ee5320a68.jpg,460,314,0.009736143472751277,False,False,"[314, 149, 6, 96, 86]"
val/09014_Plantae_Tracheophyta_Magnoliopsida_Myrtales_Myrtaceae_Lophomyrtus_bullata/f77c71f1-8285-47a3-b66a-00ec02466e5f.jpg,460,460,0.026108920036029208,True,True,"[460, 398, 299, 478, 411]"
val/09014_Plantae_Tracheophyta_Magnoliopsida_Myrtales_Myrtaceae_Lophomyrtus_bullata/f82df02c-ea12-4fe8-b715-8781a53e5228.jpg,460,398,0.01096021440302563,False,False,"[398, 298, 107, 337, 472]"
val/09075_Plantae_Tracheophyta_Magnoliopsida_Myrtales_Onagraceae_Taraxia_ovata/00d7bba4-fb0b-408d-acf4-a35a301b8319.jpg,461,364,0.016327787736354845,False,False,"[364, 137, 431, 313, 416]"
val/09075_Plantae_Tracheophyta_Magnoliopsida_Myrtales_Onagraceae_Taraxia_ovata/0a86fd34-4408-4f5e-b15b-2e105b70536f.jpg,461,491,0.01415876802246907,False,False,"[491, 487, 261, 493, 15]"
val/09075_Plantae_Tracheophyta_Magnoliopsida_Myrtales_Onagraceae_Taraxia_ovata/4a3603bf-0878-4e67-a0d9-72ce9b3c63b6.jpg,461,455,0.02520353352297324,False,False,"[455, 306, 314, 233, 434]"
val/09075_Plantae_Tracheophyta_Magnoliopsida_Myrtales_Onagraceae_Taraxia_ovata/759fa5cb-934d-4147-a6b1-9496ae9f87ad.jpg,461,256,0.010095174251701318,False,False,"[256, 297, 387, 369, 325]"
val/09075_Plantae_Tracheophyta_Magnoliopsida_Myrtales_Onagraceae_Taraxia_ovata/9bb2aaa2-81c4-48dd-87d4-d8236e274576.jpg,461,303,0.009314282633849485,False,False,"[303, 330, 439, 452, 476]"
val/09075_Plantae_Tracheophyta_Magnoliopsida_Myrtales_Onagraceae_Taraxia_ovata/a80a1080-387e-49bd-ad74-ebd9c6f5bffc.jpg,461,318,0.011891418893384255,False,False,"[318, 306, 331, 332, 404]"
val/09075_Plantae_Tracheophyta_Magnoliopsida_Myrtales_Onagraceae_Taraxia_ovata/b49f91af-448c-4e05-843b-64e17c632dfd.jpg,461,347,0.01607850226356948,False,False,"[347, 324, 332, 256, 290]"
val/09075_Plantae_Tracheophyta_Magnoliopsida_Myrtales_Onagraceae_Taraxia_ovata/ba030c8a-5ac7-486a-ba3d-ed8d9a7b4aa2.jpg,461,446,0.013765629601920513,False,False,"[446, 369, 305, 467, 455]"
val/09075_Plantae_Tracheophyta_Magnoliopsida_Myrtales_Onagraceae_Taraxia_ovata/bc872744-db31-49b5-b71b-a677c08e4d80.jpg,461,354,0.01718176271461405,False,True,"[354, 255, 346, 461, 353]"
val/09075_Plantae_Tracheophyta_Magnoliopsida_Myrtales_Onagraceae_Taraxia_ovata/e2fae363-7a7f-443b-8249-7e2328cb9792.jpg,461,306,0.009733233539060814,False,False,"[306, 273, 207, 418, 66]"
val/09077_Plantae_Tracheophyta_Magnoliopsida_Myrtales_Penaeaceae_Saltera_sarcocolla/08d04166-3f83-4b6d-a63a-776615389642.jpg,462,354,0.012248744210507817,False,False,"[354, 387, 475, 352, 289]"
val/09077_Plantae_Tracheophyta_Magnoliopsida_Myrtales_Penaeaceae_Saltera_sarcocolla/26cf3168-0e80-418b-b3b0-7ef1213cbc58.jpg,462,216,0.021536539323402777,False,False,"[216, 496, 304, 329, 242]"
val/09077_Plantae_Tracheophyta_Magnoliopsida_Myrtales_Penaeaceae_Saltera_sarcocolla/306d3efd-6303-47d0-a3b5-9d151777ef32.jpg,462,399,0.00999351415165803,False,False,"[399, 386, 475, 427, 410]"
val/09077_Plantae_Tracheophyta_Magnoliopsida_Myrtales_Penaeaceae_Saltera_sarcocolla/40234f5e-09be-4706-87f6-888cdc489ef7.jpg,462,369,0.010376935014206168,False,False,"[369, 352, 321, 384, 359]"
val/09077_Plantae_Tracheophyta_Magnoliopsida_Myrtales_Penaeaceae_Saltera_sarcocolla/84c13852-780b-477a-ba95-a5bb61032483.jpg,462,305,0.012570494677592836,False,False,"[305, 453, 472, 343, 387]"
val/09077_Plantae_Tracheophyta_Magnoliopsida_Myrtales_Penaeaceae_Saltera_sarcocolla/92f39efe-5480-4b10-b30d-4b8cf02ec2c2.jpg,462,407,0.015492600494417154,False,False,"[407, 404, 448, 394, 364]"
val/09077_Plantae_Tracheophyta_Magnoliopsida_Myrtales_Penaeaceae_Saltera_sarcocolla/b58020cc-f74b-4099-b9d8-1e0b7481e08c.jpg,462,467,0.016210526884681192,False,False,"[467, 353, 431, 396, 351]"
val/09077_Plantae_Tracheophyta_Magnoliopsida_Myrtales_Penaeaceae_Saltera_sarcocolla/ce8f4b84-8890-40f1-86da-108286c8c9ae.jpg,462,313,0.009149226730656962,False,False,"[313, 340, 331, 294, 440]"
val/09077_Plantae_Tracheophyta_Magnoliopsida_Myrtales_Penaeaceae_Saltera_sarcocolla/e09895cc-55be-4391-9031-0540c6d7683a.jpg,462,272,0.014930111558111605,False,False,"[272, 60, 283, 280, 24]"
val/09077_Plantae_Tracheophyta_Magnoliopsida_Myrtales_Penaeaceae_Saltera_sarcocolla/f8cef903-8724-4aaf-ab05-c605530ddce0.jpg,462,405,0.01847173004762968,False,False,"[405, 217, 427, 360, 386]"
val/09090_Plantae_Tracheophyta_Magnoliopsida_Oxalidales_Elaeocarpaceae_Elaeocarpus_hookerianus/223716a4-b20c-4598-87ff-376b3430e240.jpg,463,353,0.012677074245177498,False,False,"[353, 311, 318, 438, 388]"
val/09090_Plantae_Tracheophyta_Magnoliopsida_Oxalidales_Elaeocarpaceae_Elaeocarpus_hookerianus/4c13f588-9ef5-4d29-8b59-e413d8051f59.jpg,463,367,0.0166869903989471,False,False,"[367, 489, 305, 353, 352]"
val/09090_Plantae_Tracheophyta_Magnoliopsida_Oxalidales_Elaeocarpaceae_Elaeocarpus_hookerianus/68209a88-f5c8-4d11-96f0-5ebc77d7cbd0.jpg,463,273,0.009281979980655407,False,False,"[273, 375, 217, 292, 289]"
val/09090_Plantae_Tracheophyta_Magnoliopsida_Oxalidales_Elaeocarpaceae_Elaeocarpus_hookerianus/6ea6f05c-8107-4983-9958-20b76b1d2b17.jpg,463,263,0.009162506279731277,False,False,"[263, 60, 193, 63, 299]"
val/09090_Plantae_Tracheophyta_Magnoliopsida_Oxalidales_Elaeocarpaceae_Elaeocarpus_hookerianus/7da3f044-8e53-40e9-9e7b-4bf5b4bb8bae.jpg,463,479,0.009466393996091043,False,False,"[479, 404, 435, 490, 389]"
val/09090_Plantae_Tracheophyta_Magnoliopsida_Oxalidales_Elaeocarpaceae_Elaeocarpus_hookerianus/89e6e1b8-fb73-4e28-9a60-d88a09505b8e.jpg,463,411,0.009323639068772442,False,False,"[411, 179, 391, 200, 94]"
val/09090_Plantae_Tracheophyta_Magnoliopsida_Oxalidales_Elaeocarpaceae_Elaeocarpus_hookerianus/9b2fa642-f5e8-4357-ace4-2bcd9edfa678.jpg,463,168,0.014144287190762042,False,False,"[168, 95, 206, 288, 395]"
val/09090_Plantae_Tracheophyta_Magnoliopsida_Oxalidales_Elaeocarpaceae_Elaeocarpus_hookerianus/d861f1f5-792e-4859-af51-339c38a00612.jpg,463,346,0.01300867390325672,False,False,"[346, 307, 362, 404, 207]"
val/09090_Plantae_Tracheophyta_Magnoliopsida_Oxalidales_Elaeocarpaceae_Elaeocarpus_hookerianus/ef194ae9-f781-419b-b747-a364434dbc80.jpg,463,255,0.009636806619119814,False,False,"[255, 32, 152, 259, 271]"
val/09090_Plantae_Tracheophyta_Magnoliopsida_Oxalidales_Elaeocarpaceae_Elaeocarpus_hookerianus/f348ec88-6f70-416f-beb9-555027fb40fb.jpg,463,441,0.009390092922551186,False,False,"[441, 450, 254, 307, 222]"
val/09113_Plantae_Tracheophyta_Magnoliopsida_Piperales_Aristolochiaceae_Endodeca_serpentaria/09bffafc-0b11-4228-9a2c-024016b210a3.jpg,464,97,0.011983322297011928,False,False,"[97, 58, 55, 414, 29]"
val/09113_Plantae_Tracheophyta_Magnoliopsida_Piperales_Aristolochiaceae_Endodeca_serpentaria/0e727fda-bc85-476d-adb9-d5a8292b64f1.jpg,464,325,0.009398673726695488,False,False,"[325, 381, 322, 451, 294]"
val/09113_Plantae_Tracheophyta_Magnoliopsida_Piperales_Aristolochiaceae_Endodeca_serpentaria/3cad0f26-b507-4f54-ae64-819ee82b53ef.jpg,464,106,0.009813951392528343,False,False,"[106, 112, 451, 340, 180]"
val/09113_Plantae_Tracheophyta_Magnoliopsida_Piperales_Aristolochiaceae_Endodeca_serpentaria/67776c3d-0fa1-4d95-b769-4a3d5b381824.jpg,464,115,0.015367889238588974,False,False,"[115, 289, 154, 263, 213]"
val/09113_Plantae_Tracheophyta_Magnoliopsida_Piperales_Aristolochiaceae_Endodeca_serpentaria/6a000e09-876b-42aa-8c15-3db245e39c34.jpg,464,345,0.009772637286249414,False,False,"[345, 298, 275, 230, 470]"
val/09113_Plantae_Tracheophyta_Magnoliopsida_Piperales_Aristolochiaceae_Endodeca_serpentaria/a99ee645-0a03-4b37-b537-7f8ed10092c2.jpg,464,67,0.008894253962030682,False,False,"[67, 492, 75, 453, 328]"
val/09113_Plantae_Tracheophyta_Magnoliopsida_Piperales_Aristolochiaceae_Endodeca_serpentaria/ad00eade-038f-4df2-89d6-ce35d9afb1ca.jpg,464,410,0.012202877233894849,False,False,"[410, 289, 411, 377, 460]"
val/09113_Plantae_Tracheophyta_Magnoliopsida_Piperales_Aristolochiaceae_Endodeca_serpentaria/c6744497-7396-4af4-8193-8894f62ab788.jpg,464,333,0.009511925497355382,False,False,"[333, 50, 322, 389, 232]"
val/09113_Plantae_Tracheophyta_Magnoliopsida_Piperales_Aristolochiaceae_Endodeca_serpentaria/c7ac8b0f-3be0-4f17-9b98-860d2aab5c05.jpg,464,404,0.010318341609802389,False,False,"[404, 446, 425, 431, 194]"
val/09113_Plantae_Tracheophyta_Magnoliopsida_Piperales_Aristolochiaceae_Endodeca_serpentaria/f5fb675f-6829-406f-a710-231217794411.jpg,464,432,0.009650510658111731,False,False,"[432, 384, 104, 387, 22]"
val/09117_Plantae_Tracheophyta_Magnoliopsida_Piperales_Saururaceae_Houttuynia_cordata/0bae5464-43a3-4344-ac46-f3fda5a0d5a4.jpg,465,46,0.015850270543718636,False,False,"[46, 386, 228, 17, 58]"
val/09117_Plantae_Tracheophyta_Magnoliopsida_Piperales_Saururaceae_Houttuynia_cordata/0fdad49d-451a-44af-9c4d-be3a9f34f09d.jpg,465,409,0.009550237503855278,False,False,"[409, 19, 487, 42, 282]"
val/09117_Plantae_Tracheophyta_Magnoliopsida_Piperales_Saururaceae_Houttuynia_cordata/5eb2e218-1a71-40b5-83cb-e90c77a790f4.jpg,465,430,0.016170500425365844,False,False,"[430, 419, 410, 401, 378]"
val/09117_Plantae_Tracheophyta_Magnoliopsida_Piperales_Saururaceae_Houttuynia_cordata/7ce36a69-3b24-403b-9d47-211ce8a58fbe.jpg,465,308,0.011293788278194336,False,False,"[308, 486, 379, 456, 222]"
val/09117_Plantae_Tracheophyta_Magnoliopsida_Piperales_Saururaceae_Houttuynia_cordata/b314d8b9-d9be-4700-bdeb-9efc2e59453e.jpg,465,294,0.011093568693384225,False,False,"[294, 456, 325, 292, 340]"
val/09117_Plantae_Tracheophyta_Magnoliopsida_Piperales_Saururaceae_Houttuynia_cordata/bd7d4169-4751-46a4-ac24-948754c3465c.jpg,465,145,0.009678657958647356,False,False,"[145, 10, 354, 490, 471]"
val/09117_Plantae_Tracheophyta_Magnoliopsida_Piperales_Saururaceae_Houttuynia_cordata/d12d8725-3a90-4725-80f1-068c10dc996d.jpg,465,118,0.009386896288174284,False,False,"[118, 186, 303, 458, 81]"
val/09117_Plantae_Tracheophyta_Magnoliopsida_Piperales_Saururaceae_Houttuynia_cordata/e5743589-0743-4343-8836-1b7bbf110c1a.jpg,465,337,0.03042858233572121,False,False,"[337, 117, 484, 15, 439]"
val/09117_Plantae_Tracheophyta_Magnoliopsida_Piperales_Saururaceae_Houttuynia_cordata/f15f3410-3216-4aac-97aa-44c04c96ab21.jpg,465,17,0.021167300734703767,False,False,"[17, 399, 150, 376, 341]"
val/09117_Plantae_Tracheophyta_Magnoliopsida_Piperales_Saururaceae_Houttuynia_cordata/fd122dec-96dc-4280-98fa-a6a304f48742.jpg,465,460,0.01008546005988588,False,False,"[460, 474, 433, 389, 259]"
val/09170_Plantae_Tracheophyta_Magnoliopsida_Ranunculales_Papaveraceae_Dicentra_canadensis/1ac1b4fc-bc2f-4bdf-80c9-55cda5aa3ce7.jpg,466,295,0.010555811744473646,False,False,"[295, 442, 340, 344, 309]"
val/09170_Plantae_Tracheophyta_Magnoliopsida_Ranunculales_Papaveraceae_Dicentra_canadensis/1b28c285-053d-463f-866d-4da88bd8c1d2.jpg,466,390,0.010174695499874955,False,False,"[390, 338, 445, 189, 297]"
val/09170_Plantae_Tracheophyta_Magnoliopsida_Ranunculales_Papaveraceae_Dicentra_canadensis/515a4e88-5df8-48b5-8a78-a2d81f6c2381.jpg,466,268,0.009422237541522775,False,False,"[268, 322, 199, 405, 338]"
val/09170_Plantae_Tracheophyta_Magnoliopsida_Ranunculales_Papaveraceae_Dicentra_canadensis/5b995692-5895-4732-92b2-915e46550762.jpg,466,206,0.008749362068290337,False,False,"[206, 473, 365, 295, 375]"
val/09170_Plantae_Tracheophyta_Magnoliopsida_Ranunculales_Papaveraceae_Dicentra_canadensis/5c67edb7-2c66-49ab-a4f8-423413afdd6e.jpg,466,407,0.010429409498789299,False,False,"[407, 470, 358, 379, 311]"
val/09170_Plantae_Tracheophyta_Magnoliopsida_Ranunculales_Papaveraceae_Dicentra_canadensis/abe6d4c5-b984-44ff-ac71-bbde91ff6612.jpg,466,386,0.015429088341144889,False,False,"[386, 393, 410, 465, 278]"
val/09170_Plantae_Tracheophyta_Magnoliopsida_Ranunculales_Papaveraceae_Dicentra_canadensis/b8cf0ae7-61a8-42b4-9b3c-c6c83145880c.jpg,466,78,0.009738412532378076,False,False,"[78, 95, 58, 76, 378]"
val/09170_Plantae_Tracheophyta_Magnoliopsida_Ranunculales_Papaveraceae_Dicentra_canadensis/cedc2c94-c165-4e7e-b24e-695b2c0fe58c.jpg,466,24,0.0107321043265381,False,False,"[24, 212, 115, 345, 199]"
val/09170_Plantae_Tracheophyta_Magnoliopsida_Ranunculales_Papaveraceae_Dicentra_canadensis/df540835-b806-4cdc-ad55-0981d4960bdb.jpg,466,390,0.01722630054039593,False,False,"[390, 370, 410, 460, 15]"
val/09170_Plantae_Tracheophyta_Magnoliopsida_Ranunculales_Papaveraceae_Dicentra_canadensis/f4a713da-849c-4b0b-a0bd-a48c37b1bbde.jpg,466,254,0.01514548459376775,False,False,"[254, 377, 470, 316, 290]"
val/09180_Plantae_Tracheophyta_Magnoliopsida_Ranunculales_Papaveraceae_Fumaria_officinalis/1cd01551-8789-4eae-b258-2c3b51b9f4fa.jpg,467,380,0.010490148842116215,False,False,"[380, 20, 131, 6, 419]"
val/09180_Plantae_Tracheophyta_Magnoliopsida_Ranunculales_Papaveraceae_Fumaria_officinalis/2c22849c-83ec-490e-af74-3d2ed2f8952d.jpg,467,443,0.009700782325043645,False,False,"[443, 490, 39, 365, 401]"
val/09180_Plantae_Tracheophyta_Magnoliopsida_Ranunculales_Papaveraceae_Fumaria_officinalis/35176c4b-dd6e-4a52-bfdd-b63f52e76f3b.jpg,467,467,0.011934246506271791,True,True,"[467, 418, 363, 444, 306]"
val/09180_Plantae_Tracheophyta_Magnoliopsida_Ranunculales_Papaveraceae_Fumaria_officinalis/710b9ffe-174c-474f-b04a-2a362673ab57.jpg,467,306,0.011975568372433496,False,False,"[306, 314, 353, 305, 476]"
val/09180_Plantae_Tracheophyta_Magnoliopsida_Ranunculales_Papaveraceae_Fumaria_officinalis/a64ac30b-08cf-4c20-9e7e-0ca0238a5569.jpg,467,467,0.01840404629476159,True,True,"[467, 440, 373, 336, 382]"
val/09180_Plantae_Tracheophyta_Magnoliopsida_Ranunculales_Papaveraceae_Fumaria_officinalis/aab2624e-6237-45bb-b2fc-5010a8486d4f.jpg,467,353,0.024386576790363882,False,True,"[353, 311, 467, 491, 333]"
val/09180_Plantae_Tracheophyta_Magnoliopsida_Ranunculales_Papaveraceae_Fumaria_officinalis/b3a7c142-5986-4426-8e09-80d8bd25c292.jpg,467,339,0.015824770584764093,False,False,"[339, 405, 404, 429, 351]"
val/09180_Plantae_Tracheophyta_Magnoliopsida_Ranunculales_Papaveraceae_Fumaria_officinalis/dd681812-6737-4f99-be3d-be2511951683.jpg,467,373,0.02264008494991133,False,False,"[373, 485, 488, 344, 101]"
val/09180_Plantae_Tracheophyta_Magnoliopsida_Ranunculales_Papaveraceae_Fumaria_officinalis/e0f56732-0461-44a5-aac2-326aa13c9dcc.jpg,467,426,0.017212609068864185,False,False,"[426, 327, 476, 324, 368]"
val/09180_Plantae_Tracheophyta_Magnoliopsida_Ranunculales_Papaveraceae_Fumaria_officinalis/fd7b95c7-15dc-432a-a3b4-820a30b0a895.jpg,467,37,0.01189406798663028,False,False,"[37, 489, 367, 372, 422]"
val/09198_Plantae_Tracheophyta_Magnoliopsida_Ranunculales_Ranunculaceae_Actaea_pachypoda/0477d627-8039-4cc2-ba35-0d8e26cd57ae.jpg,468,358,0.015549748292450684,False,False,"[358, 308, 399, 380, 490]"
val/09198_Plantae_Tracheophyta_Magnoliopsida_Ranunculales_Ranunculaceae_Actaea_pachypoda/1319af76-e1c8-491f-ade0-4f0640f72522.jpg,468,186,0.009842822269639699,False,False,"[186, 236, 75, 190, 22]"
val/09198_Plantae_Tracheophyta_Magnoliopsida_Ranunculales_Ranunculaceae_Actaea_pachypoda/1fbd63e3-960d-4967-9a43-727817e0562e.jpg,468,301,0.0097977209293078,False,False,"[301, 288, 419, 286, 294]"
val/09198_Plantae_Tracheophyta_Magnoliopsida_Ranunculales_Ranunculaceae_Actaea_pachypoda/27fc0160-0d36-4ae9-882f-e1d7f93cf463.jpg,468,337,0.011412212904693885,False,False,"[337, 36, 369, 410, 289]"
val/09198_Plantae_Tracheophyta_Magnoliopsida_Ranunculales_Ranunculaceae_Actaea_pachypoda/3f53ea32-3bf1-41e0-91b3-4eb220a42cec.jpg,468,68,0.016658108517848838,False,False,"[68, 152, 393, 8, 442]"
val/09198_Plantae_Tracheophyta_Magnoliopsida_Ranunculales_Ranunculaceae_Actaea_pachypoda/7189666d-ce15-4485-8ef2-2a676da76161.jpg,468,369,0.01065040273991584,False,False,"[369, 386, 223, 250, 316]"
val/09198_Plantae_Tracheophyta_Magnoliopsida_Ranunculales_Ranunculaceae_Actaea_pachypoda/a1f5b1cf-a9b3-40c1-8d52-573d04ffbee0.jpg,468,460,0.015438102608044069,False,False,"[460, 106, 67, 405, 287]"
val/09198_Plantae_Tracheophyta_Magnoliopsida_Ranunculales_Ranunculaceae_Actaea_pachypoda/b5697a00-80a7-4869-ac4b-0f88b798cdbe.jpg,468,97,0.04993808374231786,False,False,"[97, 282, 457, 477, 116]"
val/09198_Plantae_Tracheophyta_Magnoliopsida_Ranunculales_Ranunculaceae_Actaea_pachypoda/cb6ae648-6947-4977-ab62-b84826568c80.jpg,468,49,0.01848074948421694,False,False,"[49, 1, 53, 140, 328]"
val/09198_Plantae_Tracheophyta_Magnoliopsida_Ranunculales_Ranunculaceae_Actaea_pachypoda/f2308d11-18b5-43aa-8273-a54fb0f0db06.jpg,468,308,0.01809348434521162,False,False,"[308, 370, 460, 399, 479]"
val/09215_Plantae_Tracheophyta_Magnoliopsida_Ranunculales_Ranunculaceae_Aquilegia_atrata/2aa174c1-272e-4d48-90ad-f9a0ad5a09de.jpg,469,404,0.01681852430881791,False,False,"[404, 17, 337, 449, 305]"
val/09215_Plantae_Tracheophyta_Magnoliopsida_Ranunculales_Ranunculaceae_Aquilegia_atrata/591c224a-fbb9-4efc-b1fb-57fd5947055c.jpg,469,295,0.009608136772133272,False,False,"[295, 411, 417, 332, 341]"
val/09215_Plantae_Tracheophyta_Magnoliopsida_Ranunculales_Ranunculaceae_Aquilegia_atrata/718666f5-579e-48a8-b685-60889ba79086.jpg,469,367,0.01508712209467813,False,False,"[367, 257, 314, 476, 455]"
val/09215_Plantae_Tracheophyta_Magnoliopsida_Ranunculales_Ranunculaceae_Aquilegia_atrata/93bff285-f02c-4da1-8ce9-9d2fb059d1fb.jpg,469,399,0.009855694432189477,False,False,"[399, 316, 331, 343, 256]"
val/09215_Plantae_Tracheophyta_Magnoliopsida_Ranunculales_Ranunculaceae_Aquilegia_atrata/96355077-5f65-47b1-ac32-89bad956f805.jpg,469,332,0.01572197973891978,False,False,"[332, 490, 488, 470, 481]"
val/09215_Plantae_Tracheophyta_Magnoliopsida_Ranunculales_Ranunculaceae_Aquilegia_atrata/b8e19606-f4d6-429b-8a11-ba74dd919c26.jpg,469,167,0.009329288654470325,False,False,"[167, 488, 321, 112, 286]"
val/09215_Plantae_Tracheophyta_Magnoliopsida_Ranunculales_Ranunculaceae_Aquilegia_atrata/cc5ce54e-a063-42a2-b274-a752416d043b.jpg,469,82,0.014864024008103997,False,False,"[82, 325, 33, 133, 259]"
val/09215_Plantae_Tracheophyta_Magnoliopsida_Ranunculales_Ranunculaceae_Aquilegia_atrata/d93478c1-7b19-4797-885e-d4ee2e9b54b0.jpg,469,459,0.01654250614678587,False,False,"[459, 332, 405, 364, 427]"
val/09215_Plantae_Tracheophyta_Magnoliopsida_Ranunculales_Ranunculaceae_Aquilegia_atrata/e0d6b736-c81d-46ff-a4da-e214b7c4fc16.jpg,469,295,0.011677930811611975,False,False,"[295, 350, 474, 12, 297]"
val/09215_Plantae_Tracheophyta_Magnoliopsida_Ranunculales_Ranunculaceae_Aquilegia_atrata/e6bb736a-e224-45e5-b1f5-ec1ec3a3c9f0.jpg,469,431,0.010233703211240064,False,False,"[431, 343, 308, 105, 247]"
val/09221_Plantae_Tracheophyta_Magnoliopsida_Ranunculales_Ranunculaceae_Aquilegia_vulgaris/255394eb-a208-4faa-88f8-4419fcf96408.jpg,470,460,0.01023462311201033,False,False,"[460, 452, 397, 450, 455]"
val/09221_Plantae_Tracheophyta_Magnoliopsida_Ranunculales_Ranunculaceae_Aquilegia_vulgaris/2e8185e6-8be2-40f4-8937-8fca7d315d2f.jpg,470,98,0.009337195433797298,False,False,"[98, 400, 145, 468, 329]"
val/09221_Plantae_Tracheophyta_Magnoliopsida_Ranunculales_Ranunculaceae_Aquilegia_vulgaris/7a248363-4453-4c55-8196-8c996b8f3371.jpg,470,422,0.010099299757267305,False,False,"[422, 417, 207, 440, 19]"
val/09221_Plantae_Tracheophyta_Magnoliopsida_Ranunculales_Ranunculaceae_Aquilegia_vulgaris/8ff71a7a-4e63-4d57-ba41-f921ecac8968.jpg,470,424,0.010776236764487575,False,False,"[424, 219, 246, 387, 313]"
val/09221_Plantae_Tracheophyta_Magnoliopsida_Ranunculales_Ranunculaceae_Aquilegia_vulgaris/997fc1a1-1e98-4d26-a29a-40fa0f6288d5.jpg,470,287,0.009585243755116065,False,False,"[287, 95, 167, 32, 193]"
val/09221_Plantae_Tracheophyta_Magnoliopsida_Ranunculales_Ranunculaceae_Aquilegia_vulgaris/9d2225a7-b206-4c88-ac50-56e5459451d5.jpg,470,375,0.009121915876565438,False,False,"[375, 393, 93, 311, 21]"
val/09221_Plantae_Tracheophyta_Magnoliopsida_Ranunculales_Ranunculaceae_Aquilegia_vulgaris/d2ffcb1e-30a6-4be5-b781-cbc27e06893c.jpg,470,37,0.011322253891243977,False,False,"[37, 440, 378, 417, 336]"
val/09221_Plantae_Tracheophyta_Magnoliopsida_Ranunculales_Ranunculaceae_Aquilegia_vulgaris/d5d77196-408b-4548-9e99-b75dbcccfc8b.jpg,470,159,0.00908044862523899,False,False,"[159, 32, 21, 242, 391]"
val/09221_Plantae_Tracheophyta_Magnoliopsida_Ranunculales_Ranunculaceae_Aquilegia_vulgaris/df8b9c93-c85f-4ffa-85d8-84aa3e317aa5.jpg,470,405,0.012270262273077674,False,False,"[405, 346, 380, 401, 403]"
val/09221_Plantae_Tracheophyta_Magnoliopsida_Ranunculales_Ranunculaceae_Aquilegia_vulgaris/e1f86296-0e5b-4f9c-93d1-e72155796ed6.jpg,470,274,0.009238415052545561,False,False,"[274, 384, 345, 246, 393]"
val/09234_Plantae_Tracheophyta_Magnoliopsida_Ranunculales_Ranunculaceae_Clematis_texensis/0e2ad8cd-62cb-4395-bb2c-21ccab643c8c.jpg,471,97,0.03349549164107375,False,False,"[97, 457, 282, 297, 474]"
val/09234_Plantae_Tracheophyta_Magnoliopsida_Ranunculales_Ranunculaceae_Clematis_texensis/25168da6-ba6c-48dc-9d6f-33daf203aaf2.jpg,471,428,0.009363047157118791,False,False,"[428, 432, 490, 106, 77]"
val/09234_Plantae_Tracheophyta_Magnoliopsida_Ranunculales_Ranunculaceae_Clematis_texensis/2750848d-5fd3-46ce-bcee-a6c5aab14dc6.jpg,471,42,0.015445455016751864,False,False,"[42, 343, 119, 33, 45]"
val/09234_Plantae_Tracheophyta_Magnoliopsida_Ranunculales_Ranunculaceae_Clematis_texensis/37af737a-d76b-4c37-8e32-ebfbb3f6eed6.jpg,471,333,0.016066830306641168,False,False,"[333, 314, 498, 249, 95]"
val/09234_Plantae_Tracheophyta_Magnoliopsida_Ranunculales_Ranunculaceae_Clematis_texensis/8c6256b0-6464-493c-9557-e2715f8e233f.jpg,471,404,0.010350453951252876,False,False,"[404, 287, 399, 15, 486]"
val/09234_Plantae_Tracheophyta_Magnoliopsida_Ranunculales_Ranunculaceae_Clematis_texensis/9634cf7c-5239-4f8a-9a4d-9bd99f4b0f00.jpg,471,429,0.01838442880540101,False,False,"[429, 427, 392, 460, 379]"
val/09234_Plantae_Tracheophyta_Magnoliopsida_Ranunculales_Ranunculaceae_Clematis_texensis/b53aff13-7506-4801-948a-4be17d09a55e.jpg,471,262,0.014776635282332234,False,False,"[262, 327, 331, 429, 483]"
val/09234_Plantae_Tracheophyta_Magnoliopsida_Ranunculales_Ranunculaceae_Clematis_texensis/be24624d-b462-48f6-abbe-85c794e2362b.jpg,471,29,0.01556044876370066,False,False,"[29, 189, 39, 274, 5]"
val/09234_Plantae_Tracheophyta_Magnoliopsida_Ranunculales_Ranunculaceae_Clematis_texensis/c74e77b7-6253-4226-9a91-b92d70bb9afb.jpg,471,445,0.009324646702682616,False,False,"[445, 286, 306, 30, 105]"
val/09234_Plantae_Tracheophyta_Magnoliopsida_Ranunculales_Ranunculaceae_Clematis_texensis/e8033964-15ce-412b-a49f-a20ca4274c4d.jpg,471,376,0.01641698586097551,False,False,"[376, 378, 371, 149, 456]"
val/09241_Plantae_Tracheophyta_Magnoliopsida_Ranunculales_Ranunculaceae_Delphinium_glaucum/08ebd5dc-9fc5-49b7-b29d-17769bedabc5.jpg,472,419,0.01105227842862539,False,False,"[419, 305, 369, 306, 336]"
val/09241_Plantae_Tracheophyta_Magnoliopsida_Ranunculales_Ranunculaceae_Delphinium_glaucum/0c841677-9b3f-4d03-8ec3-d6361b44785b.jpg,472,37,0.014225913523105307,False,False,"[37, 459, 446, 309, 78]"
val/09241_Plantae_Tracheophyta_Magnoliopsida_Ranunculales_Ranunculaceae_Delphinium_glaucum/173e0ba6-3482-441b-a68c-c99f28cffe86.jpg,472,429,0.01354980606900209,False,False,"[429, 351, 381, 478, 222]"
val/09241_Plantae_Tracheophyta_Magnoliopsida_Ranunculales_Ranunculaceae_Delphinium_glaucum/3a583423-4202-48d8-98c5-3b600376facb.jpg,472,346,0.017755983003290232,False,False,"[346, 467, 360, 365, 417]"
val/09241_Plantae_Tracheophyta_Magnoliopsida_Ranunculales_Ranunculaceae_Delphinium_glaucum/412342f1-4d13-4cea-996b-3095c322a199.jpg,472,20,0.02149591870311154,False,False,"[20, 450, 33, 308, 354]"
val/09241_Plantae_Tracheophyta_Magnoliopsida_Ranunculales_Ranunculaceae_Delphinium_glaucum/6f73e77d-707f-4d01-8df5-6bbcada5832d.jpg,472,401,0.013223715718066856,False,False,"[401, 480, 475, 382, 435]"
val/09241_Plantae_Tracheophyta_Magnoliopsida_Ranunculales_Ranunculaceae_Delphinium_glaucum/900fed3a-34e6-42cc-a83f-45520d99fe71.jpg,472,491,0.00966463278916485,False,False,"[491, 464, 489, 330, 474]"
val/09241_Plantae_Tracheophyta_Magnoliopsida_Ranunculales_Ranunculaceae_Delphinium_glaucum/a62f1412-4755-4478-8eb3-23ea575dd564.jpg,472,381,0.016785054944307175,False,False,"[381, 317, 431, 477, 308]"
val/09241_Plantae_Tracheophyta_Magnoliopsida_Ranunculales_Ranunculaceae_Delphinium_glaucum/e75e456c-edfb-4fc2-821d-2c695c2c3329.jpg,472,221,0.009667535544297376,False,False,"[221, 153, 27, 344, 120]"
val/09241_Plantae_Tracheophyta_Magnoliopsida_Ranunculales_Ranunculaceae_Delphinium_glaucum/efd554d6-7513-4d30-80cf-861c71b55d39.jpg,472,359,0.029818852811504263,False,False,"[359, 349, 376, 438, 346]"
val/09259_Plantae_Tracheophyta_Magnoliopsida_Ranunculales_Ranunculaceae_Ranunculus_abortivus/28cc5f62-84d0-4526-9ec3-4003d474d556.jpg,473,415,0.009948017475847948,False,False,"[415, 105, 284, 60, 447]"
val/09259_Plantae_Tracheophyta_Magnoliopsida_Ranunculales_Ranunculaceae_Ranunculus_abortivus/2fae1dcc-91ed-41eb-9044-2dc932b833a0.jpg,473,464,0.010008055318738752,False,False,"[464, 269, 446, 94, 359]"
val/09259_Plantae_Tracheophyta_Magnoliopsida_Ranunculales_Ranunculaceae_Ranunculus_abortivus/30ca47c1-ddad-4038-911b-7ea66a72b176.jpg,473,66,0.029813266934030233,False,False,"[66, 43, 142, 274, 42]"
val/09259_Plantae_Tracheophyta_Magnoliopsida_Ranunculales_Ranunculaceae_Ranunculus_abortivus/569e55a5-9d85-4059-90d1-c6051d7c4367.jpg,473,327,0.012876861258991202,False,False,"[327, 306, 426, 434, 372]"
val/09259_Plantae_Tracheophyta_Magnoliopsida_Ranunculales_Ranunculaceae_Ranunculus_abortivus/7357f010-b220-4338-a953-e36a607c8e15.jpg,473,471,0.009579741345898021,False,False,"[471, 386, 428, 154, 274]"
val/09259_Plantae_Tracheophyta_Magnoliopsida_Ranunculales_Ranunculaceae_Ranunculus_abortivus/8d98f8d8-cba3-48b3-ba5b-04113ada9569.jpg,473,406,0.014261186554374354,False,False,"[406, 313, 467, 306, 474]"
val/09259_Plantae_Tracheophyta_Magnoliopsida_Ranunculales_Ranunculaceae_Ranunculus_abortivus/94597752-3b1b-4289-898e-a1fd43f5a860.jpg,473,195,0.0220499309164699,False,False,"[195, 147, 161, 168, 193]"
val/09259_Plantae_Tracheophyta_Magnoliopsida_Ranunculales_Ranunculaceae_Ranunculus_abortivus/a7fb6076-a55a-4f3c-aeac-4ff19220b7fe.jpg,473,491,0.012813653043320355,False,False,"[491, 353, 352, 397, 429]"
val/09259_Plantae_Tracheophyta_Magnoliopsida_Ranunculales_Ranunculaceae_Ranunculus_abortivus/af526d84-c676-4e02-916a-e3f554db6529.jpg,473,480,0.011601285716406382,False,False,"[480, 393, 348, 367, 495]"
val/09259_Plantae_Tracheophyta_Magnoliopsida_Ranunculales_Ranunculaceae_Ranunculus_abortivus/c995e59a-9a89-4bdd-8764-20a77fd15afb.jpg,473,295,0.00999577098606583,False,False,"[295, 499, 32, 337, 434]"
val/09260_Plantae_Tracheophyta_Magnoliopsida_Ranunculales_Ranunculaceae_Ranunculus_acris/2688c955-7369-4092-9615-ee0ad54dc9db.jpg,474,475,0.015678507995373493,False,False,"[475, 372, 387, 457, 430]"
val/09260_Plantae_Tracheophyta_Magnoliopsida_Ranunculales_Ranunculaceae_Ranunculus_acris/3484bc1c-eb54-4ad6-9ef7-06c30a4cff40.jpg,474,346,0.02200138300359832,False,False,"[346, 368, 426, 81, 469]"
val/09260_Plantae_Tracheophyta_Magnoliopsida_Ranunculales_Ranunculaceae_Ranunculus_acris/8eabac8e-ca8c-4ba2-abff-05627cbe3633.jpg,474,492,0.02308862651760773,False,False,"[492, 311, 453, 318, 329]"
val/09260_Plantae_Tracheophyta_Magnoliopsida_Ranunculales_Ranunculaceae_Ranunculus_acris/90135e88-d99a-40cd-8788-1ac3b4471fc2.jpg,474,395,0.015925443368850076,False,False,"[395, 354, 215, 457, 297]"
val/09260_Plantae_Tracheophyta_Magnoliopsida_Ranunculales_Ranunculaceae_Ranunculus_acris/94ca476b-a363-4c76-8614-7a473171ddc6.jpg,474,163,0.014955824745694724,False,False,"[163, 11, 398, 32, 460]"
val/09260_Plantae_Tracheophyta_Magnoliopsida_Ranunculales_Ranunculaceae_Ranunculus_acris/ad13954e-1982-49f1-bd16-43b5eb5a395a.jpg,474,363,0.012131210607953469,False,False,"[363, 397, 68, 485, 38]"
val/09260_Plantae_Tracheophyta_Magnoliopsida_Ranunculales_Ranunculaceae_Ranunculus_acris/b9381160-2cac-4674-978b-bf59a6a8edbe.jpg,474,97,0.017642725709641083,False,False,"[97, 364, 356, 457, 282]"
val/09260_Plantae_Tracheophyta_Magnoliopsida_Ranunculales_Ranunculaceae_Ranunculus_acris/c4b8dc23-a3de-40f1-a00a-e9ed187e09ef.jpg,474,80,0.015185848374941396,False,False,"[80, 398, 452, 313, 450]"
val/09260_Plantae_Tracheophyta_Magnoliopsida_Ranunculales_Ranunculaceae_Ranunculus_acris/c7714fd7-a738-4b47-99d5-2eb29bcd8662.jpg,474,306,0.016301528136894405,False,False,"[306, 387, 324, 429, 452]"
val/09260_Plantae_Tracheophyta_Magnoliopsida_Ranunculales_Ranunculaceae_Ranunculus_acris/eed54ba4-01f6-4997-bca8-f05fa6d89533.jpg,474,368,0.015884761518901565,False,False,"[368, 476, 387, 303, 300]"
val/09261_Plantae_Tracheophyta_Magnoliopsida_Ranunculales_Ranunculaceae_Ranunculus_aquatilis/12543b95-c2c6-4b63-b7c5-a69af66720d7.jpg,475,91,0.009418327896230505,False,False,"[91, 297, 237, 345, 63]"
val/09261_Plantae_Tracheophyta_Magnoliopsida_Ranunculales_Ranunculaceae_Ranunculus_aquatilis/1b6c3824-6e02-4658-921a-a48d07c76d1a.jpg,475,1,0.009415436423468418,False,False,"[1, 14, 96, 92, 111]"
val/09261_Plantae_Tracheophyta_Magnoliopsida_Ranunculales_Ranunculaceae_Ranunculus_aquatilis/2d15a3a0-f861-4cee-81b5-91ad10d76e26.jpg,475,380,0.027077646285085962,False,True,"[380, 387, 477, 405, 475]"
val/09261_Plantae_Tracheophyta_Magnoliopsida_Ranunculales_Ranunculaceae_Ranunculus_aquatilis/30fddb8b-324a-49eb-8611-cb20863b7214.jpg,475,407,0.0394869695523644,False,False,"[407, 358, 460, 32, 300]"
val/09261_Plantae_Tracheophyta_Magnoliopsida_Ranunculales_Ranunculaceae_Ranunculus_aquatilis/736c34f9-16e4-4d48-8a2d-3dfd613e97cd.jpg,475,136,0.010738441935173872,False,False,"[136, 182, 176, 283, 274]"
val/09261_Plantae_Tracheophyta_Magnoliopsida_Ranunculales_Ranunculaceae_Ranunculus_aquatilis/9ce608e7-0b9a-4af1-817d-6c34395da0dc.jpg,475,387,0.009410599158681473,False,False,"[387, 383, 431, 200, 407]"
val/09261_Plantae_Tracheophyta_Magnoliopsida_Ranunculales_Ranunculaceae_Ranunculus_aquatilis/a8446693-6f37-4d1b-904a-75542ba9d9ff.jpg,475,329,0.009348264750988601,False,False,"[329, 474, 218, 222, 263]"
val/09261_Plantae_Tracheophyta_Magnoliopsida_Ranunculales_Ranunculaceae_Ranunculus_aquatilis/af45736f-246a-4b3e-a30a-feee28d0436e.jpg,475,146,0.02170598551044718,False,False,"[146, 321, 120, 138, 280]"
val/09261_Plantae_Tracheophyta_Magnoliopsida_Ranunculales_Ranunculaceae_Ranunculus_aquatilis/d41cd19a-ed4e-4c9c-800b-32b1e20a7b87.jpg,475,386,0.009379688765057978,False,False,"[386, 423, 104, 141, 33]"
val/09261_Plantae_Tracheophyta_Magnoliopsida_Ranunculales_Ranunculaceae_Ranunculus_aquatilis/f2b07502-e642-4ff8-a871-1ecddcc1b1fa.jpg,475,137,0.00924899296930666,False,False,"[137, 491, 250, 266, 370]"
val/09268_Plantae_Tracheophyta_Magnoliopsida_Ranunculales_Ranunculaceae_Ranunculus_glaberrimus/0030e6a3-1fda-4bfd-b32b-209c7118424d.jpg,476,327,0.012506729124700999,False,False,"[327, 449, 415, 204, 473]"
val/09268_Plantae_Tracheophyta_Magnoliopsida_Ranunculales_Ranunculaceae_Ranunculus_glaberrimus/1074103e-d588-4dad-98f0-2f2aa3b039e7.jpg,476,372,0.01531818451005315,False,False,"[372, 421, 290, 272, 455]"
val/09268_Plantae_Tracheophyta_Magnoliopsida_Ranunculales_Ranunculaceae_Ranunculus_glaberrimus/24a9440b-173e-45a7-a3d9-305a98f0efa1.jpg,476,443,0.016386383633982208,False,False,"[443, 496, 233, 256, 455]"
val/09268_Plantae_Tracheophyta_Magnoliopsida_Ranunculales_Ranunculaceae_Ranunculus_glaberrimus/57498966-f65e-4137-80b5-9b2c83e8f4b7.jpg,476,73,0.0175417542135208,False,False,"[73, 490, 82, 285, 17]"
val/09268_Plantae_Tracheophyta_Magnoliopsida_Ranunculales_Ranunculaceae_Ranunculus_glaberrimus/5c867609-f967-49fd-92a3-cc8c97ae0a05.jpg,476,333,0.009974838894038105,False,False,"[333, 495, 293, 361, 195]"
val/09268_Plantae_Tracheophyta_Magnoliopsida_Ranunculales_Ranunculaceae_Ranunculus_glaberrimus/5f307df4-ba52-4979-b524-33765b2912a9.jpg,476,329,0.020269373598498053,False,False,"[329, 199, 311, 271, 156]"
val/09268_Plantae_Tracheophyta_Magnoliopsida_Ranunculales_Ranunculaceae_Ranunculus_glaberrimus/62236da4-4e5c-4498-8c0c-a150a2afe341.jpg,476,333,0.013122837011266052,False,False,"[333, 453, 418, 306, 42]"
val/09268_Plantae_Tracheophyta_Magnoliopsida_Ranunculales_Ranunculaceae_Ranunculus_glaberrimus/78abc03f-60eb-48d7-bc40-f92ada44f08e.jpg,476,325,0.009774347403169481,False,False,"[325, 453, 399, 358, 455]"
val/09268_Plantae_Tracheophyta_Magnoliopsida_Ranunculales_Ranunculaceae_Ranunculus_glaberrimus/d745474f-9788-48ca-8100-0449686b8ad0.jpg,476,314,0.019289176856271184,False,False,"[314, 216, 394, 327, 334]"
val/09268_Plantae_Tracheophyta_Magnoliopsida_Ranunculales_Ranunculaceae_Ranunculus_glaberrimus/ed474ffc-7f7f-4970-aaeb-17fb26ed0697.jpg,476,476,0.012857334363257806,True,True,"[476, 313, 387, 458, 316]"
val/09276_Plantae_Tracheophyta_Magnoliopsida_Ranunculales_Ranunculaceae_Thalictrum_aquilegiifolium/21a47a4b-d6c9-4492-93a1-1b653c89cd17.jpg,477,383,0.009402358065808554,False,False,"[383, 206, 161, 20, 13]"
val/09276_Plantae_Tracheophyta_Magnoliopsida_Ranunculales_Ranunculaceae_Thalictrum_aquilegiifolium/318f9ecb-6cbb-4da7-8af5-44adaf8be897.jpg,477,287,0.01019990483038057,False,False,"[287, 321, 99, 371, 165]"
val/09276_Plantae_Tracheophyta_Magnoliopsida_Ranunculales_Ranunculaceae_Thalictrum_aquilegiifolium/4dac015d-f361-4e45-b0ad-0a1dc970e682.jpg,477,191,0.012363166839889814,False,False,"[191, 116, 160, 0, 281]"
val/09276_Plantae_Tracheophyta_Magnoliopsida_Ranunculales_Ranunculaceae_Thalictrum_aquilegiifolium/85e1fba8-aa60-48ee-91b5-2d39d7c09695.jpg,477,294,0.00951299366083162,False,False,"[294, 146, 391, 339, 475]"
val/09276_Plantae_Tracheophyta_Magnoliopsida_Ranunculales_Ranunculaceae_Thalictrum_aquilegiifolium/a330e0af-b434-426a-96e4-e3b68eba3cf4.jpg,477,487,0.015827754140736866,False,False,"[487, 380, 386, 387, 344]"
val/09276_Plantae_Tracheophyta_Magnoliopsida_Ranunculales_Ranunculaceae_Thalictrum_aquilegiifolium/ab1d9813-3fee-4b1a-8f26-c6102934c4a4.jpg,477,464,0.010776675769870726,False,False,"[464, 101, 335, 469, 424]"
val/09276_Plantae_Tracheophyta_Magnoliopsida_Ranunculales_Ranunculaceae_Thalictrum_aquilegiifolium/c61ae0d5-91dd-4db3-9042-4e2b929a4c77.jpg,477,60,0.015284132286503056,False,False,"[60, 286, 404, 445, 384]"
val/09276_Plantae_Tracheophyta_Magnoliopsida_Ranunculales_Ranunculaceae_Thalictrum_aquilegiifolium/dbe421fa-9a21-49d3-9976-601f710f14ee.jpg,477,445,0.010755319716898349,False,False,"[445, 364, 398, 308, 379]"
val/09276_Plantae_Tracheophyta_Magnoliopsida_Ranunculales_Ranunculaceae_Thalictrum_aquilegiifolium/f13ef2f2-3e86-4ed5-8c3e-387747cfd307.jpg,477,375,0.009587527885206086,False,False,"[375, 490, 439, 451, 494]"
val/09276_Plantae_Tracheophyta_Magnoliopsida_Ranunculales_Ranunculaceae_Thalictrum_aquilegiifolium/fa3fe511-1c10-4482-8b2e-3804e3944133.jpg,477,337,0.017312951202779293,False,False,"[337, 355, 307, 380, 479]"
val/09313_Plantae_Tracheophyta_Magnoliopsida_Rosales_Moraceae_Morus_alba/022d918b-8514-4e6e-a833-4f4a637703aa.jpg,478,358,0.01028445601466807,False,False,"[358, 381, 465, 344, 383]"
val/09313_Plantae_Tracheophyta_Magnoliopsida_Rosales_Moraceae_Morus_alba/0ceac342-f622-412b-8509-b7173e91fcda.jpg,478,393,0.010363924925240959,False,False,"[393, 480, 464, 292, 102]"
val/09313_Plantae_Tracheophyta_Magnoliopsida_Rosales_Moraceae_Morus_alba/26076894-43cf-478b-92aa-5997ffd8717e.jpg,478,360,0.012021817455442835,False,False,"[360, 489, 470, 396, 404]"
val/09313_Plantae_Tracheophyta_Magnoliopsida_Rosales_Moraceae_Morus_alba/46566232-5d0b-4959-a312-830979cdde02.jpg,478,240,0.009524115509213118,False,False,"[240, 230, 103, 29, 328]"
val/09313_Plantae_Tracheophyta_Magnoliopsida_Rosales_Moraceae_Morus_alba/77682e0a-4bc8-4ec5-91cd-f847efff7c40.jpg,478,306,0.01215294426194719,False,False,"[306, 351, 376, 68, 173]"
val/09313_Plantae_Tracheophyta_Magnoliopsida_Rosales_Moraceae_Morus_alba/79a74fd9-64ba-4aa6-b2e9-4ba16d31ccfe.jpg,478,194,0.015322626733663615,False,False,"[194, 484, 485, 253, 419]"
val/09313_Plantae_Tracheophyta_Magnoliopsida_Rosales_Moraceae_Morus_alba/b80f397e-cd65-49b2-b74d-be56be64d828.jpg,478,467,0.009934405148317827,False,False,"[467, 456, 416, 367, 433]"
val/09313_Plantae_Tracheophyta_Magnoliopsida_Rosales_Moraceae_Morus_alba/ba4c5dbf-f745-49c9-bd0d-a11c3f8afef3.jpg,478,258,0.010356456305547514,False,False,"[258, 395, 139, 292, 95]"
val/09313_Plantae_Tracheophyta_Magnoliopsida_Rosales_Moraceae_Morus_alba/e8fe6a04-65c1-4e0d-86a9-723e1906fef3.jpg,478,470,0.00945605253838047,False,False,"[470, 407, 307, 458, 430]"
val/09313_Plantae_Tracheophyta_Magnoliopsida_Rosales_Moraceae_Morus_alba/fb0e3ad7-8cd4-44c4-93a8-85568512ca3e.jpg,478,459,0.015747373648229958,False,False,"[459, 498, 392, 367, 481]"
val/09318_Plantae_Tracheophyta_Magnoliopsida_Rosales_Rhamnaceae_Ceanothus_americanus/0720a9fc-2b25-4f48-90cc-5ca4f663eec9.jpg,479,37,0.01015889964381062,False,False,"[37, 289, 470, 186, 447]"
val/09318_Plantae_Tracheophyta_Magnoliopsida_Rosales_Rhamnaceae_Ceanothus_americanus/2fb35ff8-0b11-499d-86ce-e92ccdae4279.jpg,479,485,0.009917425865671575,False,False,"[485, 320, 396, 388, 32]"
val/09318_Plantae_Tracheophyta_Magnoliopsida_Rosales_Rhamnaceae_Ceanothus_americanus/52229785-610b-42a6-a8a4-76ba99512e24.jpg,479,477,0.0110103823014951,False,False,"[477, 468, 380, 338, 360]"
val/09318_Plantae_Tracheophyta_Magnoliopsida_Rosales_Rhamnaceae_Ceanothus_americanus/5c51d6bd-03f2-43cd-baf8-4c21cd25e59d.jpg,479,448,0.019342419180795423,False,False,"[448, 463, 467, 460, 380]"
val/09318_Plantae_Tracheophyta_Magnoliopsida_Rosales_Rhamnaceae_Ceanothus_americanus/7d454741-f66c-4acb-9ac2-3a6639dffb02.jpg,479,420,0.011239108699155774,False,False,"[420, 440, 422, 251, 314]"
val/09318_Plantae_Tracheophyta_Magnoliopsida_Rosales_Rhamnaceae_Ceanothus_americanus/8b05e572-1705-4ca6-a986-298599fed0a6.jpg,479,405,0.011530536530880707,False,False,"[405, 429, 491, 418, 463]"
val/09318_Plantae_Tracheophyta_Magnoliopsida_Rosales_Rhamnaceae_Ceanothus_americanus/954fdac9-2570-42ee-844d-5d3112abed97.jpg,479,387,0.018233492210539295,False,False,"[387, 398, 473, 369, 354]"
val/09318_Plantae_Tracheophyta_Magnoliopsida_Rosales_Rhamnaceae_Ceanothus_americanus/97efcf43-5924-49f4-9e36-8b47380a1a28.jpg,479,297,0.017226246636642885,False,False,"[297, 10, 389, 97, 362]"
val/09318_Plantae_Tracheophyta_Magnoliopsida_Rosales_Rhamnaceae_Ceanothus_americanus/a7f3b7b5-87d8-467e-94de-226bca888270.jpg,479,467,0.009483189070140284,False,False,"[467, 475, 295, 9, 84]"
val/09318_Plantae_Tracheophyta_Magnoliopsida_Rosales_Rhamnaceae_Ceanothus_americanus/ec7fa261-158c-4f58-add3-2bfe84a0eb3d.jpg,479,327,0.025394384106645348,False,False,"[327, 3, 305, 438, 115]"
val/09331_Plantae_Tracheophyta_Magnoliopsida_Rosales_Rhamnaceae_Ceanothus_thyrsiflorus/506f9c9f-7653-419b-af12-b5d083cafa06.jpg,480,401,0.0055064359271363,False,False,"[401, 380, 403, 346, 482]"
val/09331_Plantae_Tracheophyta_Magnoliopsida_Rosales_Rhamnaceae_Ceanothus_thyrsiflorus/559bca41-848e-470e-bbee-16e1a3e88a71.jpg,480,492,0.015230038640763747,False,False,"[492, 402, 379, 403, 404]"
val/09331_Plantae_Tracheophyta_Magnoliopsida_Rosales_Rhamnaceae_Ceanothus_thyrsiflorus/619f16c3-7027-4134-a5d8-18a79ae2ea18.jpg,480,432,0.022244190950802968,False,False,"[432, 346, 341, 402, 403]"
val/09331_Plantae_Tracheophyta_Magnoliopsida_Rosales_Rhamnaceae_Ceanothus_thyrsiflorus/6b78b9d3-1196-4aad-ac61-919ed51a38fb.jpg,480,341,0.012859835276462697,False,False,"[341, 397, 495, 370, 413]"
val/09331_Plantae_Tracheophyta_Magnoliopsida_Rosales_Rhamnaceae_Ceanothus_thyrsiflorus/75cb1337-627e-4707-b2d5-5a185b0a5abd.jpg,480,380,0.018961127805801378,False,False,"[380, 489, 341, 460, 351]"
val/09331_Plantae_Tracheophyta_Magnoliopsida_Rosales_Rhamnaceae_Ceanothus_thyrsiflorus/b6fe8852-632f-4d0b-b85a-087681e5ce6d.jpg,480,302,0.009552839635894253,False,False,"[302, 363, 310, 358, 268]"
val/09331_Plantae_Tracheophyta_Magnoliopsida_Rosales_Rhamnaceae_Ceanothus_thyrsiflorus/bf006179-d7fa-4550-9df3-26caaf051a40.jpg,480,427,0.030043216950898094,False,False,"[427, 217, 428, 122, 346]"
val/09331_Plantae_Tracheophyta_Magnoliopsida_Rosales_Rhamnaceae_Ceanothus_thyrsiflorus/c04abe7e-a892-408b-9a27-0c9bc7368164.jpg,480,302,0.009502092855325881,False,False,"[302, 101, 459, 199, 361]"
val/09331_Plantae_Tracheophyta_Magnoliopsida_Rosales_Rhamnaceae_Ceanothus_thyrsiflorus/d770e6fa-7542-45b0-822c-75c1a777f46b.jpg,480,459,0.013861638483162712,False,False,"[459, 191, 38, 145, 451]"
val/09331_Plantae_Tracheophyta_Magnoliopsida_Rosales_Rhamnaceae_Ceanothus_thyrsiflorus/ea4b8e1e-4e34-4280-b540-932f620ab820.jpg,480,387,0.013375275208179573,False,False,"[387, 461, 290, 473, 357]"
val/09338_Plantae_Tracheophyta_Magnoliopsida_Rosales_Rhamnaceae_Frangula_californica/0c95f8d4-4a1f-4e07-b029-ac60c902e6e7.jpg,481,403,0.010208034276468417,False,False,"[403, 429, 401, 486, 370]"
val/09338_Plantae_Tracheophyta_Magnoliopsida_Rosales_Rhamnaceae_Frangula_californica/22445a9f-c6fe-46fe-a509-79ad0b9a2d36.jpg,481,343,0.013226854794057047,False,False,"[343, 37, 363, 444, 370]"
val/09338_Plantae_Tracheophyta_Magnoliopsida_Rosales_Rhamnaceae_Frangula_californica/43571e29-5a78-40f0-bf2a-e416a1cd5386.jpg,481,128,0.014333996651071344,False,False,"[128, 318, 434, 208, 48]"
val/09338_Plantae_Tracheophyta_Magnoliopsida_Rosales_Rhamnaceae_Frangula_californica/4de2b9a1-55ef-4157-a639-724f9d570951.jpg,481,460,0.009335660467180294,False,False,"[460, 68, 380, 331, 165]"
val/09338_Plantae_Tracheophyta_Magnoliopsida_Rosales_Rhamnaceae_Frangula_californica/75e68870-882c-4aa9-9f68-f67df810cf58.jpg,481,482,0.00977826401354913,False,False,"[482, 440, 338, 413, 483]"
val/09338_Plantae_Tracheophyta_Magnoliopsida_Rosales_Rhamnaceae_Frangula_californica/8f7070eb-d3ec-4593-be8f-51070586b3f8.jpg,481,359,0.011764247297088855,False,False,"[359, 420, 37, 439, 318]"
val/09338_Plantae_Tracheophyta_Magnoliopsida_Rosales_Rhamnaceae_Frangula_californica/9cbf8940-b372-4ef4-af7c-d5e34bb94312.jpg,481,29,0.009255553385508623,False,False,"[29, 151, 93, 69, 395]"
val/09338_Plantae_Tracheophyta_Magnoliopsida_Rosales_Rhamnaceae_Frangula_californica/af915332-867d-442a-99fd-0ba17efb38f0.jpg,481,405,0.016132019088365025,False,False,"[405, 459, 409, 480, 432]"
val/09338_Plantae_Tracheophyta_Magnoliopsida_Rosales_Rhamnaceae_Frangula_californica/c9a283ac-f20c-4ab4-8fe2-4f906fcf911f.jpg,481,307,0.03197768565506682,False,False,"[307, 489, 492, 370, 482]"
val/09338_Plantae_Tracheophyta_Magnoliopsida_Rosales_Rhamnaceae_Frangula_californica/f10f3d76-9f9c-4045-a592-70f81b98aeaa.jpg,481,390,0.011084980524689998,False,False,"[390, 372, 489, 402, 359]"
val/09370_Plantae_Tracheophyta_Magnoliopsida_Rosales_Rosaceae_Coleogyne_ramosissima/3bf224ff-0f0f-468f-82c0-03c513f03a28.jpg,482,371,0.01680640607248011,False,False,"[371, 443, 463, 419, 401]"
val/09370_Plantae_Tracheophyta_Magnoliopsida_Rosales_Rosaceae_Coleogyne_ramosissima/487ab283-5bbd-4308-8ffd-f0ecf01f009e.jpg,482,400,0.0216692666756106,False,False,"[400, 486, 341, 495, 462]"
val/09370_Plantae_Tracheophyta_Magnoliopsida_Rosales_Rosaceae_Coleogyne_ramosissima/6b295a38-fbf1-47c5-88d9-91531a6575fd.jpg,482,289,0.012672095086889103,False,False,"[289, 401, 410, 468, 374]"
val/09370_Plantae_Tracheophyta_Magnoliopsida_Rosales_Rosaceae_Coleogyne_ramosissima/71bce3c1-28f1-47a7-a031-2c33a74720f4.jpg,482,419,0.011065660946798016,False,False,"[419, 443, 389, 497, 218]"
val/09370_Plantae_Tracheophyta_Magnoliopsida_Rosales_Rosaceae_Coleogyne_ramosissima/89b132fd-d85d-4351-b3d2-4f1a2d0a8ba6.jpg,482,360,0.018810667862290246,False,False,"[360, 463, 402, 353, 369]"
val/09370_Plantae_Tracheophyta_Magnoliopsida_Rosales_Rosaceae_Coleogyne_ramosissima/973055dd-cf96-4149-894e-ed293f8f07d1.jpg,482,358,0.016747932775316828,False,False,"[358, 387, 291, 369, 388]"
val/09370_Plantae_Tracheophyta_Magnoliopsida_Rosales_Rosaceae_Coleogyne_ramosissima/adc10672-b350-4688-83dc-46aed07c8e97.jpg,482,327,0.009702046693910765,False,False,"[327, 230, 129, 114, 269]"
val/09370_Plantae_Tracheophyta_Magnoliopsida_Rosales_Rosaceae_Coleogyne_ramosissima/c49f0ec5-728a-4211-930e-f35e49e6b976.jpg,482,448,0.011626056737711903,False,False,"[448, 412, 329, 446, 413]"
val/09370_Plantae_Tracheophyta_Magnoliopsida_Rosales_Rosaceae_Coleogyne_ramosissima/ce276044-7688-4cb0-8238-fa24763f24a7.jpg,482,370,0.009992247975066986,False,True,"[370, 341, 307, 45, 482]"
val/09370_Plantae_Tracheophyta_Magnoliopsida_Rosales_Rosaceae_Coleogyne_ramosissima/e7777ffa-944e-4a16-92c1-a717c94e0820.jpg,482,426,0.009590113982581748,False,False,"[426, 464, 323, 428, 99]"
val/09483_Plantae_Tracheophyta_Magnoliopsida_Rosales_Rosaceae_Sanguisorba_minor/283ef655-2439-4b16-a9a2-63afa37611f3.jpg,483,214,0.015691959027031063,False,False,"[214, 199, 438, 354, 174]"
val/09483_Plantae_Tracheophyta_Magnoliopsida_Rosales_Rosaceae_Sanguisorba_minor/310eb12a-5da5-4089-ae09-87258f282c70.jpg,483,306,0.012745939450117375,False,False,"[306, 356, 352, 93, 427]"
val/09483_Plantae_Tracheophyta_Magnoliopsida_Rosales_Rosaceae_Sanguisorba_minor/401ea7e2-563d-4e42-b53b-0c311598ef4a.jpg,483,431,0.01111395930022312,False,False,"[431, 150, 357, 110, 466]"
val/09483_Plantae_Tracheophyta_Magnoliopsida_Rosales_Rosaceae_Sanguisorba_minor/4307e49e-8878-4dcb-9171-a32c8ce2b852.jpg,483,443,0.010961994407678272,False,False,"[443, 15, 397, 467, 5]"
val/09483_Plantae_Tracheophyta_Magnoliopsida_Rosales_Rosaceae_Sanguisorba_minor/4b048dc5-0720-419a-8ac0-f8133ae8be7c.jpg,483,35,0.015136835279399626,False,True,"[35, 483, 318, 178, 189]"
val/09483_Plantae_Tracheophyta_Magnoliopsida_Rosales_Rosaceae_Sanguisorba_minor/59821144-628f-4aba-ad67-89915423147d.jpg,483,460,0.010168183273450329,False,False,"[460, 347, 357, 95, 401]"
val/09483_Plantae_Tracheophyta_Magnoliopsida_Rosales_Rosaceae_Sanguisorba_minor/65d50b52-42ac-4487-9003-fc7c68636562.jpg,483,116,0.00945982032869084,False,False,"[116, 65, 33, 281, 287]"
val/09483_Plantae_Tracheophyta_Magnoliopsida_Rosales_Rosaceae_Sanguisorba_minor/6beaa468-a6f1-4a61-9ac4-e6938fb51ad7.jpg,483,135,0.020198459301922267,False,False,"[135, 123, 127, 6, 75]"
val/09483_Plantae_Tracheophyta_Magnoliopsida_Rosales_Rosaceae_Sanguisorba_minor/aecaf797-2858-44d2-8e45-5563760e7ebb.jpg,483,393,0.015248529245782839,False,False,"[393, 170, 386, 472, 316]"
val/09483_Plantae_Tracheophyta_Magnoliopsida_Rosales_Rosaceae_Sanguisorba_minor/d558dea8-0ecb-47c5-8fa3-f7c96a1e1aa8.jpg,483,290,0.009468252848653576,False,False,"[290, 388, 337, 440, 469]"
val/09498_Plantae_Tracheophyta_Magnoliopsida_Rosales_Ulmaceae_Ulmus_alata/05077ea0-423a-40e9-96ae-28c61d49d016.jpg,484,169,0.00998780818824094,False,False,"[169, 148, 46, 138, 135]"
val/09498_Plantae_Tracheophyta_Magnoliopsida_Rosales_Ulmaceae_Ulmus_alata/1e1aa447-8e61-4de6-8f84-d9ee4c651470.jpg,484,26,0.009009888353539249,False,False,"[26, 14, 374, 37, 489]"
val/09498_Plantae_Tracheophyta_Magnoliopsida_Rosales_Ulmaceae_Ulmus_alata/359e481d-cb00-4190-a69e-bddedc0e64e3.jpg,484,346,0.011167249867374418,False,False,"[346, 486, 371, 360, 391]"
val/09498_Plantae_Tracheophyta_Magnoliopsida_Rosales_Ulmaceae_Ulmus_alata/643c3a9f-8cf4-46ae-b338-334b1d038e54.jpg,484,430,0.010755180942962588,False,False,"[430, 440, 475, 452, 355]"
val/09498_Plantae_Tracheophyta_Magnoliopsida_Rosales_Ulmaceae_Ulmus_alata/69d05017-049e-47e6-ad63-4844044a963f.jpg,484,398,0.01633046086670449,False,False,"[398, 258, 405, 473, 407]"
val/09498_Plantae_Tracheophyta_Magnoliopsida_Rosales_Ulmaceae_Ulmus_alata/95972296-cbe7-45d3-bd1d-1452c5bcf3b5.jpg,484,426,0.02187432069141503,False,False,"[426, 299, 323, 465, 481]"
val/09498_Plantae_Tracheophyta_Magnoliopsida_Rosales_Ulmaceae_Ulmus_alata/9cbe3d92-9c20-46b3-9d78-eaa2a88e510d.jpg,484,323,0.009836666010864909,False,False,"[323, 320, 297, 464, 301]"
val/09498_Plantae_Tracheophyta_Magnoliopsida_Rosales_Ulmaceae_Ulmus_alata/ab8b6112-1600-459b-b4ab-52d773fc676d.jpg,484,231,0.017907777037437806,False,False,"[231, 205, 220, 175, 406]"
val/09498_Plantae_Tracheophyta_Magnoliopsida_Rosales_Ulmaceae_Ulmus_alata/c2d0d267-db7f-433f-b903-13fc5d68dca0.jpg,484,401,0.010522598686351697,False,False,"[401, 460, 404, 453, 256]"
val/09498_Plantae_Tracheophyta_Magnoliopsida_Rosales_Ulmaceae_Ulmus_alata/e95f0bc5-5102-44f1-b459-a8724153fc24.jpg,484,103,0.009611440018172246,False,False,"[103, 200, 451, 258, 256]"
val/09511_Plantae_Tracheophyta_Magnoliopsida_Rosales_Urticaceae_Parietaria_judaica/078a7aa5-3358-4c94-8dfe-e12b2e106295.jpg,485,373,0.03237902905701965,False,False,"[373, 390, 343, 14, 24]"
val/09511_Plantae_Tracheophyta_Magnoliopsida_Rosales_Urticaceae_Parietaria_judaica/2468d543-eb09-4969-a4d4-3c2a347b42f6.jpg,485,50,0.012043728927566399,False,False,"[50, 82, 53, 80, 250]"
val/09511_Plantae_Tracheophyta_Magnoliopsida_Rosales_Urticaceae_Parietaria_judaica/74906f27-d892-4e21-ad9d-51a47b3370bc.jpg,485,491,0.009281400597585109,False,False,"[491, 338, 26, 383, 381]"
val/09511_Plantae_Tracheophyta_Magnoliopsida_Rosales_Urticaceae_Parietaria_judaica/7e222f1c-dfe9-4bbd-933c-c25294120dee.jpg,485,283,0.00923867594998851,False,False,"[283, 415, 77, 141, 274]"
val/09511_Plantae_Tracheophyta_Magnoliopsida_Rosales_Urticaceae_Parietaria_judaica/7ee8a217-aff8-4ce2-a27a-03a572538dfe.jpg,485,142,0.015838290145699856,False,False,"[142, 140, 178, 257, 243]"
val/09511_Plantae_Tracheophyta_Magnoliopsida_Rosales_Urticaceae_Parietaria_judaica/c5e132e9-c580-426b-bb79-1d68cb0034d4.jpg,485,380,0.010008433720629458,False,False,"[380, 441, 473, 54, 326]"
val/09511_Plantae_Tracheophyta_Magnoliopsida_Rosales_Urticaceae_Parietaria_judaica/cb1957c8-94bd-4c84-ba2c-70ab47d46ece.jpg,485,464,0.009616506588621636,False,True,"[464, 338, 32, 485, 375]"
val/09511_Plantae_Tracheophyta_Magnoliopsida_Rosales_Urticaceae_Parietaria_judaica/dd86f92e-0488-490e-9318-d6e9324dbde0.jpg,485,67,0.008990905936180201,False,False,"[67, 498, 264, 154, 156]"
val/09511_Plantae_Tracheophyta_Magnoliopsida_Rosales_Urticaceae_Parietaria_judaica/e908c0ad-29af-43de-acd8-3f4c1a70a61c.jpg,485,485,0.009611282623116845,True,True,"[485, 430, 93, 432, 456]"
val/09511_Plantae_Tracheophyta_Magnoliopsida_Rosales_Urticaceae_Parietaria_judaica/f3931d15-aa4f-4b8e-a651-2debc1bb40da.jpg,485,473,0.009846905768683278,False,False,"[473, 410, 438, 433, 362]"
val/09539_Plantae_Tracheophyta_Magnoliopsida_Sapindales_Anacardiaceae_Rhus_microphylla/1167f91e-5b85-4335-b344-f5d2f199a039.jpg,486,448,0.015853400471084942,False,False,"[448, 491, 405, 264, 474]"
val/09539_Plantae_Tracheophyta_Magnoliopsida_Sapindales_Anacardiaceae_Rhus_microphylla/67a585ba-6e98-4f26-88d3-aff586115c5f.jpg,486,448,0.011585588975239543,False,False,"[448, 387, 249, 491, 402]"
val/09539_Plantae_Tracheophyta_Magnoliopsida_Sapindales_Anacardiaceae_Rhus_microphylla/a66bd4d3-41b2-4ddc-8018-5144bf1ca110.jpg,486,455,0.014111269757750226,False,False,"[455, 353, 417, 351, 365]"
val/09539_Plantae_Tracheophyta_Magnoliopsida_Sapindales_Anacardiaceae_Rhus_microphylla/c1c92846-bc8f-4c22-b8d9-1b42c5494f36.jpg,486,401,0.017298976378495614,False,False,"[401, 343, 489, 484, 358]"
val/09539_Plantae_Tracheophyta_Magnoliopsida_Sapindales_Anacardiaceae_Rhus_microphylla/ca2120f4-2639-4d5d-beec-9b4e226d4578.jpg,486,131,0.010500045088641628,False,False,"[131, 279, 420, 204, 270]"
val/09539_Plantae_Tracheophyta_Magnoliopsida_Sapindales_Anacardiaceae_Rhus_microphylla/cd14e324-fb39-46bd-9233-f794146333c1.jpg,486,482,0.011653182624370545,False,False,"[482, 437, 289, 339, 54]"
val/09539_Plantae_Tracheophyta_Magnoliopsida_Sapindales_Anacardiaceae_Rhus_microphylla/d7aa32b1-591d-4571-ad31-03a12dba31cd.jpg,486,466,0.015789206573922274,False,False,"[466, 419, 269, 494, 412]"
val/09539_Plantae_Tracheophyta_Magnoliopsida_Sapindales_Anacardiaceae_Rhus_microphylla/e4f048f6-a276-4577-ade3-a32eadbec46d.jpg,486,367,0.01726563990859724,False,False,"[367, 498, 476, 343, 455]"
val/09539_Plantae_Tracheophyta_Magnoliopsida_Sapindales_Anacardiaceae_Rhus_microphylla/e9c1badd-9963-4a7b-8887-cf488e5d405d.jpg,486,486,0.019888240644310856,True,True,"[486, 68, 359, 353, 401]"
val/09539_Plantae_Tracheophyta_Magnoliopsida_Sapindales_Anacardiaceae_Rhus_microphylla/ef74c2cb-c306-4f78-8e20-1db9285d3025.jpg,486,313,0.019340305563167855,False,False,"[313, 455, 326, 404, 388]"
val/09689_Plantae_Tracheophyta_Magnoliopsida_Solanales_Convolvulaceae_Evolvulus_alsinoides/4983ee15-fff9-4f39-a253-4c366ce947fb.jpg,487,324,0.010003205346247785,False,False,"[324, 315, 319, 279, 405]"
val/09689_Plantae_Tracheophyta_Magnoliopsida_Solanales_Convolvulaceae_Evolvulus_alsinoides/63330afd-762d-43f9-8e27-fe574ffb4f6c.jpg,487,96,0.00965245777384964,False,False,"[96, 280, 167, 49, 105]"
val/09689_Plantae_Tracheophyta_Magnoliopsida_Solanales_Convolvulaceae_Evolvulus_alsinoides/6d182dbb-3282-406a-a8e8-2058c567162c.jpg,487,311,0.011556096918474403,False,False,"[311, 333, 449, 150, 327]"
val/09689_Plantae_Tracheophyta_Magnoliopsida_Solanales_Convolvulaceae_Evolvulus_alsinoides/7646d70c-ab81-4eaa-b855-973d887e2c3d.jpg,487,476,0.012550389586865813,False,False,"[476, 455, 315, 394, 279]"
val/09689_Plantae_Tracheophyta_Magnoliopsida_Solanales_Convolvulaceae_Evolvulus_alsinoides/85ae8c5f-b9ab-4e82-98a8-bc2e04e5a49d.jpg,487,345,0.009480738887188929,False,False,"[345, 468, 37, 336, 486]"
val/09689_Plantae_Tracheophyta_Magnoliopsida_Solanales_Convolvulaceae_Evolvulus_alsinoides/d6f581bc-5b4b-4c9b-82a4-0fd18e014a47.jpg,487,460,0.010156914517033214,False,False,"[460, 374, 451, 67, 290]"
val/09689_Plantae_Tracheophyta_Magnoliopsida_Solanales_Convolvulaceae_Evolvulus_alsinoides/e874e10a-e81d-4427-a22b-0c289f94e999.jpg,487,330,0.019224343771697718,False,False,"[330, 434, 290, 122, 153]"
val/09689_Plantae_Tracheophyta_Magnoliopsida_Solanales_Convolvulaceae_Evolvulus_alsinoides/f51533ae-18ee-4998-9229-0eacab152dba.jpg,487,292,0.009648906789111953,False,False,"[292, 432, 335, 333, 228]"
val/09689_Plantae_Tracheophyta_Magnoliopsida_Solanales_Convolvulaceae_Evolvulus_alsinoides/f6c3db82-b250-4847-bf20-2a527e4da6b7.jpg,487,102,0.02888919138590234,False,False,"[102, 353, 370, 374, 424]"
val/09689_Plantae_Tracheophyta_Magnoliopsida_Solanales_Convolvulaceae_Evolvulus_alsinoides/ffda95d9-7fe6-465a-849c-3a9c2dd543cb.jpg,487,376,0.018176231008221008,False,False,"[376, 318, 343, 305, 482]"
val/09752_Plantae_Tracheophyta_Magnoliopsida_Vitales_Vitaceae_Ampelopsis_cordata/0e834292-2203-48f3-bc41-95233e94f95a.jpg,488,403,0.012831703281354146,False,False,"[403, 279, 354, 401, 373]"
val/09752_Plantae_Tracheophyta_Magnoliopsida_Vitales_Vitaceae_Ampelopsis_cordata/1495d992-0447-4c58-998e-f7f38d820876.jpg,488,491,0.015020355642756158,False,False,"[491, 434, 317, 361, 305]"
val/09752_Plantae_Tracheophyta_Magnoliopsida_Vitales_Vitaceae_Ampelopsis_cordata/30f1c495-5c6a-45d4-ad02-d39e3e7c3ad3.jpg,488,298,0.009535016310861353,False,False,"[298, 259, 96, 281, 301]"
val/09752_Plantae_Tracheophyta_Magnoliopsida_Vitales_Vitaceae_Ampelopsis_cordata/37316dc3-43aa-4bce-86d7-8f7e065ef845.jpg,488,375,0.010060065814016259,False,False,"[375, 396, 315, 295, 402]"
val/09752_Plantae_Tracheophyta_Magnoliopsida_Vitales_Vitaceae_Ampelopsis_cordata/47b11098-0e0d-4023-ad5a-5702fbaf81c8.jpg,488,490,0.009448159988851249,False,True,"[490, 394, 480, 488, 451]"
val/09752_Plantae_Tracheophyta_Magnoliopsida_Vitales_Vitaceae_Ampelopsis_cordata/4d5f7a24-4fca-40c6-a31c-dd80ed74c408.jpg,488,360,0.01065043786260842,False,False,"[360, 486, 460, 454, 469]"
val/09752_Plantae_Tracheophyta_Magnoliopsida_Vitales_Vitaceae_Ampelopsis_cordata/69f66783-7c19-4b36-bc16-fd88a97221f1.jpg,488,458,0.016406880171710207,False,False,"[458, 454, 433, 480, 439]"
val/09752_Plantae_Tracheophyta_Magnoliopsida_Vitales_Vitaceae_Ampelopsis_cordata/7ba547f8-c571-4136-8fb4-8cc56843630d.jpg,488,414,0.009862265803245245,False,False,"[414, 348, 10, 106, 24]"
val/09752_Plantae_Tracheophyta_Magnoliopsida_Vitales_Vitaceae_Ampelopsis_cordata/dbf6777a-ec81-4ad5-bbdd-3ba8ffec87c7.jpg,488,486,0.0163862118339543,False,False,"[486, 238, 478, 471, 112]"
val/09752_Plantae_Tracheophyta_Magnoliopsida_Vitales_Vitaceae_Ampelopsis_cordata/edb8bed1-8c0e-48d7-898c-7cd9f86f953a.jpg,488,295,0.009850139753044074,False,False,"[295, 323, 481, 445, 379]"
val/09768_Plantae_Tracheophyta_Magnoliopsida_Zygophyllales_Zygophyllaceae_Fagonia_laevis/0b719243-7b22-4270-be81-d8dbd2595686.jpg,489,351,0.011458076105086352,False,True,"[351, 48, 489, 482, 401]"
val/09768_Plantae_Tracheophyta_Magnoliopsida_Zygophyllales_Zygophyllaceae_Fagonia_laevis/6a51e2f7-2958-4d72-86ff-662921517107.jpg,489,351,0.01752159217882921,False,False,"[351, 359, 376, 402, 467]"
val/09768_Plantae_Tracheophyta_Magnoliopsida_Zygophyllales_Zygophyllaceae_Fagonia_laevis/7ee80e38-4ae8-4adb-8fde-fc3186bcac2c.jpg,489,352,0.01759069305097325,False,False,"[352, 480, 357, 350, 431]"
val/09768_Plantae_Tracheophyta_Magnoliopsida_Zygophyllales_Zygophyllaceae_Fagonia_laevis/827429a9-fd49-4a12-97c2-dc90b1285684.jpg,489,436,0.027885188099802782,False,False,"[436, 180, 25, 71, 34]"
val/09768_Plantae_Tracheophyta_Magnoliopsida_Zygophyllales_Zygophyllaceae_Fagonia_laevis/879ed8dc-63bb-4b6b-aafb-b80a7d3233bc.jpg,489,343,0.011221241115024677,False,False,"[343, 390, 485, 430, 289]"
val/09768_Plantae_Tracheophyta_Magnoliopsida_Zygophyllales_Zygophyllaceae_Fagonia_laevis/8b29bd0d-6ed4-40dd-8d47-ab1a409f24f5.jpg,489,413,0.009759700814673776,False,False,"[413, 33, 81, 128, 468]"
val/09768_Plantae_Tracheophyta_Magnoliopsida_Zygophyllales_Zygophyllaceae_Fagonia_laevis/cb2d768e-91f0-4c82-8250-f929d5053b3f.jpg,489,476,0.015504124485814147,False,True,"[476, 382, 489, 440, 363]"
val/09768_Plantae_Tracheophyta_Magnoliopsida_Zygophyllales_Zygophyllaceae_Fagonia_laevis/da475207-b19d-41a6-a4f6-1db00c81c885.jpg,489,241,0.03617711208406762,False,False,"[241, 79, 37, 23, 26]"
val/09768_Plantae_Tracheophyta_Magnoliopsida_Zygophyllales_Zygophyllaceae_Fagonia_laevis/dcac881a-78f3-452b-a981-94c0d8e423f5.jpg,489,407,0.017273885751832682,False,False,"[407, 359, 37, 371, 365]"
val/09768_Plantae_Tracheophyta_Magnoliopsida_Zygophyllales_Zygophyllaceae_Fagonia_laevis/fb272d33-ac58-44ab-a1ee-1fd2aec871af.jpg,489,388,0.016486415885136566,False,False,"[388, 440, 353, 455, 401]"
val/09771_Plantae_Tracheophyta_Magnoliopsida_Zygophyllales_Zygophyllaceae_Kallstroemia_grandiflora/0ea107f0-c17e-4cdc-b9e0-e5fff839cff3.jpg,490,456,0.009753169407189564,False,False,"[456, 478, 93, 394, 190]"
val/09771_Plantae_Tracheophyta_Magnoliopsida_Zygophyllales_Zygophyllaceae_Kallstroemia_grandiflora/2cf2d8ee-ab40-44d7-ae1d-046558f01a0d.jpg,490,213,0.010821824215698854,False,False,"[213, 447, 10, 149, 320]"
val/09771_Plantae_Tracheophyta_Magnoliopsida_Zygophyllales_Zygophyllaceae_Kallstroemia_grandiflora/330a496e-ed51-4f3d-a7b1-d84e132fa255.jpg,490,63,0.009433830838169559,False,False,"[63, 135, 27, 436, 415]"
val/09771_Plantae_Tracheophyta_Magnoliopsida_Zygophyllales_Zygophyllaceae_Kallstroemia_grandiflora/3d0b449e-cd98-4422-98c2-7ea78924b5ff.jpg,490,457,0.018192761975218897,False,False,"[457, 297, 405, 292, 323]"
val/09771_Plantae_Tracheophyta_Magnoliopsida_Zygophyllales_Zygophyllaceae_Kallstroemia_grandiflora/d5de6b1e-7926-413c-bb24-418c8e5f52cb.jpg,490,462,0.015396636491463831,False,False,"[462, 450, 454, 393, 335]"
val/09771_Plantae_Tracheophyta_Magnoliopsida_Zygophyllales_Zygophyllaceae_Kallstroemia_grandiflora/d9761778-d6d8-494b-aadb-62747c4b0e47.jpg,490,419,0.01368741488907495,False,False,"[419, 307, 390, 408, 54]"
val/09771_Plantae_Tracheophyta_Magnoliopsida_Zygophyllales_Zygophyllaceae_Kallstroemia_grandiflora/eaedcb43-6ec8-486d-9d8b-557ba8f428f5.jpg,490,289,0.015738201963768555,False,False,"[289, 276, 277, 264, 94]"
val/09771_Plantae_Tracheophyta_Magnoliopsida_Zygophyllales_Zygophyllaceae_Kallstroemia_grandiflora/efdf55bd-c213-4dce-ab12-0b87c49e37d5.jpg,490,359,0.011626125766776695,False,False,"[359, 308, 398, 68, 388]"
val/09771_Plantae_Tracheophyta_Magnoliopsida_Zygophyllales_Zygophyllaceae_Kallstroemia_grandiflora/f6697ae3-e9ec-4440-9ff0-5cb077c6f967.jpg,490,20,0.011095404450888724,False,False,"[20, 376, 310, 107, 308]"
val/09771_Plantae_Tracheophyta_Magnoliopsida_Zygophyllales_Zygophyllaceae_Kallstroemia_grandiflora/f9fb1c40-a295-47d9-b379-d5e5605f0f71.jpg,490,140,0.013879402241823971,False,False,"[140, 437, 486, 407, 351]"
val/09787_Plantae_Tracheophyta_Pinopsida_Pinales_Cupressaceae_Juniperus_oxycedrus/10642c97-e851-4397-bd3b-715f875739fd.jpg,491,430,0.015972868716863722,False,False,"[430, 338, 459, 493, 403]"
val/09787_Plantae_Tracheophyta_Pinopsida_Pinales_Cupressaceae_Juniperus_oxycedrus/34f69f4a-8430-4af4-8c73-784b40a78630.jpg,491,461,0.017236498969782268,False,False,"[461, 403, 380, 353, 313]"
val/09787_Plantae_Tracheophyta_Pinopsida_Pinales_Cupressaceae_Juniperus_oxycedrus/3c921f63-8673-4d25-a23e-3f5afc98a1ac.jpg,491,376,0.012334766979510444,False,False,"[376, 390, 348, 443, 490]"
val/09787_Plantae_Tracheophyta_Pinopsida_Pinales_Cupressaceae_Juniperus_oxycedrus/5614de40-5e01-4f66-b19b-c3263b55081e.jpg,491,306,0.011792597675918604,False,False,"[306, 498, 334, 483, 438]"
val/09787_Plantae_Tracheophyta_Pinopsida_Pinales_Cupressaceae_Juniperus_oxycedrus/7b14a059-d85e-45e9-9256-c1768404377d.jpg,491,289,0.01150088057748655,False,False,"[289, 493, 341, 426, 310]"
val/09787_Plantae_Tracheophyta_Pinopsida_Pinales_Cupressaceae_Juniperus_oxycedrus/8c9f4292-bf08-438d-998b-e8046a33585f.jpg,491,437,0.009707910093640354,False,False,"[437, 396, 390, 377, 468]"
val/09787_Plantae_Tracheophyta_Pinopsida_Pinales_Cupressaceae_Juniperus_oxycedrus/b82dc031-8eba-4f12-8128-af590018c1ed.jpg,491,491,0.011504140223332269,True,True,"[491, 408, 472, 348, 381]"
val/09787_Plantae_Tracheophyta_Pinopsida_Pinales_Cupressaceae_Juniperus_oxycedrus/c1e7b752-1c01-4bdc-844f-a08bacbf3ef3.jpg,491,427,0.01038185111422681,False,False,"[427, 392, 404, 479, 308]"
val/09787_Plantae_Tracheophyta_Pinopsida_Pinales_Cupressaceae_Juniperus_oxycedrus/f4436be0-a27f-4d11-9d34-ab885018b889.jpg,491,315,0.010589404092499076,False,False,"[315, 457, 358, 15, 323]"
val/09787_Plantae_Tracheophyta_Pinopsida_Pinales_Cupressaceae_Juniperus_oxycedrus/f811a246-0332-4879-86e8-895adf547ff3.jpg,491,300,0.008749003103384443,False,False,"[300, 440, 367, 141, 379]"
val/09804_Plantae_Tracheophyta_Pinopsida_Pinales_Pinaceae_Larix_laricina/12132fd8-2bc0-4acf-b6dd-680698311b19.jpg,492,324,0.00935082739886108,False,False,"[324, 434, 302, 93, 341]"
val/09804_Plantae_Tracheophyta_Pinopsida_Pinales_Pinaceae_Larix_laricina/1d58573b-3374-4345-a262-d7a8e07f1237.jpg,492,222,0.03237172950044158,False,False,"[222, 400, 127, 93, 259]"
val/09804_Plantae_Tracheophyta_Pinopsida_Pinales_Pinaceae_Larix_laricina/4cd6699d-ab0d-4a57-b714-222bb7755519.jpg,492,361,0.01561720607235596,False,False,"[361, 335, 498, 481, 93]"
val/09804_Plantae_Tracheophyta_Pinopsida_Pinales_Pinaceae_Larix_laricina/82f8848d-3b6c-47d4-b90c-abd8d5e4ccc8.jpg,492,13,0.00939769996036778,False,False,"[13, 128, 475, 127, 135]"
val/09804_Plantae_Tracheophyta_Pinopsida_Pinales_Pinaceae_Larix_laricina/8ff75083-3407-472f-b888-acb84a5d35c5.jpg,492,480,0.010481492870610148,False,False,"[480, 103, 435, 386, 245]"
val/09804_Plantae_Tracheophyta_Pinopsida_Pinales_Pinaceae_Larix_laricina/b42a12ab-3b55-4905-a5ed-aae5bc34cc67.jpg,492,352,0.01911366585425385,False,False,"[352, 443, 336, 275, 440]"
val/09804_Plantae_Tracheophyta_Pinopsida_Pinales_Pinaceae_Larix_laricina/e462c4b6-acd2-49f4-9909-a15eda9c10ed.jpg,492,308,0.009831381765192762,False,False,"[308, 423, 431, 108, 202]"
val/09804_Plantae_Tracheophyta_Pinopsida_Pinales_Pinaceae_Larix_laricina/e66ec474-2469-4ddd-8fb1-6c14e157f5c3.jpg,492,499,0.009392307876910078,False,False,"[499, 349, 298, 495, 48]"
val/09804_Plantae_Tracheophyta_Pinopsida_Pinales_Pinaceae_Larix_laricina/e9457e06-a65e-4e41-9f7a-b248427e2e17.jpg,492,314,0.014994528180099328,False,False,"[314, 309, 306, 394, 444]"
val/09804_Plantae_Tracheophyta_Pinopsida_Pinales_Pinaceae_Larix_laricina/f58a48ea-6ba9-479d-bf25-4b1d3b67d748.jpg,492,397,0.009330548711437715,False,False,"[397, 67, 398, 346, 430]"
val/09808_Plantae_Tracheophyta_Pinopsida_Pinales_Pinaceae_Picea_engelmannii/3599df43-7305-4130-861f-712cecf0cc60.jpg,493,492,0.009935919130106531,False,False,"[492, 491, 446, 422, 322]"
val/09808_Plantae_Tracheophyta_Pinopsida_Pinales_Pinaceae_Picea_engelmannii/5bb4a91e-7979-4f22-bc77-9a929f9abf6b.jpg,493,338,0.02240617776023295,False,False,"[338, 343, 490, 289, 293]"
val/09808_Plantae_Tracheophyta_Pinopsida_Pinales_Pinaceae_Picea_engelmannii/7e692d7b-2546-41f3-9803-97aa15726d3e.jpg,493,61,0.009677181129676438,False,False,"[61, 194, 393, 466, 283]"
val/09808_Plantae_Tracheophyta_Pinopsida_Pinales_Pinaceae_Picea_engelmannii/91471466-4b93-4e82-9f33-c0c84c4fd6a6.jpg,493,334,0.01976583095746748,False,False,"[334, 309, 253, 498, 327]"
val/09808_Plantae_Tracheophyta_Pinopsida_Pinales_Pinaceae_Picea_engelmannii/a41f8dcb-fba2-442f-b495-67891130ee2f.jpg,493,449,0.009783277390652698,False,False,"[449, 38, 287, 490, 412]"
val/09808_Plantae_Tracheophyta_Pinopsida_Pinales_Pinaceae_Picea_engelmannii/cce70cf4-17bf-4baf-ab1b-c92e4c727a33.jpg,493,141,0.009716093748921026,False,False,"[141, 56, 59, 106, 217]"
val/09808_Plantae_Tracheophyta_Pinopsida_Pinales_Pinaceae_Picea_engelmannii/d2af1d73-1f52-4e49-a28b-907dc7eedc90.jpg,493,67,0.01553084420948249,False,False,"[67, 278, 253, 383, 387]"
val/09808_Plantae_Tracheophyta_Pinopsida_Pinales_Pinaceae_Picea_engelmannii/d4c98f06-8475-466d-a632-93f1fe12f442.jpg,493,492,0.015508285657252884,False,False,"[492, 383, 399, 437, 239]"
val/09808_Plantae_Tracheophyta_Pinopsida_Pinales_Pinaceae_Picea_engelmannii/efae9c3e-8b46-4066-b8de-77788eb7764d.jpg,493,427,0.012117004227611767,False,False,"[427, 498, 278, 476, 100]"
val/09808_Plantae_Tracheophyta_Pinopsida_Pinales_Pinaceae_Picea_engelmannii/efb25cf2-a6cf-4e36-be8e-75cd14e7e5c0.jpg,493,311,0.010642471230034886,False,False,"[311, 453, 140, 343, 358]"
val/09822_Plantae_Tracheophyta_Pinopsida_Pinales_Pinaceae_Pinus_elliottii/123f2220-8af2-4408-89fe-6277d85cfefd.jpg,494,491,0.015854708820467314,False,False,"[491, 377, 209, 338, 352]"
val/09822_Plantae_Tracheophyta_Pinopsida_Pinales_Pinaceae_Pinus_elliottii/4ea2776b-896d-46ae-90f3-c10ff9ee0fee.jpg,494,445,0.010457677429394765,False,False,"[445, 409, 369, 217, 398]"
val/09822_Plantae_Tracheophyta_Pinopsida_Pinales_Pinaceae_Pinus_elliottii/4eb93110-5158-4510-b781-c72336091f7b.jpg,494,360,0.017050138188358186,False,False,"[360, 67, 325, 29, 398]"
val/09822_Plantae_Tracheophyta_Pinopsida_Pinales_Pinaceae_Pinus_elliottii/6aeb004a-abfa-4e74-b0b5-592c164baaab.jpg,494,492,0.009187995883277157,False,False,"[492, 11, 406, 50, 222]"
val/09822_Plantae_Tracheophyta_Pinopsida_Pinales_Pinaceae_Pinus_elliottii/924557e0-ce71-4203-9f6a-89838e897e07.jpg,494,371,0.015515341137339973,False,False,"[371, 447, 456, 207, 20]"
val/09822_Plantae_Tracheophyta_Pinopsida_Pinales_Pinaceae_Pinus_elliottii/b590803f-1580-45aa-8172-41297847d645.jpg,494,490,0.009566007744824532,False,False,"[490, 280, 479, 254, 478]"
val/09822_Plantae_Tracheophyta_Pinopsida_Pinales_Pinaceae_Pinus_elliottii/b7e9c648-5ce7-48ae-a599-323a207e643f.jpg,494,464,0.00977806006783738,False,False,"[464, 310, 488, 344, 36]"
val/09822_Plantae_Tracheophyta_Pinopsida_Pinales_Pinaceae_Pinus_elliottii/b862d279-3b46-407d-89ef-5e01c94b490d.jpg,494,355,0.00953941890178778,False,False,"[355, 376, 322, 352, 454]"
val/09822_Plantae_Tracheophyta_Pinopsida_Pinales_Pinaceae_Pinus_elliottii/bc2b3a2a-0e3e-4114-bfa3-4439b364fbaa.jpg,494,294,0.009160867874724856,False,False,"[294, 321, 337, 36, 136]"
val/09822_Plantae_Tracheophyta_Pinopsida_Pinales_Pinaceae_Pinus_elliottii/fffb9528-7723-4ad4-8175-f0767056f98d.jpg,494,289,0.011358830268518782,False,False,"[289, 10, 292, 485, 32]"
val/09856_Plantae_Tracheophyta_Pinopsida_Pinales_Taxaceae_Taxus_baccata/155d39f9-036b-4e3d-94af-b190ffab601d.jpg,495,431,0.01682367205626321,False,False,"[431, 496, 413, 419, 467]"
val/09856_Plantae_Tracheophyta_Pinopsida_Pinales_Taxaceae_Taxus_baccata/3892e5b5-0cc9-4fd3-928b-7cd7b1c6d2bc.jpg,495,324,0.011553290348037109,False,False,"[324, 498, 363, 381, 438]"
val/09856_Plantae_Tracheophyta_Pinopsida_Pinales_Taxaceae_Taxus_baccata/6b4bcfeb-22fc-461a-b5e7-850f2db08144.jpg,495,302,0.009274239093615825,False,False,"[302, 417, 479, 481, 470]"
val/09856_Plantae_Tracheophyta_Pinopsida_Pinales_Taxaceae_Taxus_baccata/d368abd2-ef9d-48a0-a47d-84ea5a2ce965.jpg,495,387,0.009654640802109139,False,False,"[387, 462, 409, 466, 167]"
val/09856_Plantae_Tracheophyta_Pinopsida_Pinales_Taxaceae_Taxus_baccata/d8612159-2288-4ffd-9cd9-72e5daa8c2d0.jpg,495,365,0.00823253691124433,False,False,"[365, 430, 480, 380, 403]"
val/09856_Plantae_Tracheophyta_Pinopsida_Pinales_Taxaceae_Taxus_baccata/dc1acad2-0140-4f88-8284-0feb7bb1eebb.jpg,495,480,0.010249657565766087,False,False,"[480, 412, 411, 112, 395]"
val/09856_Plantae_Tracheophyta_Pinopsida_Pinales_Taxaceae_Taxus_baccata/e6f4c7ca-644e-4c7b-93cf-32d6bd7f7666.jpg,495,51,0.009169146366071282,False,False,"[51, 87, 293, 266, 73]"
val/09856_Plantae_Tracheophyta_Pinopsida_Pinales_Taxaceae_Taxus_baccata/ea425e27-0d82-44ad-80d7-bbac1a1b1917.jpg,495,346,0.012425874677999875,False,True,"[346, 354, 440, 427, 495]"
val/09856_Plantae_Tracheophyta_Pinopsida_Pinales_Taxaceae_Taxus_baccata/efcc382a-f645-4915-b9bf-3ccb3e1ee325.jpg,495,256,0.022471421375566215,False,False,"[256, 489, 376, 467, 343]"
val/09856_Plantae_Tracheophyta_Pinopsida_Pinales_Taxaceae_Taxus_baccata/fab9fa40-c274-48d4-b1b5-7a2c238bfe4a.jpg,495,223,0.014605322800028348,False,False,"[223, 314, 327, 331, 412]"
val/09895_Plantae_Tracheophyta_Polypodiopsida_Polypodiales_Aspleniaceae_Asplenium_flaccidum/04f23e50-c284-4265-8f3d-cde9ff781c48.jpg,496,306,0.011501379400521108,False,False,"[306, 434, 130, 364, 314]"
val/09895_Plantae_Tracheophyta_Polypodiopsida_Polypodiales_Aspleniaceae_Asplenium_flaccidum/0a24c81e-07c2-4d14-b9ee-b0145d44b580.jpg,496,369,0.010613920957826171,False,False,"[369, 408, 434, 368, 397]"
val/09895_Plantae_Tracheophyta_Polypodiopsida_Polypodiales_Aspleniaceae_Asplenium_flaccidum/2ffd4b24-ad92-43f9-ada3-10d6c05080b4.jpg,496,327,0.012603725977776436,False,True,"[327, 496, 449, 364, 372]"
val/09895_Plantae_Tracheophyta_Polypodiopsida_Polypodiales_Aspleniaceae_Asplenium_flaccidum/454c7cff-1345-4c5a-b8ba-f67631e71520.jpg,496,334,0.019998574784052342,False,False,"[334, 86, 33, 164, 498]"
val/09895_Plantae_Tracheophyta_Polypodiopsida_Polypodiales_Aspleniaceae_Asplenium_flaccidum/85ca0bef-b569-419c-b367-d1bc797fcc8e.jpg,496,331,0.010104604468605569,False,False,"[331, 318, 462, 103, 263]"
val/09895_Plantae_Tracheophyta_Polypodiopsida_Polypodiales_Aspleniaceae_Asplenium_flaccidum/93036f55-ab64-4742-a059-b7e0d334b9d4.jpg,496,336,0.010128231537076019,False,False,"[336, 378, 389, 395, 335]"
val/09895_Plantae_Tracheophyta_Polypodiopsida_Polypodiales_Aspleniaceae_Asplenium_flaccidum/970e97e5-a8fa-473b-98a3-8be775f4cc31.jpg,496,311,0.011339510810825633,False,False,"[311, 383, 388, 463, 42]"
val/09895_Plantae_Tracheophyta_Polypodiopsida_Polypodiales_Aspleniaceae_Asplenium_flaccidum/a7a6aaf4-550c-42fa-90e7-2a9a3cfcddd4.jpg,496,453,0.010062048180127615,False,False,"[453, 349, 315, 102, 256]"
val/09895_Plantae_Tracheophyta_Polypodiopsida_Polypodiales_Aspleniaceae_Asplenium_flaccidum/cb968147-764d-48b3-a3b6-32ea5bf273ea.jpg,496,454,0.009790023622670285,False,False,"[454, 329, 324, 455, 309]"
val/09895_Plantae_Tracheophyta_Polypodiopsida_Polypodiales_Aspleniaceae_Asplenium_flaccidum/e01997f9-dee2-4849-90a3-e266e8ce9c58.jpg,496,394,0.01636852319957266,False,False,"[394, 273, 331, 313, 329]"
val/09951_Plantae_Tracheophyta_Polypodiopsida_Polypodiales_Nephrolepidaceae_Nephrolepis_cordifolia/34162f01-7462-4f7e-ae74-f9d17f0bd4fe.jpg,497,498,0.010144016245105147,False,False,"[498, 256, 464, 10, 400]"
val/09951_Plantae_Tracheophyta_Polypodiopsida_Polypodiales_Nephrolepidaceae_Nephrolepis_cordifolia/6d88df67-b0ee-47ad-9047-195e6d3f7969.jpg,497,428,0.00908054902164639,False,True,"[428, 279, 289, 497, 495]"
val/09951_Plantae_Tracheophyta_Polypodiopsida_Polypodiales_Nephrolepidaceae_Nephrolepis_cordifolia/84f41304-4fe1-4a21-852d-83a3307edb9b.jpg,497,453,0.010505940489655209,False,False,"[453, 374, 381, 352, 167]"
val/09951_Plantae_Tracheophyta_Polypodiopsida_Polypodiales_Nephrolepidaceae_Nephrolepis_cordifolia/990d7c15-d606-4df2-a576-2083930cf009.jpg,497,355,0.010301914868810052,False,False,"[355, 349, 331, 273, 264]"
val/09951_Plantae_Tracheophyta_Polypodiopsida_Polypodiales_Nephrolepidaceae_Nephrolepis_cordifolia/ada7f641-9728-4124-8764-466596a285ae.jpg,497,301,0.009365839890343126,False,False,"[301, 194, 338, 417, 23]"
val/09951_Plantae_Tracheophyta_Polypodiopsida_Polypodiales_Nephrolepidaceae_Nephrolepis_cordifolia/ba9d892b-c944-4af7-b2e7-889d5048505f.jpg,497,1,0.008988798239467802,False,False,"[1, 3, 437, 70, 294]"
val/09951_Plantae_Tracheophyta_Polypodiopsida_Polypodiales_Nephrolepidaceae_Nephrolepis_cordifolia/cfd89403-2a1f-4474-b0d1-eb903ced2630.jpg,497,408,0.008725720748005532,False,False,"[408, 475, 393, 442, 395]"
val/09951_Plantae_Tracheophyta_Polypodiopsida_Polypodiales_Nephrolepidaceae_Nephrolepis_cordifolia/d4162019-2c0b-4849-8b65-104f0f947dcf.jpg,497,197,0.022270700271758877,False,False,"[197, 246, 186, 18, 334]"
val/09951_Plantae_Tracheophyta_Polypodiopsida_Polypodiales_Nephrolepidaceae_Nephrolepis_cordifolia/f8f1883f-5c5b-4f52-a1ca-72adc290c501.jpg,497,410,0.00915863937028311,False,False,"[410, 392, 454, 436, 458]"
val/09951_Plantae_Tracheophyta_Polypodiopsida_Polypodiales_Nephrolepidaceae_Nephrolepis_cordifolia/f992256f-7f94-4fdb-93b8-3670512820b2.jpg,497,287,0.014885098992180499,False,False,"[287, 335, 387, 258, 362]"
val/09965_Plantae_Tracheophyta_Polypodiopsida_Polypodiales_Pteridaceae_Acrostichum_danaeifolium/0365b971-e9ef-41d6-a3ed-fb57788927a2.jpg,498,498,0.011738847667878262,True,True,"[498, 427, 321, 323, 438]"
val/09965_Plantae_Tracheophyta_Polypodiopsida_Polypodiales_Pteridaceae_Acrostichum_danaeifolium/2db90bd3-d8e3-4b9a-b267-ef656272272b.jpg,498,338,0.009193465206931917,False,False,"[338, 394, 309, 374, 357]"
val/09965_Plantae_Tracheophyta_Polypodiopsida_Polypodiales_Pteridaceae_Acrostichum_danaeifolium/3b32d2f4-8aca-4fbf-9441-ee441aa61609.jpg,498,453,0.010897317783764808,False,False,"[453, 351, 434, 388, 454]"
val/09965_Plantae_Tracheophyta_Polypodiopsida_Polypodiales_Pteridaceae_Acrostichum_danaeifolium/500d3a70-e619-4701-9ca8-9e6f821e379f.jpg,498,305,0.010011265197543716,False,False,"[305, 421, 308, 471, 318]"
val/09965_Plantae_Tracheophyta_Polypodiopsida_Polypodiales_Pteridaceae_Acrostichum_danaeifolium/6380aea8-bcd1-4f6e-b4ba-fd7e1aba229d.jpg,498,495,0.009566917562214517,False,False,"[495, 349, 493, 378, 418]"
val/09965_Plantae_Tracheophyta_Polypodiopsida_Polypodiales_Pteridaceae_Acrostichum_danaeifolium/7d226142-bfce-46b0-9ab1-54a5c5b02943.jpg,498,306,0.011466785510732503,False,False,"[306, 402, 286, 137, 202]"
val/09965_Plantae_Tracheophyta_Polypodiopsida_Polypodiales_Pteridaceae_Acrostichum_danaeifolium/b1bcf430-6712-4bb5-9838-ac8ad41092f5.jpg,498,413,0.009201367792209442,False,False,"[413, 218, 173, 327, 314]"
val/09965_Plantae_Tracheophyta_Polypodiopsida_Polypodiales_Pteridaceae_Acrostichum_danaeifolium/bd7ac085-3c80-44e6-a209-4bec74f8f74d.jpg,498,46,0.014329058336562962,False,False,"[46, 416, 318, 476, 290]"
val/09965_Plantae_Tracheophyta_Polypodiopsida_Polypodiales_Pteridaceae_Acrostichum_danaeifolium/c2be6d16-72fa-47b0-96cf-86266ce979d2.jpg,498,298,0.01595036195374726,False,False,"[298, 370, 378, 429, 356]"
val/09965_Plantae_Tracheophyta_Polypodiopsida_Polypodiales_Pteridaceae_Acrostichum_danaeifolium/dd481bcd-6660-4bf9-a27f-2c246f8c1a37.jpg,498,295,0.015686913412579342,False,False,"[295, 239, 222, 314, 218]"
val/09980_Plantae_Tracheophyta_Polypodiopsida_Polypodiales_Pteridaceae_Pellaea_glabella/259a71e1-839e-48de-81cd-5eeff0588a93.jpg,499,459,0.012078666449804033,False,False,"[459, 342, 369, 379, 255]"
val/09980_Plantae_Tracheophyta_Polypodiopsida_Polypodiales_Pteridaceae_Pellaea_glabella/33936008-e95d-45c2-b9cf-eb2f5a07375b.jpg,499,341,0.01765260619195906,False,False,"[341, 486, 402, 360, 348]"
val/09980_Plantae_Tracheophyta_Polypodiopsida_Polypodiales_Pteridaceae_Pellaea_glabella/427a3ccc-1789-4089-ba60-1fcf626b2ce6.jpg,499,98,0.009480799842386131,False,False,"[98, 476, 302, 270, 283]"
val/09980_Plantae_Tracheophyta_Polypodiopsida_Polypodiales_Pteridaceae_Pellaea_glabella/525a14a9-c020-4709-997d-7f420606c4b9.jpg,499,173,0.010302832745247481,False,False,"[173, 446, 315, 202, 11]"
val/09980_Plantae_Tracheophyta_Polypodiopsida_Polypodiales_Pteridaceae_Pellaea_glabella/53937b0a-3596-40ad-985a-852d53a35788.jpg,499,50,0.009353103778765668,False,False,"[50, 347, 112, 263, 217]"
val/09980_Plantae_Tracheophyta_Polypodiopsida_Polypodiales_Pteridaceae_Pellaea_glabella/8f67615e-0053-49f9-9b7e-d7fcf519506d.jpg,499,419,0.01079116382816485,False,True,"[419, 344, 410, 499, 450]"
val/09980_Plantae_Tracheophyta_Polypodiopsida_Polypodiales_Pteridaceae_Pellaea_glabella/91db2d1d-40f7-41b8-b5a2-c924ddc0c075.jpg,499,276,0.016787657700923525,False,False,"[276, 456, 173, 296, 250]"
val/09980_Plantae_Tracheophyta_Polypodiopsida_Polypodiales_Pteridaceae_Pellaea_glabella/94ccd7dc-2061-4b33-a382-4e73d55fcfeb.jpg,499,336,0.010377132707558578,False,False,"[336, 420, 425, 418, 455]"
val/09980_Plantae_Tracheophyta_Polypodiopsida_Polypodiales_Pteridaceae_Pellaea_glabella/acbdfca1-3a15-4ed1-9c2b-1c33212aa1a9.jpg,499,360,0.012146030803266816,False,False,"[360, 443, 291, 339, 434]"
val/09980_Plantae_Tracheophyta_Polypodiopsida_Polypodiales_Pteridaceae_Pellaea_glabella/cab94d47-cfbf-461c-8036-d139db57d665.jpg,499,356,0.015675524535711447,False,False,"[356, 327, 305, 311, 416]"
